LAND,BEZ,LOR_ab_2021,UJAHR,UMONAT,USTUNDE,UWOCHENTAG,UKATEGORIE,UART,UTYP1,ULICHTVERH,IstRad,IstPKW,IstFuss,IstKrad,IstGkfz,IstSonstige,USTRZUSTAND,lockdown
11,3,3701658.0,2021,11,18,2,3,0,3,2,0,1,0,1,0,0,1,0
11,7,7501134.0,2021,12,19,7,3,6,2,2,0,1,1,0,0,0,1,1
11,4,4100101.0,2021,12,17,4,3,5,2,2,0,1,0,0,0,0,0,1
11,4,4501041.0,2021,12,15,7,3,5,2,1,0,1,0,1,0,0,1,1
11,11,11501339.0,2021,12,9,5,3,3,6,0,0,1,0,0,0,1,2,1
11,1,1100308.0,2021,12,22,5,3,1,5,2,0,1,0,0,0,0,1,1
11,10,10200524.0,2021,12,5,1,3,1,5,2,0,1,0,0,0,0,2,1
11,7,7200409.0,2021,12,20,7,2,5,7,2,0,1,0,0,0,0,2,1
11,1,1300733.0,2021,11,22,3,3,2,6,2,0,1,0,0,0,0,1,0
11,2,2200208.0,2021,12,7,2,3,6,4,2,0,1,1,0,0,0,0,1
11,11,11100204.0,2021,12,19,3,3,2,2,2,0,1,0,0,0,0,1,1
11,7,7100205.0,2021,12,13,7,3,3,6,0,0,1,0,1,0,0,1,1
11,7,7200307.0,2021,12,10,3,3,6,7,0,0,0,1,0,0,1,0,1
11,7,7100101.0,2021,12,19,4,3,6,2,2,0,1,1,0,0,0,0,1
11,1,1100205.0,2021,12,19,4,3,5,7,2,0,1,0,0,0,0,0,1
11,7,7300516.0,2021,12,18,5,3,6,7,2,0,0,1,0,0,1,0,1
11,6,6400841.0,2021,12,7,5,3,6,2,2,0,1,1,0,0,0,0,1
11,6,6400839.0,2021,11,15,2,3,5,3,1,0,1,0,0,0,1,1,0
11,4,4500939.0,2021,12,18,4,3,5,2,1,1,1,0,0,0,0,0,1
11,9,9100306.0,2021,12,21,4,2,8,1,2,0,1,0,0,0,0,0,1
11,7,7300619.0,2021,12,17,2,3,5,2,2,0,1,0,1,0,0,1,1
11,4,4501042.0,2021,12,17,7,3,6,4,2,0,0,1,0,0,1,0,1
11,1,1100102.0,2021,11,18,3,3,0,6,2,0,1,0,1,0,0,1,0
11,9,9200715.0,2021,12,11,2,2,6,2,0,0,1,1,0,0,0,0,1
11,1,1100102.0,2021,12,9,2,3,0,5,0,1,1,0,0,0,0,1,1
11,3,3500934.0,2021,12,18,2,3,6,4,2,0,1,1,0,0,0,1,1
11,8,8100105.0,2021,12,19,4,3,2,6,2,0,1,0,0,0,0,0,1
11,11,11400929.0,2021,12,13,5,3,5,3,0,0,1,0,0,0,0,1,1
11,8,8300934.0,2021,12,18,5,3,5,2,2,0,1,0,0,0,1,1,1
11,10,10400835.0,2021,12,16,2,2,6,4,2,0,1,1,0,0,0,1,1
11,12,12601134.0,2021,12,15,2,3,0,7,1,0,1,0,0,0,1,0,1
11,12,12200308.0,2021,12,14,5,3,5,3,0,0,1,0,0,0,0,0,1
11,2,2300417.0,2021,12,13,3,3,3,6,0,0,1,0,0,0,1,0,1
11,5,5200629.0,2021,12,10,5,3,0,3,0,0,1,0,1,0,0,0,1
11,5,5200629.0,2021,12,11,6,3,5,2,0,0,1,0,0,0,0,0,1
11,1,1200522.0,2021,12,8,6,3,2,6,0,0,1,0,0,0,0,2,1
11,4,4501153.0,2021,12,17,2,3,6,4,2,0,1,1,0,0,0,0,1
11,6,6300524.0,2021,12,9,3,2,1,5,0,0,1,0,0,0,0,0,1
11,5,5100209.0,2021,12,18,4,3,5,2,2,1,1,0,0,0,0,0,1
11,12,12500930.0,2021,12,21,2,3,5,3,2,0,1,0,0,0,0,1,1
11,1,1100310.0,2021,12,12,6,3,1,5,0,1,1,0,0,0,0,0,1
11,3,3601451.0,2021,12,17,5,2,5,3,2,1,1,0,0,0,0,0,1
11,7,7300516.0,2021,12,18,3,3,5,2,2,1,1,0,0,0,0,0,1
11,6,6200311.0,2021,12,7,4,3,2,6,2,0,1,0,0,0,0,1,1
11,8,8200832.0,2021,12,18,6,3,5,2,2,0,1,0,1,0,0,0,1
11,8,8100102.0,2021,12,17,7,3,2,1,2,0,1,0,0,0,0,2,1
11,5,5100316.0,2021,12,16,3,3,0,1,2,1,0,0,0,0,0,0,1
11,9,9501940.0,2021,12,8,4,3,1,1,1,0,1,0,0,0,0,1,1
11,9,9300920.0,2021,12,17,3,3,6,4,2,0,1,1,0,0,0,0,1
11,6,6100102.0,2021,12,14,6,3,2,6,0,0,1,0,0,0,0,0,1
11,3,3501038.0,2021,12,14,5,2,6,4,0,1,0,1,0,0,0,0,1
11,1,1300836.0,2021,12,16,1,3,2,6,2,0,1,0,0,0,0,1,1
11,1,1401046.0,2021,11,20,3,2,6,2,2,0,0,1,0,0,1,1,0
11,8,8100208.0,2021,12,11,3,3,6,2,0,0,1,1,0,0,0,2,1
11,11,11200512.0,2021,12,16,2,3,5,3,1,1,1,0,0,0,0,1,1
11,2,2100106.0,2021,12,11,1,3,2,6,0,0,1,0,0,0,0,0,1
11,11,11501340.0,2021,12,12,5,3,1,5,0,1,1,0,0,0,0,0,1
11,8,8100521.0,2021,12,0,3,3,3,6,2,0,1,0,0,1,0,1,1
11,12,12500929.0,2021,12,13,7,3,0,7,0,0,1,0,0,0,1,1,1
11,6,6200422.0,2021,11,15,3,3,5,3,0,1,1,0,0,0,0,1,0
11,10,10100208.0,2021,12,5,2,3,6,2,2,0,1,1,0,0,0,1,1
11,2,2300417.0,2021,12,16,2,3,6,4,2,0,1,1,0,0,0,1,1
11,1,1100103.0,2021,12,15,3,3,2,1,0,0,1,0,0,0,0,1,1
11,6,6300527.0,2021,12,23,5,3,1,6,2,0,1,0,0,0,0,1,1
11,6,6300525.0,2021,12,11,2,2,2,6,0,0,1,0,0,0,0,1,1
11,1,1100207.0,2021,12,22,3,2,5,3,2,0,1,0,1,0,0,1,1
11,8,8100415.0,2021,12,7,4,2,6,2,2,0,1,1,0,0,0,1,1
11,9,9200716.0,2021,12,18,2,3,2,6,2,1,1,0,0,0,0,0,1
11,9,9100407.0,2021,12,7,5,3,1,5,1,0,1,0,0,0,1,1,1
11,1,1300835.0,2021,12,15,5,3,0,2,0,1,0,0,0,0,1,0,1
11,10,10100103.0,2021,12,8,6,3,5,3,0,0,1,0,0,0,0,2,1
11,1,1100310.0,2021,12,19,3,3,5,2,2,0,1,0,0,0,0,0,1
11,11,11300620.0,2021,12,8,5,3,5,7,1,0,1,0,0,0,1,0,1
11,8,8100521.0,2021,12,6,2,3,5,2,2,0,1,0,0,0,0,1,1
11,2,2100101.0,2021,12,9,4,3,6,2,0,0,1,1,0,0,0,0,1
11,9,9100306.0,2021,12,14,2,3,2,6,0,0,1,0,0,0,1,1,1
11,6,6300528.0,2021,12,14,5,3,6,4,0,0,1,1,0,0,0,0,1
11,12,12200412.0,2021,12,11,7,3,6,2,0,0,1,1,0,0,0,0,1
11,1,1100207.0,2021,11,19,2,3,2,6,1,0,1,0,0,0,0,1,0
11,11,11400930.0,2021,12,18,1,3,5,2,2,0,1,0,0,0,0,1,1
11,8,8401241.0,2021,12,19,4,3,5,3,2,0,1,0,0,0,1,1,1
11,11,11400929.0,2021,12,8,6,2,2,2,1,1,0,0,0,0,1,1,1
11,11,11300722.0,2021,12,16,2,3,6,4,2,0,1,1,0,0,0,1,1
11,1,1100308.0,2021,12,14,6,3,2,6,0,1,1,0,0,0,0,0,1
11,11,11300620.0,2021,12,18,6,3,6,2,2,0,1,1,0,0,0,1,1
11,2,2200210.0,2021,12,1,7,3,5,3,2,0,1,0,0,0,0,1,1
11,1,1300732.0,2021,12,22,7,3,2,6,2,0,1,0,0,0,1,0,1
11,11,11300722.0,2021,11,9,3,3,5,7,0,0,1,0,0,0,1,1,0
11,11,11400928.0,2021,12,16,2,3,6,7,2,1,0,1,0,0,0,0,1
11,1,1200623.0,2021,12,9,1,3,6,4,0,0,0,1,0,0,1,2,1
11,11,11300721.0,2021,11,7,3,2,3,6,2,0,0,0,1,0,1,1,0
11,10,10300733.0,2021,12,10,3,3,2,7,0,0,0,0,0,0,1,0,1
11,3,3200308.0,2021,12,12,1,2,0,7,0,0,1,0,0,0,0,1,1
11,1,1400938.0,2021,12,20,5,3,8,1,2,0,1,0,0,0,0,2,1
11,12,12601133.0,2021,12,17,6,3,0,4,2,0,0,1,0,0,1,1,1
11,3,3601245.0,2021,12,16,6,3,5,2,1,1,1,0,0,0,0,0,1
11,9,9501939.0,2021,12,13,7,3,6,4,0,0,1,1,0,0,0,0,1
11,4,4100102.0,2021,12,18,4,2,5,2,2,0,1,0,0,0,0,0,1
11,4,4200310.0,2021,12,14,2,3,6,7,0,0,1,1,0,0,0,0,1
11,1,1100101.0,2021,12,12,4,3,5,2,0,1,1,0,0,0,0,1,1
11,5,5100316.0,2021,12,11,7,3,2,6,0,0,1,0,0,0,0,1,1
11,1,1200522.0,2021,12,14,5,3,5,3,0,0,0,0,0,0,1,2,1
11,2,2300314.0,2021,12,5,2,2,6,4,2,0,1,1,0,0,0,1,1
11,1,1100102.0,2021,12,16,3,3,2,6,1,0,1,0,0,0,1,1,1
11,2,2500831.0,2021,12,19,4,3,5,3,2,1,1,0,0,0,0,1,1
11,6,6200316.0,2021,12,16,2,3,2,6,1,0,1,0,0,0,0,1,1
11,2,2200208.0,2021,12,14,5,3,1,5,0,1,1,0,0,0,0,0,1
11,2,2200212.0,2021,12,7,5,3,5,2,1,1,1,0,0,0,0,1,1
11,2,2400521.0,2021,12,22,7,3,2,2,2,0,1,0,0,0,0,1,1
11,7,7200413.0,2021,12,13,3,3,2,6,0,1,1,0,0,0,0,2,1
11,8,8401243.0,2021,12,17,4,3,5,3,1,0,1,0,0,0,1,1,1
11,1,1100103.0,2021,12,14,7,3,2,6,0,1,1,0,0,0,0,1,1
11,11,11100308.0,2021,12,19,6,3,0,1,2,0,0,0,1,0,0,1,1
11,4,4501148.0,2021,12,15,7,3,5,2,1,0,1,0,0,0,0,1,1
11,1,1400939.0,2021,12,16,6,2,6,4,1,0,1,1,0,0,0,0,1
11,3,3601450.0,2021,11,17,2,2,2,1,1,0,1,0,0,0,0,1,0
11,10,10400940.0,2021,12,11,2,3,2,6,0,0,1,0,0,0,1,0,1
11,1,1100103.0,2021,12,17,3,3,1,5,2,1,1,0,0,0,0,0,1
11,9,9502043.0,2021,12,23,1,3,1,5,2,0,1,0,0,0,0,1,1
11,4,4501146.0,2021,12,16,7,3,5,2,1,0,1,0,0,0,0,0,1
11,6,6100205.0,2021,12,18,3,3,5,2,2,0,1,0,0,0,1,1,1
11,10,10100311.0,2021,12,9,5,2,4,1,0,0,1,0,0,1,0,2,1
11,11,11400931.0,2021,12,14,5,3,5,3,0,0,1,0,0,0,0,1,1
11,3,3601245.0,2021,12,8,2,3,6,2,0,0,1,1,0,0,0,0,1
11,9,9100304.0,2021,12,21,1,3,5,2,2,1,1,0,0,0,0,0,1
11,1,1401046.0,2021,11,7,3,3,6,2,0,0,1,1,0,0,0,1,0
11,2,2400521.0,2021,12,17,2,3,0,2,2,1,0,0,0,0,1,0,1
11,11,11400927.0,2021,12,16,5,3,5,3,1,1,1,0,0,0,0,0,1
11,1,1300732.0,2021,12,19,7,3,6,2,2,0,1,1,0,0,0,0,1
11,9,9100306.0,2021,12,18,3,3,2,6,2,0,1,0,0,0,0,1,1
11,1,1100416.0,2021,12,23,4,2,3,6,2,0,1,0,0,0,0,1,1
11,3,3200204.0,2021,12,18,4,3,5,2,2,0,1,0,0,0,0,0,1
11,12,12601235.0,2021,12,21,5,3,6,2,2,0,1,1,0,0,0,0,1
11,8,8100310.0,2021,12,10,6,3,6,4,0,0,1,1,0,0,0,0,1
11,2,2500727.0,2021,12,13,5,3,5,3,0,1,1,0,0,0,0,0,1
11,4,4501045.0,2021,12,16,5,3,6,4,2,0,1,1,0,0,0,2,1
11,1,1100206.0,2021,12,14,1,3,2,7,0,1,1,0,0,0,0,0,1
11,4,4501153.0,2021,12,20,4,2,6,2,2,0,1,1,0,0,0,1,1
11,10,10200629.0,2021,12,15,5,3,6,4,0,0,1,1,0,0,0,0,1
11,8,8401242.0,2021,12,10,3,3,6,2,0,0,1,1,0,0,0,0,1
11,1,1200522.0,2021,12,7,5,2,6,4,1,0,0,1,0,0,1,0,1
11,3,3601348.0,2021,12,19,5,3,1,5,2,1,1,0,0,0,0,1,1
11,1,1300836.0,2021,12,17,7,3,5,2,1,0,1,0,0,0,0,0,1
11,2,2500728.0,2021,12,21,3,3,5,2,2,0,1,0,1,0,0,0,1
11,6,6300527.0,2021,12,19,4,3,6,2,2,0,1,1,0,0,0,1,1
11,4,4400833.0,2021,12,16,6,3,5,3,2,0,1,0,0,0,0,1,1
11,10,10100208.0,2021,12,13,6,3,5,3,0,1,1,0,0,0,0,0,1
11,2,2300316.0,2021,11,14,2,3,2,6,0,0,1,0,0,0,0,0,0
11,9,9300920.0,2021,12,23,7,3,0,4,2,0,0,1,0,0,1,1,1
11,6,6200311.0,2021,12,17,4,3,2,6,2,0,1,0,0,0,0,0,1
11,4,4501149.0,2021,12,16,2,3,5,2,2,1,1,0,0,0,0,1,1
11,4,4500939.0,2021,12,7,3,3,5,7,2,0,1,0,1,0,0,1,1
11,2,2300314.0,2021,12,21,5,3,5,3,2,1,1,0,0,0,0,1,1
11,3,3400725.0,2021,12,12,5,2,2,1,0,0,1,0,0,0,0,1,1
11,4,4501041.0,2021,12,14,2,3,0,7,0,1,1,0,0,0,0,0,1
11,5,5200632.0,2021,12,17,2,3,3,6,2,0,1,0,0,0,1,2,1
11,7,7400823.0,2021,12,18,4,3,1,5,2,1,1,0,0,0,0,1,1
11,3,3601243.0,2021,12,19,2,3,0,1,2,1,0,0,0,0,0,0,1
11,8,8100417.0,2021,12,17,3,3,6,7,1,0,1,1,0,0,0,1,1
11,6,6300526.0,2021,12,15,6,3,5,2,1,1,1,0,0,0,0,1,1
11,1,1200628.0,2021,12,8,2,3,2,6,0,0,1,0,0,0,0,1,1
11,5,5300737.0,2021,12,5,4,3,5,2,2,0,1,0,0,0,1,1,1
11,1,1100102.0,2021,12,12,7,3,6,6,0,1,0,1,0,0,0,1,1
11,12,12200412.0,2021,12,23,4,3,6,2,2,0,1,1,0,0,0,0,1
11,11,11200514.0,2021,12,18,5,3,6,2,2,0,1,1,0,0,0,0,1
11,4,4300622.0,2021,12,13,5,2,0,1,0,0,0,0,1,0,0,1,1
11,4,4300619.0,2021,11,9,2,3,2,2,0,0,1,0,0,0,0,1,0
11,4,4400728.0,2021,12,16,4,3,0,7,2,0,1,0,0,0,1,0,1
11,1,1300835.0,2021,12,20,4,3,2,6,2,0,1,0,0,0,0,1,1
11,6,6100209.0,2021,12,18,2,3,6,4,2,0,1,1,0,0,0,1,1
11,4,4200310.0,2021,12,17,6,3,0,1,2,0,0,0,1,0,0,0,1
11,8,8100208.0,2021,11,8,3,3,5,3,0,0,1,0,0,0,0,1,0
11,9,9501737.0,2021,12,15,2,3,5,3,0,1,1,0,0,0,0,0,1
11,11,11300619.0,2021,12,18,2,3,2,2,1,0,1,0,0,0,1,1,1
11,7,7601339.0,2021,11,16,2,2,6,4,2,0,1,1,0,0,0,1,0
11,4,4400835.0,2021,12,11,3,3,5,2,0,1,1,0,0,0,0,0,1
11,4,4501045.0,2021,12,20,5,3,2,6,2,1,1,0,0,0,0,1,1
11,10,10400940.0,2021,12,0,7,3,3,6,2,0,1,0,0,0,0,1,1
11,8,8100415.0,2021,11,12,3,3,5,7,0,0,1,0,0,0,0,1,0
11,2,2400521.0,2021,12,8,2,3,0,1,0,1,0,0,0,0,0,2,1
11,2,2200208.0,2021,12,12,2,3,2,6,0,0,1,0,0,0,0,1,1
11,1,1300730.0,2021,12,17,3,3,6,2,2,0,1,1,0,0,0,1,1
11,6,6200419.0,2021,12,18,4,2,5,3,2,0,1,0,0,0,0,0,1
11,2,2100106.0,2021,12,0,5,3,5,2,2,0,1,0,0,0,0,0,1
11,8,8200726.0,2021,12,15,2,3,2,7,1,0,1,0,0,0,0,0,1
11,7,7501031.0,2021,12,14,7,3,2,2,0,0,1,0,0,0,0,0,1
11,11,11501341.0,2021,12,18,4,3,2,6,2,0,1,0,0,0,0,1,1
11,1,1100207.0,2021,12,15,3,3,5,2,0,1,1,0,0,0,0,0,1
11,11,11100309.0,2021,12,19,5,3,6,4,2,0,1,1,0,0,0,0,1
11,4,4300623.0,2021,12,12,6,3,0,1,0,0,0,0,1,0,0,2,1
11,6,6200315.0,2021,12,17,3,3,2,6,2,0,1,0,0,0,0,0,1
11,4,4501042.0,2021,12,16,7,3,3,6,1,0,1,0,0,0,0,1,1
11,11,11200411.0,2021,12,12,4,3,5,2,0,1,1,0,0,0,0,1,1
11,7,7501030.0,2021,12,18,3,3,3,6,0,0,1,0,0,1,0,0,1
11,3,3200308.0,2021,12,11,6,3,5,2,0,0,1,0,0,0,0,0,1
11,7,7601442.0,2021,12,18,1,3,5,2,2,0,1,0,0,0,0,1,1
11,7,7601341.0,2021,11,18,3,3,2,6,2,0,1,0,0,1,0,1,0
11,2,2200208.0,2021,12,14,3,3,6,2,0,0,1,1,0,0,0,0,1
11,9,9200614.0,2021,12,3,1,3,0,7,2,0,1,0,0,0,0,2,1
11,11,11100308.0,2021,12,14,5,2,6,4,0,0,0,1,0,0,1,0,1
11,7,7400823.0,2021,12,16,6,3,5,2,2,0,1,0,1,0,0,0,1
11,4,4400833.0,2021,12,11,6,3,2,2,0,0,1,0,0,0,0,1,1
11,9,9401432.0,2021,12,9,6,3,3,6,0,1,1,0,0,0,0,1,1
11,12,12100205.0,2021,12,10,4,3,5,2,0,0,1,0,0,0,0,1,1
11,8,8200726.0,2021,12,17,7,3,6,4,1,1,0,1,0,0,0,1,1
11,2,2100102.0,2021,12,23,3,3,5,3,2,0,1,0,0,0,0,1,1
11,3,3601141.0,2021,12,12,5,3,3,6,0,1,0,0,0,0,0,1,1
11,4,4200308.0,2021,12,15,2,3,5,2,2,0,1,0,0,0,0,0,1
11,10,10200629.0,2021,12,0,3,3,5,2,2,0,1,0,0,0,0,0,1
11,4,4501041.0,2021,12,16,4,3,5,3,1,0,1,0,0,0,0,1,1
11,6,6400735.0,2021,12,14,2,3,5,3,0,1,1,0,0,0,0,0,1
11,1,1100309.0,2021,12,19,4,3,5,7,2,1,1,0,0,0,0,1,1
11,5,5100316.0,2021,12,7,5,3,5,2,2,0,1,0,0,0,0,1,1
11,11,11200410.0,2021,12,12,6,3,5,7,0,0,1,0,0,0,0,1,1
11,1,1100309.0,2021,12,14,3,3,5,3,0,0,1,0,0,0,0,0,1
11,6,6200317.0,2021,12,12,5,3,5,3,0,0,1,0,0,0,0,1,1
11,4,4200308.0,2021,12,14,4,3,1,5,0,1,1,0,0,0,0,0,1
11,5,5300736.0,2021,12,7,7,2,1,1,1,0,1,0,0,0,0,1,1
11,10,10200627.0,2021,12,7,4,3,5,7,0,1,0,0,0,0,1,0,1
11,4,4501042.0,2021,12,21,5,3,2,6,2,0,1,0,0,0,0,1,1
11,11,11300618.0,2021,12,17,2,3,2,6,2,0,1,0,0,0,0,1,1
11,8,8200624.0,2021,12,0,7,3,5,3,2,0,1,0,0,0,0,2,1
11,11,11100205.0,2021,12,6,4,2,6,4,2,0,1,1,0,0,0,1,1
11,4,4501043.0,2021,12,9,3,3,1,5,0,1,1,0,0,0,0,0,1
11,1,1200623.0,2021,12,13,2,3,5,3,0,1,0,0,0,0,1,1,1
11,7,7400927.0,2021,12,17,5,3,2,6,2,0,1,0,0,0,0,0,1
11,5,5100316.0,2021,12,22,6,3,5,3,2,1,1,0,0,0,0,1,1
11,9,9200819.0,2021,12,20,2,3,0,1,2,1,0,0,0,0,0,1,1
11,6,6200311.0,2021,12,17,7,3,2,6,1,0,1,0,0,0,0,1,1
11,3,3601453.0,2021,12,10,3,3,5,3,0,0,1,0,0,0,0,0,1
11,5,5300735.0,2021,12,8,4,2,5,2,0,0,1,0,0,0,0,0,1
11,1,1400937.0,2021,12,16,7,3,6,2,1,0,1,1,0,0,0,1,1
11,8,8100314.0,2021,12,14,5,3,5,3,0,1,1,0,0,0,0,0,1
11,4,4400835.0,2021,11,14,2,3,1,5,0,1,1,0,0,0,0,1,0
11,1,1100207.0,2021,12,6,3,3,5,3,2,0,1,0,0,0,1,1,1
11,3,3501038.0,2021,12,15,1,3,1,5,1,1,1,0,0,0,0,0,1
11,1,1300733.0,2021,12,17,6,3,5,3,2,0,1,0,0,0,0,1,1
11,7,7200411.0,2021,12,13,3,3,5,2,0,1,0,0,0,0,1,1,1
11,5,5200629.0,2021,12,18,6,3,6,4,2,0,1,1,0,0,0,1,1
11,6,6300632.0,2021,12,19,1,3,1,5,2,0,1,0,0,0,0,1,1
11,7,7601339.0,2021,12,19,1,3,6,2,2,0,1,1,0,0,0,0,1
11,1,1300733.0,2021,11,22,3,3,6,4,2,0,0,1,0,0,1,1,0
11,9,9200510.0,2021,12,10,2,3,5,2,0,1,1,0,0,0,0,0,1
11,12,12601235.0,2021,12,8,5,3,6,2,0,0,0,1,0,0,1,1,1
11,10,10100311.0,2021,12,5,5,3,3,6,2,0,1,0,0,0,1,0,1
11,7,7601237.0,2021,12,16,1,3,6,2,2,0,1,1,0,0,0,1,1
11,6,6400843.0,2021,12,20,3,3,1,7,2,0,1,0,0,0,0,1,1
11,4,4100101.0,2021,12,13,7,3,5,2,0,0,1,0,0,0,0,1,1
11,1,1100308.0,2021,12,8,5,3,1,5,0,1,1,0,0,0,0,0,1
11,1,1200625.0,2021,12,6,4,3,5,3,2,1,0,0,0,0,1,2,1
11,8,8100521.0,2021,12,17,5,3,2,2,2,0,1,0,0,0,1,0,1
11,4,4200205.0,2021,12,9,5,3,2,2,0,0,1,0,0,0,0,1,1
11,1,1200623.0,2021,12,16,6,3,6,2,1,0,1,1,0,0,0,1,1
11,1,1100205.0,2021,12,11,2,3,5,2,0,1,1,0,0,0,0,0,1
11,10,10200630.0,2021,12,16,4,3,6,4,1,0,1,1,0,0,0,1,1
11,8,8100415.0,2021,12,16,2,3,3,6,1,0,1,0,0,1,0,1,1
11,2,2500727.0,2021,12,23,4,2,1,5,2,0,1,0,0,0,1,0,1
11,1,1300730.0,2021,12,17,6,2,5,5,2,0,1,0,0,0,0,0,1
11,4,4200308.0,2021,11,10,2,3,5,2,0,0,1,0,0,0,0,0,0
11,9,9301126.0,2021,12,23,1,3,5,3,2,0,1,0,0,0,1,1,1
11,3,3400830.0,2021,12,8,4,3,0,5,0,1,1,0,0,0,0,0,1
11,1,1200520.0,2021,12,20,7,3,6,4,2,0,0,1,0,0,1,1,1
11,1,1400937.0,2021,12,15,2,3,5,3,0,1,1,0,0,0,0,1,1
11,12,12100205.0,2021,12,12,4,3,1,5,0,0,1,0,0,0,1,0,1
11,1,1100309.0,2021,12,15,7,3,0,1,1,1,0,0,0,0,0,1,1
11,10,10200629.0,2021,12,12,5,3,5,2,0,0,1,0,0,0,0,0,1
11,3,3701555.0,2021,11,9,2,3,5,3,0,0,1,0,0,0,1,1,0
11,12,12500926.0,2021,12,19,1,3,6,4,2,0,1,1,0,0,0,1,1
11,2,2200208.0,2021,12,16,4,3,5,2,2,1,1,0,0,0,0,0,1
11,7,7100101.0,2021,12,16,6,3,6,2,2,0,1,1,0,0,0,1,1
11,10,10100206.0,2021,12,18,3,2,6,2,2,0,1,1,0,0,0,1,1
11,1,1401049.0,2021,12,22,6,2,0,1,2,0,1,0,0,1,0,1,1
11,4,4100101.0,2021,12,9,6,3,5,2,0,0,1,0,0,0,0,0,1
11,7,7400720.0,2021,12,13,2,3,6,7,0,0,0,1,0,0,1,1,1
11,4,4200310.0,2021,11,11,3,3,5,3,0,0,1,0,0,0,1,1,0
11,5,5100209.0,2021,12,13,2,3,6,7,0,0,1,1,0,0,0,0,1
11,6,6300633.0,2021,12,13,4,3,5,7,0,1,0,0,0,0,1,0,1
11,1,1100207.0,2021,12,12,4,3,5,3,0,1,1,0,0,0,0,0,1
11,5,5100316.0,2021,12,8,2,3,2,6,0,0,1,0,1,0,0,0,1
11,1,1300834.0,2021,12,23,4,3,1,5,2,1,1,0,0,0,0,1,1
11,6,6100103.0,2021,12,15,7,3,6,7,0,0,1,1,0,0,0,1,1
11,1,1100103.0,2021,12,12,4,3,2,6,0,0,1,0,0,0,0,0,1
11,2,2500832.0,2021,12,14,5,3,3,6,0,1,1,0,0,0,0,1,1
11,1,1100312.0,2021,12,6,6,3,2,2,2,0,1,0,0,0,0,0,1
11,6,6100204.0,2021,11,12,2,3,1,1,0,0,1,0,0,0,1,1,0
11,9,9200613.0,2021,12,13,3,2,6,7,0,1,0,1,0,0,0,0,1
11,1,1401047.0,2021,12,15,5,3,6,2,2,0,1,1,0,0,0,1,1
11,6,6100102.0,2021,12,16,6,3,6,7,2,0,1,1,0,0,0,1,1
11,8,8300934.0,2021,12,16,6,3,0,2,2,0,1,0,0,0,1,0,1
11,5,5100315.0,2021,12,18,4,3,5,2,2,0,1,0,0,0,1,1,1
11,3,3601141.0,2021,12,15,1,3,2,6,1,0,1,0,0,0,0,1,1
11,2,2100104.0,2021,12,18,2,3,0,6,2,0,1,0,1,0,0,1,1
11,6,6200421.0,2021,12,16,3,3,1,5,1,1,1,0,0,0,0,1,1
11,1,1200517.0,2021,12,21,5,3,0,7,2,0,0,0,0,0,1,0,1
11,5,5400943.0,2021,12,10,5,3,5,3,0,1,1,0,0,0,0,1,1
11,12,12601235.0,2021,12,10,2,3,5,3,0,0,1,0,0,0,0,1,1
11,1,1300733.0,2021,12,7,2,3,6,2,1,0,1,1,0,0,0,1,1
11,12,12100205.0,2021,12,17,5,3,5,2,2,0,1,0,0,0,0,0,1
11,5,5200524.0,2021,12,18,3,3,2,6,2,0,1,0,0,0,0,0,1
11,7,7100103.0,2021,12,14,4,3,2,2,0,0,1,0,0,0,0,0,1
11,5,5200423.0,2021,12,17,7,3,2,6,1,0,1,0,0,0,0,0,1
11,3,3701660.0,2021,12,10,3,1,3,6,0,1,0,0,0,1,0,1,1
11,10,10100104.0,2021,12,13,4,2,6,4,0,0,1,1,0,0,0,1,1
11,7,7501133.0,2021,12,19,4,3,5,3,2,0,1,0,0,0,0,0,1
11,12,12200515.0,2021,12,11,6,3,5,2,0,0,1,0,0,0,0,0,1
11,11,11501238.0,2021,12,23,1,2,8,1,2,0,1,0,0,0,0,1,1
11,5,5200527.0,2021,12,22,6,2,6,4,2,0,1,1,0,0,0,1,1
11,1,1200517.0,2021,12,7,4,3,6,4,1,0,1,1,0,0,0,1,1
11,7,7300516.0,2021,12,15,3,2,0,6,0,0,1,0,0,0,1,0,1
11,5,5200629.0,2021,12,12,3,3,6,4,0,0,1,1,0,0,0,0,1
11,4,4501041.0,2021,12,23,7,3,5,2,2,0,1,0,0,0,0,0,1
11,1,1300834.0,2021,12,6,3,3,2,2,2,0,1,0,0,0,0,0,1
11,2,2200211.0,2021,12,23,3,3,0,1,2,0,0,0,1,0,0,2,1
11,2,2400520.0,2021,12,20,3,3,4,6,2,1,1,0,0,0,0,0,1
11,12,12200309.0,2021,12,14,2,3,2,6,0,0,1,0,0,1,0,1,1
11,2,2200213.0,2021,12,13,6,2,0,1,0,1,1,0,0,0,0,0,1