LAND,BEZ,LOR_ab_2021,UJAHR,UMONAT,USTUNDE,UWOCHENTAG,UKATEGORIE,UART,UTYP1,ULICHTVERH,IstRad,IstPKW,IstFuss,IstKrad,IstGkfz,IstSonstige,USTRZUSTAND,lockdown
11,6,6100208.0,2021,10,12,3,3,2,6,0,0,1,0,0,0,0,1,0
11,1,1401046.0,2021,10,9,4,3,5,3,0,1,1,0,0,0,0,0,0
11,1,1300834.0,2021,11,18,7,3,6,2,2,0,1,1,0,0,0,1,0
11,3,3400619.0,2021,11,18,2,3,0,3,2,0,1,0,1,0,0,1,0
11,1,1200520.0,2021,11,11,3,3,2,3,0,1,1,0,0,0,0,1,0
11,6,6400842.0,2021,11,14,6,3,6,4,0,1,0,1,0,0,0,0,0
11,5,5200423.0,2021,10,13,7,3,6,7,0,0,1,1,0,0,0,0,0
11,11,11401033.0,2021,10,11,7,3,6,4,0,0,0,1,0,0,1,0,0
11,2,2100101.0,2021,11,17,3,3,5,2,2,0,1,0,0,0,1,0,0
11,6,6400838.0,2021,11,13,5,3,6,4,0,0,0,1,0,0,1,0,0
11,5,5100105.0,2021,10,15,6,3,2,6,0,0,1,0,0,0,0,0,0
11,5,5100315.0,2021,10,11,6,2,2,4,0,0,1,1,0,0,0,0,0
11,2,2400521.0,2021,10,21,3,3,5,2,2,0,1,0,0,0,1,1,0
11,12,12500928.0,2021,10,18,3,3,0,3,2,0,1,0,1,0,0,0,0
11,11,11501238.0,2021,11,9,4,3,5,3,0,1,1,0,0,0,0,0,0
11,12,12200309.0,2021,11,18,3,3,2,2,1,0,1,0,1,0,0,1,0
11,1,1300834.0,2021,10,13,4,3,2,2,0,0,1,0,1,0,0,0,0
11,1,1200627.0,2021,10,9,6,3,0,7,0,0,1,0,1,0,0,0,0
11,12,12200309.0,2021,10,0,2,3,1,1,2,0,1,0,0,0,0,1,0
11,4,4300517.0,2021,11,13,6,3,3,6,0,0,1,0,0,0,0,1,0
11,6,6200313.0,2021,11,18,1,3,6,2,2,0,1,1,0,0,0,1,0
11,8,8100208.0,2021,11,17,4,2,0,4,2,1,0,1,0,0,0,0,0
11,12,12500824.0,2021,11,13,3,2,6,4,0,0,1,1,0,0,0,0,0
11,7,7601339.0,2021,10,12,6,3,5,2,0,1,1,0,0,0,0,0,0
11,12,12200412.0,2021,10,13,5,3,5,7,0,0,1,0,1,0,0,0,0
11,6,6400735.0,2021,10,15,1,3,5,7,0,1,1,0,0,0,0,0,0
11,5,5100317.0,2021,10,6,1,3,2,6,0,0,1,0,0,0,0,0,0
11,4,4200311.0,2021,11,10,4,3,2,6,0,0,1,0,0,0,0,0,0
11,11,11401136.0,2021,11,10,6,3,5,2,0,0,1,0,0,0,1,0,0
11,1,1100310.0,2021,10,16,3,3,6,4,0,1,0,1,0,0,0,1,0
11,9,9100101.0,2021,10,9,5,3,5,3,0,1,0,0,0,0,0,0,0
11,4,4400728.0,2021,11,9,6,3,5,7,0,0,1,0,1,0,0,0,0
11,5,5300840.0,2021,11,20,4,3,2,6,2,0,1,0,0,0,0,0,0
11,12,12200310.0,2021,10,18,4,2,0,1,0,0,0,0,1,0,0,0,0
11,7,7400721.0,2021,10,5,7,3,9,1,2,0,0,0,1,0,0,1,0
11,4,4500937.0,2021,10,12,6,3,1,5,0,1,1,0,0,0,0,0,0
11,1,1100310.0,2021,11,9,3,2,5,3,0,1,0,0,0,0,1,1,0
11,1,1300835.0,2021,11,17,5,3,6,4,1,0,1,1,0,0,0,1,0
11,6,6400844.0,2021,11,13,3,3,3,6,0,0,1,0,0,0,1,0,0
11,4,4501045.0,2021,10,21,7,3,0,3,0,0,1,0,0,0,1,0,0
11,11,11501341.0,2021,10,14,5,3,5,3,0,0,1,0,1,0,0,0,0
11,12,12601235.0,2021,10,7,3,3,5,2,2,1,1,0,0,0,0,0,0
11,7,7100205.0,2021,11,16,2,3,2,6,1,0,1,0,0,0,0,1,0
11,1,1300730.0,2021,11,8,5,3,0,2,0,1,1,0,0,0,0,0,0
11,1,1100313.0,2021,11,19,1,3,5,2,2,1,1,0,0,0,0,1,0
11,1,1100205.0,2021,10,6,3,3,5,3,0,0,1,0,0,0,1,1,0
11,11,11400929.0,2021,11,17,7,3,5,2,2,0,1,0,1,0,0,1,0
11,6,6400843.0,2021,11,9,2,3,5,3,0,0,1,0,0,0,0,1,0
11,3,3100103.0,2021,10,8,5,3,1,5,0,0,1,0,0,1,0,0,0
11,12,12200307.0,2021,10,17,6,3,5,2,1,0,1,0,0,0,0,1,0
11,8,8100209.0,2021,10,15,2,3,5,2,0,1,1,0,0,0,0,0,0
11,8,8100104.0,2021,10,13,6,3,4,6,0,1,0,0,0,0,1,0,0
11,5,5300737.0,2021,11,8,4,3,5,3,0,1,1,0,0,0,0,0,0
11,10,10400938.0,2021,11,9,5,3,5,3,0,1,0,0,0,0,1,0,0
11,10,10300733.0,2021,10,17,6,3,2,6,0,0,1,0,0,0,0,0,0
11,5,5300840.0,2021,10,15,3,3,4,6,0,0,1,0,0,0,1,0,0
11,7,7601236.0,2021,10,18,3,3,5,3,2,0,1,0,0,0,0,1,0
11,1,1300835.0,2021,10,8,2,3,5,2,0,1,1,0,0,0,0,0,0
11,1,1300835.0,2021,11,8,2,3,5,2,0,1,1,0,0,0,0,0,0
11,4,4300517.0,2021,10,15,4,3,5,3,0,1,1,0,0,0,0,0,0
11,1,1400942.0,2021,10,15,4,3,5,2,0,0,1,0,0,0,0,0,0
11,1,1401043.0,2021,11,18,7,3,0,1,2,1,0,0,0,0,0,0,0
11,1,1401047.0,2021,11,9,3,3,5,3,0,1,1,0,0,0,0,1,0
11,3,3200207.0,2021,11,21,7,3,1,5,2,0,1,0,1,0,0,0,0
11,9,9200715.0,2021,10,11,1,3,2,2,0,0,1,0,0,0,0,0,0
11,8,8200730.0,2021,10,13,7,2,1,5,0,0,0,0,1,0,1,0,0
11,8,8100314.0,2021,11,22,5,3,5,3,2,0,1,0,0,0,0,1,0
11,9,9200613.0,2021,11,19,5,3,2,6,2,0,1,0,0,0,0,0,0
11,3,3701659.0,2021,10,9,2,3,6,7,0,0,1,1,0,0,0,0,0
11,11,11300722.0,2021,10,7,4,3,5,2,0,1,1,0,0,0,0,0,0
11,2,2400623.0,2021,11,11,5,3,5,2,0,1,1,0,0,0,0,0,0
11,4,4400835.0,2021,11,11,3,3,5,2,0,0,1,0,1,0,0,1,0
11,6,6200317.0,2021,10,13,5,3,5,3,0,0,1,0,0,0,1,0,0
11,3,3400721.0,2021,10,15,5,3,1,5,0,1,1,0,0,0,0,1,0
11,1,1100312.0,2021,10,15,2,3,1,5,0,1,1,0,0,0,0,0,0
11,5,5100314.0,2021,11,14,6,3,5,3,0,0,1,0,1,0,0,1,0
11,4,4501043.0,2021,11,7,2,3,1,5,0,0,1,0,1,0,0,1,0
11,7,7601341.0,2021,11,13,5,2,6,4,0,0,1,1,0,0,0,1,0
11,6,6400838.0,2021,11,8,2,3,5,3,0,0,1,0,0,0,0,1,0
11,3,3400724.0,2021,10,12,7,3,2,6,0,1,1,0,0,0,0,0,0
11,10,10300734.0,2021,10,12,5,3,5,2,0,0,1,0,0,0,0,0,0
11,5,5100314.0,2021,10,10,2,3,2,6,0,0,1,0,0,0,0,0,0
11,5,5300736.0,2021,10,21,4,3,5,2,2,0,1,0,0,0,0,0,0
11,4,4501149.0,2021,11,13,7,3,5,2,0,1,1,0,0,0,0,0,0
11,9,9200715.0,2021,11,9,2,3,5,3,0,1,1,0,0,0,0,1,0
11,11,11300620.0,2021,11,19,3,3,5,2,2,0,1,0,0,0,0,0,0
11,1,1200517.0,2021,11,16,2,3,5,3,0,0,1,0,0,0,0,0,0
11,5,5400944.0,2021,10,8,7,3,7,7,0,1,0,0,0,0,0,0,0
11,1,1100207.0,2021,10,11,7,2,5,2,0,0,1,0,1,0,0,0,0
11,5,5100209.0,2021,11,20,3,3,5,3,2,1,1,0,0,0,0,1,0
11,8,2200212.0,2021,11,19,5,3,0,6,2,0,1,0,1,0,0,1,0
11,2,2200209.0,2021,10,5,1,3,9,7,2,0,1,0,0,0,0,0,0
11,4,4200311.0,2021,10,7,4,3,5,2,0,0,1,0,0,0,0,0,0
11,4,4100101.0,2021,10,12,3,3,5,2,0,0,1,0,0,0,0,0,0
11,3,3300412.0,2021,11,10,5,3,1,5,0,1,1,0,0,0,0,0,0
11,6,6400844.0,2021,11,7,3,3,1,5,0,1,1,0,0,0,0,1,0
11,6,6300528.0,2021,10,10,4,3,5,3,0,1,1,0,0,0,0,0,0
11,4,4200310.0,2021,10,10,5,3,2,7,0,0,1,0,1,0,0,1,0
11,1,1100101.0,2021,11,20,7,3,5,2,2,0,1,0,0,0,1,0,0
11,10,10300734.0,2021,11,22,1,3,4,6,2,0,1,0,0,0,0,1,0
11,2,2200211.0,2021,11,16,4,3,6,4,1,0,0,1,0,0,1,0,0
11,8,8100417.0,2021,11,17,3,3,1,5,1,1,0,0,0,0,1,0,0
11,1,1300834.0,2021,10,15,7,3,6,4,0,1,0,1,0,0,0,0,0
11,9,9200716.0,2021,10,14,4,2,0,3,0,1,1,0,0,0,0,0,0
11,5,5400943.0,2021,10,6,1,2,8,1,2,0,1,0,0,0,0,0,0
11,3,3501037.0,2021,10,15,1,3,2,1,0,1,0,0,0,0,0,0,0
11,12,12100204.0,2021,11,7,4,3,2,3,0,0,1,0,0,0,1,0,0
11,3,3601142.0,2021,11,18,5,3,5,2,2,1,0,0,1,0,0,1,0
11,5,5300735.0,2021,10,15,2,3,5,3,0,0,1,0,0,0,1,0,0
11,2,2500830.0,2021,10,20,4,3,5,2,2,1,1,0,0,0,0,0,0
11,6,6200312.0,2021,11,17,6,2,6,4,1,0,1,1,0,0,0,0,0
11,1,1401049.0,2021,11,9,4,3,5,3,0,1,1,0,0,0,0,1,0
11,5,5100315.0,2021,10,18,4,3,6,4,1,0,1,1,0,0,0,0,0
11,1,1100310.0,2021,10,23,5,3,5,3,2,0,1,0,0,0,0,0,0
11,8,8200729.0,2021,10,21,6,3,1,7,2,0,1,0,0,0,0,1,0
11,9,9200717.0,2021,10,21,1,3,5,2,2,1,1,0,0,0,0,1,0
11,7,7601341.0,2021,10,12,6,3,2,6,0,0,1,0,1,0,0,0,0
11,4,4400833.0,2021,11,18,2,2,6,2,2,0,1,1,0,0,0,0,0
11,11,11400931.0,2021,11,14,5,3,0,3,0,0,1,0,1,0,0,1,0
11,3,3501038.0,2021,11,14,4,3,5,2,0,0,1,0,0,0,1,0,0
11,3,3200204.0,2021,10,18,1,3,2,2,1,0,1,0,1,0,0,0,0
11,9,9501737.0,2021,10,15,5,3,1,5,0,0,1,0,0,0,0,0,0
11,1,1100310.0,2021,10,7,3,3,5,3,0,1,1,0,0,0,0,0,0
11,8,8100419.0,2021,11,13,2,3,6,4,0,0,1,1,0,0,0,1,0
11,6,6100206.0,2021,11,11,7,2,5,7,0,1,1,0,0,0,0,0,0
11,6,6200313.0,2021,11,7,2,3,2,6,0,0,1,0,0,0,0,1,0
11,9,9301024.0,2021,10,11,3,3,2,7,0,0,1,0,0,0,1,0,0
11,2,2300315.0,2021,11,18,7,3,5,3,2,1,1,0,0,0,0,1,0
11,11,11200411.0,2021,11,22,2,2,6,6,2,1,0,1,0,0,0,1,0
11,4,4500939.0,2021,11,15,2,3,6,4,0,0,1,1,0,0,0,1,0
11,1,1100206.0,2021,10,14,6,3,6,2,0,0,1,1,0,0,0,0,0
11,2,2100101.0,2021,10,17,6,3,5,2,0,1,0,0,0,0,1,1,0
11,11,11200410.0,2021,10,12,2,3,5,2,0,0,1,0,0,0,0,0,0
11,7,7400927.0,2021,10,16,6,3,5,2,0,0,1,0,1,0,0,0,0
11,3,3601450.0,2021,11,17,3,2,6,7,2,0,1,1,0,0,0,0,0
11,6,6100207.0,2021,11,16,5,2,5,3,1,1,1,0,0,0,0,1,0
11,9,9301025.0,2021,10,9,7,2,6,4,0,0,1,1,0,0,0,0,0
11,3,3300516.0,2021,10,15,3,2,2,6,0,0,1,0,0,0,1,0,0
11,12,12400619.0,2021,10,17,3,2,4,6,0,1,0,0,0,0,0,0,0
11,7,7200307.0,2021,10,21,2,3,5,3,2,1,1,0,0,0,0,1,0
11,11,11401137.0,2021,11,18,3,3,3,6,1,0,1,0,0,0,0,0,0
11,5,5200629.0,2021,10,15,4,2,6,4,0,0,1,1,0,0,0,0,0
11,4,4200309.0,2021,10,16,4,3,2,6,0,0,1,0,1,0,0,0,0
11,6,6100207.0,2021,11,10,6,3,5,3,0,0,1,0,0,0,0,1,0
11,3,3601245.0,2021,11,17,1,2,5,3,2,0,1,0,1,0,0,1,0
11,1,1200623.0,2021,11,9,5,3,5,2,0,0,1,0,0,0,0,1,0
11,1,1200629.0,2021,11,12,7,3,5,2,0,1,1,0,0,0,0,0,0
11,1,1100308.0,2021,10,16,1,3,9,1,1,0,1,0,0,0,0,0,0
11,9,9501941.0,2021,10,19,7,3,4,6,2,1,0,0,0,0,0,0,0
11,5,5400943.0,2021,11,12,5,3,2,7,0,0,1,0,0,0,0,0,0
11,4,4200308.0,2021,11,9,6,3,5,3,0,0,1,0,0,0,0,0,0
11,6,6200312.0,2021,10,21,7,3,1,7,2,0,1,0,0,0,1,0,0
11,9,9200512.0,2021,10,18,4,3,5,2,1,1,1,0,0,0,0,0,0
11,12,12500825.0,2021,11,16,5,3,2,6,1,0,1,0,0,0,0,0,0
11,3,3400724.0,2021,11,8,3,2,5,2,0,1,1,0,0,0,0,1,0
11,8,8401243.0,2021,10,15,5,3,5,3,0,0,1,0,0,0,0,0,0
11,3,3601450.0,2021,10,10,5,3,0,1,0,0,0,0,1,0,0,1,0
11,4,4400830.0,2021,10,15,6,3,0,1,0,0,0,0,1,0,0,1,0
11,9,9501736.0,2021,11,23,1,2,9,1,2,0,1,0,0,0,0,1,0
11,7,7400822.0,2021,11,18,5,3,2,6,2,0,1,0,0,0,0,1,0
11,1,1300732.0,2021,11,17,3,3,0,3,1,1,1,0,0,0,0,0,0
11,8,8100207.0,2021,10,15,6,3,5,7,0,0,1,0,0,0,0,0,0
11,4,4501146.0,2021,10,11,5,3,3,6,0,1,1,0,0,0,0,0,0
11,11,11100204.0,2021,10,7,2,3,6,4,1,0,1,1,0,0,0,0,0
11,10,10200422.0,2021,10,14,1,3,5,3,0,1,0,0,0,0,0,0,0
11,7,7501029.0,2021,11,22,5,3,2,6,2,0,1,0,0,0,1,1,0
11,5,5300736.0,2021,11,4,7,3,0,1,2,0,0,0,0,0,1,0,0
11,6,6200422.0,2021,10,10,2,3,2,6,0,0,1,0,0,1,0,0,0
11,7,7400822.0,2021,10,9,5,3,5,2,0,0,1,0,1,0,0,0,0
11,1,1200519.0,2021,11,0,6,3,0,7,2,1,0,0,0,0,0,1,0
11,1,1401045.0,2021,10,1,5,3,8,1,2,0,1,0,0,0,0,0,0
11,6,6400737.0,2021,10,19,6,3,5,7,2,0,1,0,0,0,0,1,0
11,3,3701554.0,2021,10,13,7,2,6,4,0,1,0,1,0,0,0,0,0
11,8,8100311.0,2021,10,17,7,3,6,7,0,0,0,1,0,0,1,0,0
11,3,3601346.0,2021,11,17,2,3,2,6,2,1,1,0,0,0,1,1,0
11,4,4501147.0,2021,11,9,6,3,6,4,0,1,0,1,0,0,0,1,0
11,4,4200311.0,2021,11,7,4,3,5,2,0,0,1,0,0,0,0,1,0
11,4,4300517.0,2021,10,2,1,3,8,1,2,0,1,0,0,0,1,0,0
11,8,8100104.0,2021,10,7,5,3,2,6,0,0,0,0,0,0,1,1,0
11,3,3500933.0,2021,10,9,3,3,2,7,0,0,1,0,1,0,0,0,0
11,7,7100206.0,2021,11,13,2,3,1,5,0,1,1,0,0,0,0,1,0
11,1,1401047.0,2021,11,14,7,3,5,2,0,0,1,0,0,0,1,0,0
11,12,12500929.0,2021,11,10,2,3,2,2,0,0,1,0,0,0,0,1,0
11,12,12601031.0,2021,10,7,4,3,2,2,0,0,1,0,0,0,0,1,0
11,5,5100208.0,2021,11,19,7,2,6,2,2,0,1,1,0,0,0,1,0
11,1,1100310.0,2021,11,20,1,3,5,2,2,0,1,0,0,0,0,1,0
11,8,8100209.0,2021,11,16,4,3,5,2,0,1,1,0,0,0,0,0,0
11,4,4500938.0,2021,11,4,6,3,8,1,2,0,1,0,0,0,0,1,0
11,4,4300416.0,2021,11,7,2,3,5,2,1,0,0,0,1,0,1,0,0
11,9,9200715.0,2021,11,10,5,3,2,7,0,0,1,0,0,0,0,2,0
11,1,1401046.0,2021,11,22,7,3,6,2,2,0,1,1,0,0,0,0,0
11,9,9200819.0,2021,10,18,2,3,0,7,0,0,0,0,0,0,1,0,0
11,5,5100314.0,2021,10,12,5,3,6,4,0,0,1,1,0,0,0,1,0
11,9,9200510.0,2021,11,10,7,3,5,3,0,1,1,0,0,0,0,0,0
11,6,6100210.0,2021,10,14,5,3,0,7,0,0,0,0,0,1,1,0,0
11,12,12100205.0,2021,10,7,5,3,5,3,0,1,0,0,0,0,1,1,0
11,9,9501737.0,2021,10,14,7,2,4,1,0,0,1,0,0,0,0,0,0
11,4,4300412.0,2021,10,5,1,2,5,3,2,1,1,0,0,0,0,0,0
11,1,1100206.0,2021,10,11,6,3,2,6,0,0,1,0,1,0,0,0,0
11,6,6100101.0,2021,11,14,2,2,6,4,0,0,0,1,0,1,0,0,0
11,4,4300620.0,2021,11,17,5,3,6,4,2,0,1,1,0,0,0,1,0
11,7,7501031.0,2021,11,15,4,3,1,4,0,0,1,1,0,0,0,0,0
11,2,2200209.0,2021,10,16,1,3,3,6,0,0,1,0,1,0,0,0,0
11,6,6400841.0,2021,10,19,5,3,5,3,2,0,1,0,0,0,0,0,0
11,2,2500835.0,2021,10,14,3,3,6,4,0,0,1,1,0,0,0,0,0
11,1,1300733.0,2021,11,16,3,3,2,6,1,0,1,0,0,0,0,0,0
11,11,11300619.0,2021,11,1,7,3,9,1,2,0,1,0,0,0,0,0,0
11,1,1100207.0,2021,11,11,2,3,5,3,0,1,1,0,0,0,0,0,0
11,5,5200629.0,2021,10,15,3,2,1,5,0,1,0,0,0,0,1,1,0
11,11,11300722.0,2021,11,12,7,2,4,6,0,0,1,0,0,0,0,0,0
11,3,3500932.0,2021,11,20,1,3,2,6,2,0,1,0,0,0,0,1,0
11,9,9501939.0,2021,11,14,3,3,6,4,0,1,0,1,0,0,0,1,0
11,1,1400940.0,2021,11,18,6,3,3,6,1,1,1,0,0,0,0,1,0
11,10,10100311.0,2021,10,10,6,3,5,3,0,0,1,0,0,0,0,0,0
11,5,5100208.0,2021,10,16,6,3,3,1,0,1,1,0,0,0,0,1,0
11,6,6400844.0,2021,10,17,7,2,6,4,1,0,1,1,0,0,0,0,0
11,9,9200510.0,2021,11,15,4,3,6,4,0,1,0,1,0,0,0,0,0
11,11,11400927.0,2021,11,9,5,3,5,3,0,0,1,0,0,0,0,1,0
11,3,3601451.0,2021,10,9,6,3,1,5,0,1,1,0,0,0,0,0,0
11,3,3500936.0,2021,10,16,6,3,0,7,0,0,1,0,0,0,0,0,0
11,4,4300619.0,2021,10,13,3,3,5,2,0,0,1,0,1,0,0,0,0
11,8,8100104.0,2021,10,11,4,3,1,5,0,1,1,0,0,1,0,0,0
11,12,12601235.0,2021,10,11,2,3,5,3,0,0,1,0,0,0,0,0,0
11,6,6100205.0,2021,11,15,3,3,2,2,0,0,1,0,1,0,0,1,0
11,12,12500930.0,2021,10,14,4,3,5,2,0,0,1,0,0,0,1,0,0
11,8,8200622.0,2021,11,23,6,3,5,3,1,0,1,0,0,0,1,1,0
11,4,4200203.0,2021,11,13,7,3,5,3,0,1,1,0,0,0,0,0,0
11,5,5300735.0,2021,11,18,4,3,5,2,1,0,1,0,0,0,0,0,0
11,3,3400724.0,2021,11,15,1,2,6,4,0,0,1,1,0,0,0,0,0
11,5,5200420.0,2021,10,13,7,3,2,6,0,0,1,0,0,0,0,0,0
11,6,6200421.0,2021,10,15,7,3,1,1,0,1,1,0,0,0,0,1,0
11,2,2200210.0,2021,11,19,4,3,5,3,2,0,1,0,0,0,0,0,0
11,8,8100417.0,2021,11,14,6,3,5,3,0,1,1,0,0,0,0,0,0
11,3,3200205.0,2021,10,18,7,3,5,2,1,1,1,0,0,0,0,0,0
11,6,6200313.0,2021,10,22,3,3,6,4,2,0,1,1,0,0,0,1,0
11,11,11300721.0,2021,11,13,5,3,5,3,0,1,1,0,0,0,0,0,0
11,6,6100102.0,2021,11,2,4,3,8,1,2,0,1,0,0,0,0,1,0
11,3,3601453.0,2021,10,10,5,3,5,3,0,1,1,0,0,0,0,0,0
11,2,2300417.0,2021,10,19,5,3,5,3,1,1,1,0,0,0,0,1,0
11,1,1200628.0,2021,10,21,6,3,9,1,2,0,0,0,1,0,0,0,0
11,10,10200419.0,2021,11,6,2,3,6,2,1,0,1,1,0,0,0,1,0
11,9,9200613.0,2021,11,16,5,3,5,3,1,1,1,0,0,0,0,1,0
11,6,6300632.0,2021,11,16,2,3,2,6,2,0,1,0,0,0,0,0,0
11,8,8100105.0,2021,10,15,7,3,6,4,0,0,1,1,0,0,0,0,0
11,6,6100206.0,2021,10,18,5,2,5,3,2,1,1,0,0,0,0,0,0
11,1,1401046.0,2021,10,15,3,3,5,7,0,1,1,0,0,0,0,0,0
11,1,1100312.0,2021,11,15,2,3,1,5,0,1,1,0,0,0,0,1,0
11,5,5200524.0,2021,11,9,5,3,5,3,0,0,1,0,0,0,1,0,0
11,1,1100206.0,2021,11,1,1,3,5,3,2,0,1,0,0,0,0,0,0
11,10,10100311.0,2021,10,10,3,3,2,6,0,0,1,0,0,0,0,1,0
11,6,6400843.0,2021,11,11,5,3,2,2,0,0,1,0,0,0,0,0,0
11,10,10100311.0,2021,10,14,5,3,5,2,0,1,1,0,0,0,0,0,0
11,1,1100416.0,2021,10,9,6,3,5,3,0,1,1,0,0,0,0,0,0
11,1,1401046.0,2021,10,23,7,3,5,2,2,0,1,0,0,0,0,0,0
11,1,1300733.0,2021,10,16,6,2,6,7,0,1,0,1,0,0,0,0,0
11,3,3601244.0,2021,11,10,3,3,5,3,0,1,1,0,0,0,0,0,0
11,10,10200524.0,2021,11,7,6,2,6,7,0,0,1,1,0,0,0,1,0
11,1,1100206.0,2021,11,13,4,3,5,2,0,1,1,0,0,0,0,0,0
11,4,4400830.0,2021,10,22,1,3,6,4,2,0,1,1,0,0,0,0,0
11,7,7200308.0,2021,10,17,3,3,5,5,0,0,0,0,1,0,1,0,0
11,7,7400927.0,2021,10,12,4,3,6,7,0,0,0,1,0,0,1,0,0
11,11,11100204.0,2021,11,15,2,3,2,6,0,0,1,0,0,0,0,0,0
11,5,5200631.0,2021,10,7,3,3,0,7,1,0,1,0,0,0,0,1,0
11,1,1100102.0,2021,10,17,1,3,5,2,0,1,1,0,0,0,0,0,0
11,1,1100206.0,2021,11,9,7,3,5,3,0,0,1,0,0,1,0,0,0
11,5,5100105.0,2021,11,9,2,3,5,3,0,0,1,0,1,0,0,1,0
11,4,4501042.0,2021,11,9,3,3,0,7,0,1,0,0,0,0,0,0,0
11,8,8100417.0,2021,11,16,6,3,6,7,2,0,0,1,0,0,1,1,0
11,8,8100314.0,2021,10,22,7,3,5,3,2,0,1,0,0,0,0,1,0
11,11,11401136.0,2021,10,9,1,3,5,2,0,1,1,0,0,0,0,0,0
11,11,11401137.0,2021,11,12,4,3,6,4,0,0,0,1,0,0,1,0,0
11,11,11400929.0,2021,11,18,5,3,6,4,2,0,1,1,0,0,0,1,0
11,2,2500831.0,2021,10,18,7,3,0,3,0,0,1,0,1,0,0,0,0
11,5,5200629.0,2021,10,15,6,3,6,7,0,0,0,1,0,0,1,0,0
11,7,7601236.0,2021,10,11,4,3,5,2,0,1,1,0,0,0,0,0,0
11,10,10100205.0,2021,10,16,3,3,5,7,0,0,1,0,0,0,0,0,0
11,4,4501149.0,2021,11,17,5,3,1,5,2,1,1,0,0,0,0,1,0
11,4,4501043.0,2021,11,7,3,3,0,2,2,0,1,0,1,0,0,1,0
11,9,9501941.0,2021,10,7,4,3,2,2,1,0,1,0,0,0,0,0,0
11,7,7501133.0,2021,10,10,4,3,5,2,0,1,1,0,0,0,0,0,0
11,1,1401045.0,2021,10,8,2,3,0,6,0,0,1,0,1,0,0,0,0
11,5,5300736.0,2021,11,17,6,3,2,6,1,0,1,0,1,0,0,1,0
11,11,11200512.0,2021,11,9,7,3,0,1,0,1,0,0,0,0,0,1,0
11,2,2200208.0,2021,11,14,4,3,4,6,0,1,0,0,0,0,0,0,0
11,6,6400844.0,2021,11,20,2,2,0,1,2,0,0,0,1,0,0,0,0
11,5,5300736.0,2021,10,16,7,3,2,6,0,0,1,0,1,0,0,0,0
11,4,4501041.0,2021,10,12,5,3,2,6,0,0,1,0,0,0,0,0,0
11,12,12500930.0,2021,10,11,2,3,5,2,0,1,1,0,0,0,0,0,0
11,4,4200308.0,2021,10,20,1,3,1,5,2,0,1,0,0,0,0,0,0
11,10,10200526.0,2021,11,13,4,3,2,6,0,1,1,0,0,0,0,0,0
11,7,7300517.0,2021,11,15,6,3,0,1,0,0,0,0,1,0,0,1,0
11,3,3400722.0,2021,10,16,2,2,5,7,0,1,1,0,0,0,0,0,0
11,1,1100313.0,2021,9,7,4,3,3,6,0,1,1,0,0,0,0,0,0
11,10,10400941.0,2021,9,16,2,3,6,4,0,0,1,1,0,0,0,0,0
11,4,4400835.0,2021,9,7,3,3,5,2,0,1,0,0,0,0,1,0,0
11,1,1100103.0,2021,9,20,2,3,1,5,1,1,1,0,0,0,0,0,0
11,1,1401048.0,2021,9,12,6,3,6,7,0,1,0,1,0,0,0,0,0
11,4,4501153.0,2021,9,16,4,3,0,1,0,1,0,0,0,0,0,0,0
11,4,4300413.0,2021,8,20,2,3,0,3,2,0,1,0,1,0,0,1,0
11,2,2300316.0,2021,8,14,6,3,5,2,0,1,1,0,0,0,0,0,0
11,4,4400832.0,2021,9,15,2,3,1,5,0,1,1,0,0,0,0,0,0
11,10,10300732.0,2021,9,12,7,3,5,3,0,0,1,0,0,1,0,0,0
11,8,8100312.0,2021,9,16,7,3,3,6,0,1,0,0,0,0,1,0,0
11,6,6200423.0,2021,10,14,6,3,5,2,0,1,1,0,0,0,0,0,0
11,7,7300517.0,2021,9,19,3,3,6,4,2,0,0,1,0,0,1,0,0
11,2,2200210.0,2021,9,14,3,2,5,3,0,1,0,0,0,0,1,0,0
11,5,5100316.0,2021,8,12,5,3,2,2,0,0,1,0,1,0,0,1,0
11,10,10100316.0,2021,8,13,3,3,5,2,0,1,1,0,0,0,0,0,0
11,11,11401137.0,2021,9,20,6,3,0,7,2,0,0,0,0,0,1,0,0
11,5,5100316.0,2021,9,8,5,3,6,4,0,1,0,1,0,0,0,0,0
11,3,3400619.0,2021,9,17,3,3,5,2,0,1,1,0,0,0,0,0,0
11,1,1200623.0,2021,9,17,7,3,5,7,0,1,1,0,0,0,0,0,0
11,7,7100101.0,2021,9,1,4,2,5,3,2,0,1,0,0,0,0,0,0
11,1,1300835.0,2021,9,19,7,3,3,7,1,1,0,0,0,0,0,0,0
11,2,2200210.0,2021,8,23,7,3,5,3,2,0,1,0,0,0,0,0,0
11,1,1200626.0,2021,9,9,5,2,3,5,0,1,0,0,1,0,0,0,0
11,1,1100104.0,2021,9,16,5,3,6,7,0,0,1,1,0,0,0,0,0