LAND,BEZ,LOR_ab_2021,UJAHR,UMONAT,USTUNDE,UWOCHENTAG,UKATEGORIE,UART,UTYP1,ULICHTVERH,IstRad,IstPKW,IstFuss,IstKrad,IstGkfz,IstSonstige,USTRZUSTAND,lockdown
11,4,4500939.0,2021,6,2,5,2,9,1,2,0,0,0,1,0,0,0,0
11,2,2400623.0,2021,6,17,2,3,1,5,0,1,1,0,0,0,0,0,0
11,1,1200520.0,2021,5,13,2,3,2,7,0,0,1,0,1,0,0,0,1
11,8,8401242.0,2021,6,17,6,3,5,3,0,0,1,0,0,0,0,0,0
11,7,7400823.0,2021,6,16,6,2,0,2,0,0,1,0,1,0,0,0,0
11,3,3701660.0,2021,6,7,4,3,5,3,0,1,1,0,0,0,0,0,0
11,10,10200629.0,2021,5,7,6,3,5,3,0,1,1,0,0,0,0,0,1
11,1,1100311.0,2021,6,18,4,3,5,2,0,1,1,0,0,0,0,0,0
11,5,5100313.0,2021,7,13,1,3,2,6,0,0,1,0,0,0,0,0,0
11,5,5200528.0,2021,5,19,3,2,5,2,0,0,1,0,0,0,0,0,1
11,4,4400835.0,2021,6,12,3,3,1,5,0,1,0,0,0,0,1,0,0
11,11,11100205.0,2021,7,14,3,3,5,3,0,1,1,0,0,0,0,0,0
11,8,8100417.0,2021,7,13,6,3,5,3,0,0,1,0,0,0,0,1,0
11,12,12400721.0,2021,6,16,2,3,5,3,0,1,1,0,0,0,0,0,0
11,11,11100308.0,2021,6,18,6,3,0,6,0,0,0,0,1,0,1,0,0
11,3,3601244.0,2021,6,10,3,3,5,2,0,0,1,0,0,0,0,0,0
11,5,5100316.0,2021,6,13,3,3,0,3,0,0,1,0,1,0,0,0,0
11,8,8100418.0,2021,6,10,7,2,5,3,0,0,1,0,0,0,0,0,0
11,8,8100313.0,2021,6,19,7,3,0,1,0,1,0,0,0,0,1,0,0
11,2,2400521.0,2021,7,10,7,3,5,3,0,1,0,0,0,0,0,0,0
11,6,4400835.0,2021,6,16,6,3,5,3,0,1,1,0,0,0,0,0,0
11,6,6400841.0,2021,6,12,2,3,2,6,0,0,1,0,0,0,0,0,0
11,11,11200515.0,2021,5,14,4,3,5,3,0,1,1,0,0,0,0,0,1
11,4,4300623.0,2021,6,12,4,3,5,2,0,1,1,0,0,0,0,1,0
11,1,1200624.0,2021,7,6,2,3,5,2,0,0,1,0,0,1,0,0,0
11,1,1300732.0,2021,7,11,4,2,6,2,0,0,1,1,0,0,0,1,0
11,2,2400623.0,2021,6,12,4,3,5,3,0,1,0,0,0,0,1,0,0
11,11,11200513.0,2021,5,15,7,3,1,5,0,1,1,0,0,0,0,0,1
11,8,8100105.0,2021,6,16,5,3,4,6,0,0,1,0,0,0,1,0,0
11,7,7100205.0,2021,6,8,4,3,5,3,0,1,0,0,0,0,1,0,0
11,8,8200831.0,2021,6,10,3,3,5,7,0,0,1,0,0,0,1,0,0
11,9,9200510.0,2021,6,15,7,3,5,2,0,1,1,0,0,0,0,0,0
11,5,5300841.0,2021,6,6,3,2,3,6,0,0,1,0,1,0,0,0,0
11,10,10200420.0,2021,6,14,4,2,6,4,0,0,1,1,0,0,0,0,0
11,3,3400828.0,2021,6,13,2,3,5,3,0,1,0,0,0,0,0,0,0
11,1,1100207.0,2021,6,18,1,3,5,3,0,0,1,0,0,0,0,0,0
11,11,11400927.0,2021,7,1,1,2,0,1,2,1,0,0,0,0,0,0,0
11,6,6400841.0,2021,6,14,7,3,1,5,0,0,1,0,0,0,0,0,0
11,8,8300935.0,2021,7,17,5,3,2,6,0,0,1,0,0,0,0,1,0
11,2,2200209.0,2021,7,17,5,3,3,6,0,1,0,0,0,0,0,0,0
11,8,8100312.0,2021,6,10,5,3,2,6,0,0,1,0,0,0,0,0,0
11,2,2400521.0,2021,6,7,2,3,0,1,0,1,0,0,0,0,1,0,0
11,3,3200310.0,2021,5,18,1,2,5,2,0,0,1,0,1,0,0,0,1
11,8,8100314.0,2021,6,12,6,3,1,5,0,1,1,0,0,0,0,0,0
11,8,8401241.0,2021,6,17,4,3,2,6,0,1,1,0,0,0,0,0,0
11,3,3100103.0,2021,6,9,3,3,6,2,0,0,1,1,0,0,0,0,0
11,5,5100105.0,2021,6,20,2,3,5,3,0,0,1,0,0,0,0,0,0
11,9,9501737.0,2021,6,20,2,3,5,3,0,1,0,0,0,0,0,0,0
11,1,1400937.0,2021,5,16,5,2,0,7,0,0,1,0,0,0,0,1,1
11,1,1100309.0,2021,6,17,4,3,0,6,0,1,1,0,0,0,0,0,0
11,8,8100208.0,2021,5,14,2,3,5,3,0,1,0,0,0,0,1,0,1
11,1,1300733.0,2021,6,15,2,3,0,7,0,1,0,1,0,0,0,0,0
11,4,4501042.0,2021,7,16,2,3,5,3,0,1,0,0,0,0,1,0,0
11,5,5100211.0,2021,7,19,6,3,5,2,0,0,1,0,1,0,0,0,0
11,8,8100415.0,2021,7,20,6,3,1,5,0,1,1,0,0,0,0,0,0
11,7,7601544.0,2021,6,10,6,3,5,2,0,0,1,0,0,0,0,0,0
11,9,9200715.0,2021,6,1,5,2,0,1,2,1,0,0,0,0,0,0,0
11,6,6300631.0,2021,6,13,2,2,0,1,0,1,0,0,0,0,0,0,0
11,2,2500832.0,2021,5,8,2,3,5,2,0,1,1,0,0,0,0,0,1
11,3,3400828.0,2021,6,13,6,3,6,7,0,0,0,1,0,0,1,0,0
11,9,9200716.0,2021,6,13,6,3,5,2,0,1,1,0,0,0,0,0,0
11,4,4400727.0,2021,7,7,6,3,5,2,0,1,1,0,0,0,0,1,0
11,1,1100310.0,2021,6,7,4,2,5,7,0,0,1,0,1,0,0,0,0
11,10,10100311.0,2021,6,12,6,2,6,4,0,0,0,1,0,0,1,0,0
11,6,6200316.0,2021,5,19,6,3,0,7,0,1,0,1,0,0,0,0,1
11,10,10300731.0,2021,6,6,5,3,5,3,0,1,1,0,0,0,0,0,0
11,9,9100304.0,2021,7,3,1,2,9,1,2,0,1,0,0,0,0,0,0
11,2,2400623.0,2021,5,7,3,3,5,3,0,1,0,0,0,0,0,1,1
11,1,1100207.0,2021,6,15,3,3,5,3,0,0,1,0,0,0,0,0,0
11,2,2500726.0,2021,7,18,2,3,5,2,0,1,0,0,0,0,1,0,0
11,1,1200518.0,2021,7,10,3,3,1,5,0,0,1,0,0,0,0,0,0
11,5,5200629.0,2021,5,6,6,3,6,4,0,0,1,1,0,0,0,1,1
11,7,7200308.0,2021,6,14,4,3,2,6,0,1,1,0,0,0,0,0,0
11,4,4300518.0,2021,7,13,7,2,0,1,0,1,0,0,0,0,0,0,0
11,4,4100102.0,2021,6,21,2,2,5,2,1,0,1,0,0,0,0,0,0
11,5,5100314.0,2021,6,15,6,2,6,4,0,0,0,1,1,0,0,0,0
11,10,10100104.0,2021,6,13,3,3,6,4,0,0,1,1,0,0,0,0,0
11,1,1200522.0,2021,6,10,3,3,1,5,0,1,1,0,0,0,0,0,0
11,8,8100209.0,2021,6,0,1,3,5,3,2,0,1,0,0,0,0,0,0
11,2,2200210.0,2021,6,16,6,3,2,6,0,1,1,0,0,0,0,0,0
11,8,8200623.0,2021,7,11,7,3,5,2,0,0,1,0,0,0,0,0,0
11,1,1400937.0,2021,6,16,7,3,1,5,0,1,1,0,0,0,0,0,0
11,1,1100103.0,2021,5,11,4,3,2,6,0,0,1,0,0,1,0,0,1
11,12,12500927.0,2021,6,20,3,3,5,3,0,1,1,0,0,0,0,1,0
11,1,1200520.0,2021,7,13,3,3,0,6,0,0,1,0,1,0,0,0,0
11,5,5200630.0,2021,7,9,4,3,2,6,0,0,1,0,0,0,0,1,0
11,1,1200517.0,2021,6,10,5,2,5,3,0,0,1,0,1,0,0,0,0
11,9,9300923.0,2021,5,14,1,3,5,3,0,0,1,0,0,0,0,0,1
11,1,1100101.0,2021,6,17,5,2,5,2,0,1,0,0,1,0,0,0,0
11,10,10400938.0,2021,6,20,5,2,5,3,0,0,0,0,1,0,1,0,0
11,7,7100206.0,2021,6,9,3,3,0,1,0,0,0,0,1,0,0,0,0
11,5,5100315.0,2021,6,23,7,3,0,7,2,0,0,0,0,0,1,0,0
11,12,12100204.0,2021,6,15,3,3,1,5,0,1,1,0,0,0,0,0,0
11,1,1200519.0,2021,6,16,3,3,5,2,0,1,0,0,0,0,1,0,0
11,6,6200313.0,2021,6,20,2,3,5,2,0,0,1,0,0,0,0,0,0
11,1,1401047.0,2021,7,20,1,3,5,3,0,0,1,0,0,0,0,0,0
11,8,8100208.0,2021,6,14,7,3,2,6,0,0,1,0,0,0,0,0,0
11,9,9501838.0,2021,6,10,2,1,5,3,0,1,1,0,0,0,0,0,0
11,4,4501045.0,2021,6,8,3,3,5,2,0,1,1,0,0,0,0,0,0
11,6,6300525.0,2021,6,18,1,3,6,7,0,0,1,1,0,0,0,0,0
11,2,2200213.0,2021,6,14,6,3,6,7,0,0,0,1,1,0,0,0,0
11,6,6100206.0,2021,7,17,6,3,2,6,0,0,1,0,0,0,0,0,0
11,1,1100313.0,2021,6,16,7,3,5,2,0,1,1,0,0,0,0,0,0
11,12,12400721.0,2021,5,16,4,3,0,1,0,0,0,0,1,0,0,1,1
11,10,10200630.0,2021,6,20,3,3,5,3,0,1,1,0,0,0,0,1,0
11,7,7501031.0,2021,7,15,3,3,2,6,0,0,1,0,0,0,0,0,0
11,1,1401049.0,2021,7,8,4,3,5,3,0,1,1,0,0,0,0,1,0
11,7,7100206.0,2021,6,11,4,3,5,2,0,1,0,0,0,1,0,0,0
11,3,3701554.0,2021,5,16,7,3,3,6,0,1,0,0,0,0,1,0,1
11,5,5300840.0,2021,6,10,5,3,3,6,0,0,1,0,0,1,0,0,0
11,2,2200210.0,2021,6,21,4,3,5,3,0,0,1,0,0,0,0,0,0
11,8,8100103.0,2021,6,5,4,3,2,6,0,0,1,0,0,1,0,0,0
11,11,11300617.0,2021,6,16,7,3,2,6,0,0,1,0,0,0,0,0,0
11,11,11300617.0,2021,6,15,3,2,2,6,0,0,1,0,0,0,0,0,0
11,8,8100415.0,2021,6,16,4,2,5,3,0,0,1,0,0,0,0,0,0
11,7,7300618.0,2021,6,18,2,2,5,3,0,0,1,0,1,0,0,0,0
11,2,2500832.0,2021,7,16,1,2,6,4,0,1,0,1,0,0,0,0,0
11,11,11100204.0,2021,6,17,1,3,0,1,0,1,0,0,0,0,0,0,0
11,1,1200522.0,2021,6,19,4,3,2,6,0,1,1,0,0,0,0,1,0
11,12,12400616.0,2021,7,18,4,3,1,1,0,1,1,0,0,0,0,1,0
11,6,6200315.0,2021,6,8,5,3,2,2,0,0,1,0,1,0,0,0,0
11,6,6400838.0,2021,5,9,1,2,0,1,0,1,0,0,0,0,0,0,1
11,7,7601341.0,2021,6,11,6,3,5,2,0,0,1,0,0,0,0,0,0
11,5,5300737.0,2021,6,21,5,3,1,5,1,0,1,0,0,0,1,0,0
11,1,1100313.0,2021,6,17,3,3,5,3,0,1,1,0,0,0,0,0,0
11,4,4501045.0,2021,6,8,2,3,2,2,0,0,1,0,1,0,0,0,0
11,2,2100104.0,2021,5,8,5,3,6,4,0,1,0,1,0,0,0,0,1
11,4,4200310.0,2021,6,16,4,3,0,5,0,1,1,0,0,0,0,0,0
11,7,7300515.0,2021,5,17,1,3,0,2,0,1,1,0,0,0,0,1,1
11,3,3500936.0,2021,6,22,2,3,2,6,2,0,1,0,1,0,0,0,0
11,1,1100101.0,2021,7,15,2,3,5,2,0,1,1,0,0,0,0,0,0
11,4,4300619.0,2021,7,20,6,2,0,7,0,0,0,0,0,0,1,0,0
11,1,1200623.0,2021,7,21,6,3,0,1,1,0,0,0,0,0,1,1,0
11,6,6400843.0,2021,6,15,5,3,6,4,0,0,1,1,0,0,0,0,0
11,7,7501030.0,2021,6,8,5,3,6,4,0,0,0,1,0,0,1,0,0
11,1,1200627.0,2021,6,15,2,3,3,2,0,0,1,0,1,0,0,0,0
11,7,8200725.0,2021,5,14,2,3,5,2,0,1,1,0,0,0,0,0,1
11,7,7300619.0,2021,6,22,6,3,1,7,1,0,1,0,0,0,0,0,0
11,4,4501045.0,2021,6,14,6,3,5,3,0,1,1,0,0,0,0,0,0
11,4,4200309.0,2021,7,11,6,3,0,1,0,1,0,0,0,0,0,1,0
11,10,10200420.0,2021,6,16,4,3,5,2,0,1,1,0,0,0,0,0,0
11,6,6200315.0,2021,6,19,6,3,0,1,0,1,1,0,0,0,0,0,0
11,2,2400522.0,2021,5,17,6,3,5,2,0,1,1,0,0,0,0,1,1
11,5,5100316.0,2021,6,7,5,3,0,7,0,0,0,0,1,0,0,0,0
11,8,8100314.0,2021,7,4,1,3,5,2,1,0,1,0,0,0,1,0,0
11,4,4300414.0,2021,5,15,3,3,1,5,0,1,1,0,0,0,0,1,1
11,7,7601544.0,2021,6,10,3,2,6,4,0,0,1,1,0,0,0,0,0
11,9,9501939.0,2021,7,12,2,3,5,3,0,1,1,0,0,0,0,0,0
11,3,3601451.0,2021,7,17,3,3,5,2,0,0,1,0,0,0,0,0,0
11,6,6400735.0,2021,5,10,7,3,5,2,0,1,1,0,0,0,0,0,1
11,9,9100306.0,2021,6,13,5,3,0,1,0,1,0,0,0,0,0,0,0
11,4,4300624.0,2021,6,12,4,3,5,2,0,0,1,0,1,0,0,0,0
11,2,2400625.0,2021,7,22,7,3,6,4,2,0,0,1,1,0,0,0,0
11,12,12500930.0,2021,6,10,3,3,5,2,0,0,1,0,0,0,0,0,0
11,7,7200307.0,2021,6,23,6,3,3,6,2,1,1,0,0,0,0,0,0
11,6,6300525.0,2021,6,7,3,3,3,7,0,1,0,0,0,0,0,0,0
11,9,9501941.0,2021,6,21,3,3,0,3,1,0,1,0,1,0,0,0,0
11,3,3500935.0,2021,6,11,1,3,5,7,0,0,1,0,1,0,0,0,0
11,1,1200628.0,2021,6,18,2,3,0,2,0,1,1,0,0,0,0,0,0
11,1,1100309.0,2021,7,20,1,3,1,5,1,0,1,0,0,0,1,0,0
11,5,5100313.0,2021,6,13,7,3,2,6,0,0,1,0,0,0,0,0,0
11,12,12100204.0,2021,5,15,4,3,0,6,0,0,1,0,0,0,1,1,1
11,9,9100408.0,2021,6,17,4,3,5,2,0,1,1,0,0,0,0,1,0
11,7,7400927.0,2021,7,18,3,2,1,5,0,1,1,0,0,0,0,0,0
11,9,9100409.0,2021,7,17,4,3,5,2,0,1,1,0,0,0,0,0,0
11,2,2100102.0,2021,6,16,5,2,0,7,0,1,1,0,0,0,0,0,0
11,9,9502043.0,2021,6,12,2,3,5,2,0,1,1,0,0,0,0,0,0
11,3,3400725.0,2021,5,12,2,2,5,7,0,1,0,0,0,0,1,0,1
11,1,1100311.0,2021,6,20,5,3,2,3,0,0,1,0,0,0,0,0,0
11,3,3400721.0,2021,6,15,4,3,2,6,0,0,1,0,0,0,1,0,0
11,6,6400737.0,2021,6,8,3,3,6,7,0,0,1,1,0,0,0,0,0
11,5,5100104.0,2021,6,8,1,2,0,1,0,1,0,0,0,0,0,0,0
11,10,10400938.0,2021,6,7,4,3,5,3,0,0,1,0,0,0,0,0,0
11,4,4400726.0,2021,6,18,4,3,5,3,0,1,1,0,0,0,0,0,0
11,1,1300732.0,2021,6,15,2,3,1,5,0,1,1,0,0,0,0,0,0
11,7,7501031.0,2021,7,16,2,3,5,7,0,0,1,0,0,0,1,0,0
11,1,1300730.0,2021,6,18,7,3,1,5,0,0,1,0,1,0,0,0,0
11,9,9401329.0,2021,7,11,5,3,5,2,0,1,1,0,0,0,0,1,0
11,1,1200628.0,2021,7,19,5,2,0,1,0,1,0,0,0,0,0,0,0
11,3,3300517.0,2021,6,15,6,1,8,1,0,0,0,0,1,0,0,0,0
11,8,8100105.0,2021,6,14,2,3,6,2,0,0,1,1,0,0,0,0,0
11,6,6300634.0,2021,6,9,3,3,5,2,0,1,1,0,0,0,0,0,0
11,1,1100207.0,2021,6,11,6,3,5,7,0,0,1,0,1,0,0,0,0
11,3,3400724.0,2021,6,17,6,2,6,4,0,0,1,1,0,0,0,0,0
11,9,9200717.0,2021,6,11,3,3,5,3,0,0,1,0,0,0,0,0,0
11,1,1100103.0,2021,6,15,6,3,5,3,0,0,1,0,1,0,0,0,0
11,4,4501045.0,2021,6,15,2,3,5,3,0,0,1,0,0,0,0,0,0
11,1,1100416.0,2021,5,7,5,2,5,3,0,1,1,0,0,0,0,0,1
11,11,11300619.0,2021,6,17,4,3,0,5,0,1,1,0,0,0,0,0,0
11,4,4200310.0,2021,7,15,1,3,5,3,0,1,1,0,0,0,0,0,0
11,5,5200632.0,2021,5,11,2,3,9,7,0,1,1,0,0,0,0,0,1
11,2,2200209.0,2021,6,22,3,3,0,7,2,1,0,0,0,0,0,1,0
11,5,5200528.0,2021,7,6,3,2,5,3,0,0,1,0,1,0,0,0,0
11,3,3200309.0,2021,7,8,5,3,5,3,0,1,1,0,0,0,0,0,0
11,9,9100203.0,2021,6,7,2,3,5,2,0,0,0,0,0,0,1,0,0
11,5,5200528.0,2021,6,17,6,2,0,7,0,1,0,0,0,0,0,0,0
11,8,8301037.0,2021,6,17,5,3,5,3,0,0,1,0,0,0,0,0,0
11,11,11501238.0,2021,6,13,2,3,0,6,0,1,0,0,1,0,0,0,0
11,11,11100204.0,2021,6,12,3,3,2,1,0,0,1,0,0,0,0,0,0
11,12,12100205.0,2021,6,9,7,3,3,2,0,1,1,0,0,0,0,0,0
11,2,2200210.0,2021,6,9,7,3,2,6,0,0,1,0,0,0,1,0,0
11,11,11300721.0,2021,7,13,6,3,5,2,0,0,0,0,0,0,1,0,0
11,6,6100209.0,2021,7,10,5,3,2,6,0,0,1,0,0,0,0,1,0
11,1,1100101.0,2021,7,17,5,3,2,2,0,0,1,0,0,0,0,1,0
11,9,9401534.0,2021,6,12,5,3,5,2,0,1,0,0,0,0,1,0,0
11,4,4400833.0,2021,5,16,1,2,2,6,0,0,1,0,1,0,0,0,1
11,1,1300732.0,2021,6,19,5,3,5,2,0,1,1,0,0,0,0,0,0
11,2,2500835.0,2021,6,4,6,3,5,3,1,0,1,0,0,0,0,0,0
11,4,4300623.0,2021,6,19,2,3,6,7,0,0,0,1,0,0,1,0,0
11,7,7300619.0,2021,6,12,1,2,5,2,0,0,1,0,0,0,0,0,0
11,2,2400624.0,2021,5,17,5,3,5,3,0,1,1,0,0,0,0,1,1
11,1,1300835.0,2021,6,16,4,3,5,2,0,1,1,0,0,0,0,0,0
11,4,4501042.0,2021,5,2,2,3,5,5,2,0,1,0,0,0,0,0,1
11,1,1200520.0,2021,6,12,2,2,6,2,0,0,1,1,0,0,0,0,0
11,10,10300731.0,2021,7,17,2,3,5,7,0,1,1,0,0,0,0,0,0
11,11,2500729.0,2021,7,16,6,3,6,7,0,1,0,1,0,0,0,0,0
11,11,11100206.0,2021,6,16,5,3,0,6,0,0,0,0,1,0,1,0,0
11,4,4501151.0,2021,6,16,5,3,2,6,0,0,1,0,0,0,1,0,0
11,6,6300528.0,2021,6,18,2,3,0,1,0,1,0,0,0,0,0,0,0
11,5,5200632.0,2021,5,8,2,3,5,2,0,0,1,0,0,0,1,0,1
11,3,3400620.0,2021,6,15,6,2,0,2,0,1,1,0,0,0,0,0,0
11,12,12601032.0,2021,6,22,7,3,1,5,2,0,1,0,0,0,1,0,0
11,1,1300836.0,2021,7,22,6,3,6,4,2,0,1,1,0,0,0,0,0
11,6,6100208.0,2021,6,12,3,2,5,3,0,0,1,0,0,0,0,0,0
11,2,2100104.0,2021,6,16,6,3,2,6,0,0,1,0,0,0,0,0,0
11,2,2100105.0,2021,7,20,1,3,3,6,1,1,0,0,0,0,0,0,0
11,1,1100308.0,2021,5,17,3,3,0,1,0,0,0,0,1,0,0,1,1
11,2,2100103.0,2021,6,19,3,3,5,3,0,0,1,0,1,0,0,0,0
11,7,7100102.0,2021,7,11,3,3,2,6,0,0,1,0,0,0,0,0,0
11,9,9501737.0,2021,7,11,3,3,5,3,0,1,1,0,0,0,0,0,0
11,1,1300836.0,2021,6,7,4,3,0,2,0,1,1,0,0,0,0,0,0
11,2,2400521.0,2021,5,15,7,3,5,2,0,1,1,0,0,0,0,0,1
11,7,7300517.0,2021,6,9,5,3,2,6,0,0,0,0,1,0,1,0,0
11,9,9301025.0,2021,6,15,4,3,1,5,0,0,1,0,0,0,0,1,0
11,4,4500937.0,2021,7,23,7,3,2,2,2,0,1,1,1,0,0,0,0
11,6,6100206.0,2021,6,12,2,3,6,2,0,0,1,1,0,0,0,0,0
11,11,11400930.0,2021,6,12,6,3,5,2,0,0,1,0,0,0,0,0,0
11,7,7501029.0,2021,6,10,3,3,2,6,0,0,1,0,0,0,0,0,0
11,5,5100317.0,2021,6,5,4,3,5,2,0,1,0,0,0,0,1,0,0
11,8,8100520.0,2021,6,21,7,3,2,6,1,0,1,0,0,0,0,0,0
11,11,11200410.0,2021,6,10,2,3,5,2,0,0,1,0,0,0,1,0,0
11,5,5100316.0,2021,7,11,1,3,5,3,0,0,1,0,1,0,0,0,0
11,6,6400839.0,2021,6,14,1,3,5,2,0,1,0,0,1,0,0,0,0
11,7,7200307.0,2021,5,9,3,3,6,2,0,1,0,1,0,0,0,0,1
11,4,4501041.0,2021,7,15,5,3,6,2,0,0,1,1,0,0,0,1,0
11,7,7501134.0,2021,7,14,3,2,0,1,0,0,0,0,1,0,0,0,0
11,8,8200624.0,2021,7,11,5,3,2,2,0,0,1,0,0,0,0,0,0
11,4,4300619.0,2021,6,15,2,3,5,2,0,0,1,0,1,0,0,0,0
11,4,4500939.0,2021,6,7,5,3,5,2,0,1,1,0,0,0,0,0,0
11,8,8100311.0,2021,5,22,1,2,5,2,0,0,1,0,1,0,0,0,1
11,9,9200613.0,2021,6,7,6,3,1,5,0,0,1,0,0,0,1,0,0
11,10,10300731.0,2021,6,8,5,3,1,5,0,1,1,0,0,0,0,1,0
11,7,7501134.0,2021,6,16,3,3,5,2,0,1,1,0,0,0,0,0,0
11,4,4400833.0,2021,6,7,2,3,5,2,0,1,1,0,0,0,0,0,0
11,1,1401048.0,2021,5,16,5,3,4,6,0,0,1,0,0,0,0,1,1
11,4,4501045.0,2021,6,20,4,2,5,2,0,1,1,0,0,0,0,0,0
11,8,8100417.0,2021,5,22,1,3,0,1,2,0,0,0,0,0,1,0,1
11,5,5100317.0,2021,6,11,2,2,3,2,0,1,1,0,0,0,0,0,0
11,6,6200311.0,2021,7,10,2,3,2,6,0,0,1,0,1,0,0,1,0
11,2,2100105.0,2021,6,10,5,3,0,7,0,0,1,0,1,1,0,0,0
11,9,9200717.0,2021,7,17,6,3,5,3,0,0,1,0,0,0,1,0,0
11,2,2500833.0,2021,7,14,6,3,5,2,0,1,1,0,0,0,0,1,0
11,5,5200633.0,2021,6,20,5,3,2,2,0,0,1,0,0,0,0,0,0
11,5,5100101.0,2021,6,19,5,2,6,4,0,0,1,1,0,0,0,0,0
11,9,9100304.0,2021,6,21,2,3,5,3,1,1,1,0,0,0,0,0,0
11,7,7400824.0,2021,5,11,2,3,6,4,0,0,1,1,0,0,0,0,1
11,3,3400619.0,2021,6,12,6,3,5,3,0,1,1,0,0,0,0,0,0
11,1,1401047.0,2021,6,19,6,3,0,1,0,1,0,0,0,0,0,0,0
11,9,9200511.0,2021,6,16,4,3,2,6,0,1,1,0,0,0,0,0,0
11,10,10200628.0,2021,6,12,2,3,2,7,0,1,0,0,0,0,1,0,0
11,1,1400938.0,2021,5,7,6,3,1,5,0,1,1,0,0,1,0,0,1
11,5,5200423.0,2021,6,14,4,3,2,6,0,0,1,0,1,0,0,0,0
11,3,3601449.0,2021,7,4,1,3,5,3,1,0,1,0,0,0,1,0,0
11,10,10100316.0,2021,5,10,3,3,0,6,0,0,0,0,0,0,1,1,1
11,6,6400841.0,2021,6,23,3,3,5,3,2,0,1,0,0,0,0,1,0
11,1,1100310.0,2021,7,15,3,3,6,7,0,0,0,1,0,0,1,0,0
11,2,2200212.0,2021,7,11,7,3,6,4,0,1,0,1,0,0,0,0,0
11,3,3601449.0,2021,6,16,2,3,1,5,0,1,1,0,0,0,0,0,0
11,6,6400737.0,2021,6,7,6,3,5,3,0,1,1,0,0,0,0,0,0
11,4,4501042.0,2021,6,23,2,3,2,2,2,0,1,0,0,0,0,0,0
11,12,12200515.0,2021,6,10,3,3,6,7,0,0,0,1,0,1,0,0,0
11,6,6400838.0,2021,6,13,7,3,2,2,0,1,1,0,0,0,0,1,0
11,1,1401046.0,2021,6,19,7,3,0,1,0,1,0,0,0,0,0,0,0
11,3,3701554.0,2021,7,13,6,3,1,5,0,1,1,0,0,0,0,0,0
11,2,2400623.0,2021,6,15,5,3,0,2,0,1,1,0,0,0,0,0,0
11,1,1401047.0,2021,6,20,6,3,5,3,1,1,1,0,0,0,0,0,0
11,11,11400927.0,2021,5,8,4,3,0,7,0,0,1,0,0,0,1,0,1
11,6,6400736.0,2021,6,8,4,3,0,7,0,0,0,0,1,0,0,1,0
11,2,2100104.0,2021,7,17,2,2,5,2,0,1,1,0,0,0,0,0,0
11,10,10100311.0,2021,7,6,4,2,0,1,0,1,0,0,0,0,0,1,0
11,1,1300733.0,2021,6,19,4,3,2,7,0,0,1,0,0,0,0,0,0
11,5,5300839.0,2021,5,15,7,2,5,2,0,0,1,0,0,0,1,0,1
11,12,12200307.0,2021,6,15,5,2,2,6,0,0,1,0,1,0,0,0,0
11,1,1100415.0,2021,6,15,4,3,0,1,0,0,0,0,1,0,0,1,0
11,7,7100103.0,2021,6,2,3,3,0,1,2,0,0,0,0,0,1,0,0
11,4,4501042.0,2021,6,11,7,3,2,2,0,1,1,0,0,0,0,0,0
11,4,4300619.0,2021,6,16,3,3,5,2,0,1,1,0,0,0,0,0,0
11,6,6100205.0,2021,6,16,4,3,2,6,0,0,1,0,0,0,0,0,0
11,2,2200207.0,2021,6,13,2,3,6,4,0,0,1,1,0,0,0,0,0
11,12,12400723.0,2021,6,17,1,3,5,3,0,1,1,0,0,0,0,0,0
11,1,1100310.0,2021,7,11,1,2,2,6,0,0,1,0,1,0,0,0,0
11,12,12200308.0,2021,6,20,7,3,6,4,0,1,0,1,0,0,0,0,0
11,4,4300412.0,2021,7,14,5,3,5,3,0,1,1,0,0,0,0,1,0
11,4,4501149.0,2021,7,9,4,3,3,6,0,1,0,0,0,1,0,0,0
11,2,2400625.0,2021,7,20,5,3,1,5,0,1,1,0,0,0,0,0,0
11,10,10100205.0,2021,6,7,5,3,5,3,0,0,1,0,0,0,0,0,0
11,4,4501042.0,2021,6,15,4,3,2,2,0,0,1,0,0,0,0,0,0
11,7,7400825.0,2021,6,14,6,2,5,7,0,1,1,0,0,0,0,0,0
11,4,4400727.0,2021,6,8,2,3,1,5,0,0,1,0,0,0,0,0,0
11,7,7200409.0,2021,6,12,4,3,5,2,0,1,1,0,0,0,0,0,0
11,7,7200307.0,2021,5,13,3,3,2,6,0,0,1,0,1,0,0,0,1
11,4,4501042.0,2021,6,20,3,3,2,6,0,0,1,0,1,0,0,1,0
11,8,8100521.0,2021,7,17,2,3,2,6,0,0,1,0,0,0,0,0,0
11,1,1100102.0,2021,7,9,4,3,3,6,0,0,1,0,0,1,0,1,0
11,9,9200511.0,2021,6,19,4,3,2,6,0,0,1,0,0,0,0,0,0
11,4,4500937.0,2021,5,9,7,3,0,6,0,0,1,0,0,0,1,0,1
11,1,1100102.0,2021,6,13,5,3,5,2,0,1,1,0,0,0,0,0,0
11,7,7601544.0,2021,6,9,4,3,5,2,0,1,1,0,0,0,0,0,0
11,3,3200205.0,2021,6,7,3,3,5,3,0,0,1,0,0,0,0,0,0
11,1,1400937.0,2021,6,12,5,3,5,3,0,0,1,0,1,0,0,0,0
11,9,9100304.0,2021,6,20,7,2,1,1,1,0,1,0,0,0,1,0,0
11,8,8401242.0,2021,6,16,3,3,5,3,0,0,1,0,0,0,0,0,0
11,7,7200307.0,2021,6,12,4,2,5,2,0,1,1,0,0,0,0,0,0