LAND,BEZ,LOR_ab_2021,UJAHR,UMONAT,USTUNDE,UWOCHENTAG,UKATEGORIE,UART,UTYP1,ULICHTVERH,IstRad,IstPKW,IstFuss,IstKrad,IstGkfz,IstSonstige,USTRZUSTAND,lockdown
11,1,1200520.0,2021,6,17,2,2,5,2,0,1,1,0,0,0,0,0,0
11,4,4200308.0,2021,6,14,7,3,0,7,0,0,0,0,1,0,0,0,0
11,8,7501134.0,2021,7,12,7,2,2,6,0,0,1,0,1,0,0,0,0
11,8,8200730.0,2021,6,16,1,3,1,5,0,0,1,0,0,1,0,0,0
11,4,4501041.0,2021,5,16,3,3,3,6,0,0,1,0,0,0,0,1,1
11,2,2300419.0,2021,7,15,5,3,0,7,0,1,0,0,0,0,0,1,0
11,4,4200205.0,2021,7,21,4,3,1,3,1,1,1,0,0,0,1,0,0
11,3,3500933.0,2021,7,19,4,3,5,2,0,1,0,0,1,0,0,0,0
11,3,3601346.0,2021,6,22,2,2,0,1,2,1,0,0,0,0,0,0,0
11,3,3601141.0,2021,6,8,5,3,3,6,0,1,1,0,0,0,0,0,0
11,9,9501737.0,2021,5,16,2,3,8,1,0,0,0,0,1,0,0,0,1
11,7,7200307.0,2021,6,14,5,3,1,5,0,1,1,0,0,0,0,0,0
11,12,12400616.0,2021,6,13,5,2,1,1,0,0,1,0,0,0,0,0,0
11,5,5300840.0,2021,6,8,3,3,2,6,0,0,1,0,1,0,0,0,0
11,8,8100417.0,2021,6,17,2,3,2,6,0,1,0,0,0,0,1,0,0
11,1,1200626.0,2021,6,17,2,3,2,2,0,1,1,0,0,0,0,0,0
11,9,9100304.0,2021,5,21,5,2,5,2,1,0,1,0,0,0,0,0,1
11,1,1200629.0,2021,6,17,4,3,3,6,0,1,0,0,0,0,0,0,0
11,7,7400822.0,2021,5,15,1,3,1,5,0,0,1,0,0,1,0,0,1
11,9,9501941.0,2021,6,17,3,3,6,4,0,1,0,1,0,0,0,0,0
11,12,12200411.0,2021,7,23,2,2,5,2,2,0,1,0,0,0,0,0,0
11,12,12200310.0,2021,7,16,6,3,2,6,0,0,1,0,0,0,0,0,0
11,1,1401045.0,2021,7,19,6,3,3,6,0,0,1,0,0,0,0,1,0
11,1,1400938.0,2021,6,19,5,3,1,5,0,1,1,0,0,0,0,0,0
11,9,9300920.0,2021,6,21,5,3,5,3,1,1,1,0,0,0,0,0,0
11,1,1400938.0,2021,6,18,2,3,2,6,0,0,1,0,1,0,0,0,0
11,7,7400927.0,2021,5,14,2,3,0,7,0,0,1,0,1,0,0,0,1
11,2,2500833.0,2021,6,19,6,3,5,3,0,1,1,0,0,0,0,0,0
11,1,1300834.0,2021,6,15,6,3,1,5,0,1,0,0,0,0,1,0,0
11,5,5200629.0,2021,6,7,4,3,5,3,0,0,1,0,0,0,0,0,0
11,4,4400832.0,2021,6,14,6,3,2,6,0,0,1,0,0,0,0,0,0
11,6,6100209.0,2021,5,8,6,3,5,3,0,1,1,0,0,0,0,1,1
11,12,12100205.0,2021,6,13,4,3,2,6,0,0,1,0,0,0,0,0,0
11,3,3601142.0,2021,7,13,1,3,5,2,0,1,1,0,0,0,0,0,0
11,11,11501340.0,2021,5,18,3,3,3,6,0,0,1,0,1,0,0,1,1
11,2,2200210.0,2021,6,8,3,3,5,3,0,0,1,0,0,0,0,0,0
11,9,9200613.0,2021,7,8,2,2,2,6,0,0,1,0,0,0,0,1,0
11,12,12500824.0,2021,7,10,3,3,6,4,0,0,1,1,0,0,0,0,0
11,1,1300834.0,2021,7,16,7,2,2,6,0,1,1,0,0,0,0,0,0
11,5,5100101.0,2021,6,14,2,3,5,3,0,0,1,0,0,0,0,0,0
11,7,7300619.0,2021,6,12,6,3,5,2,0,1,1,0,0,0,0,0,0
11,10,10400835.0,2021,6,18,3,3,5,3,0,0,1,0,0,0,0,0,0
11,12,12500824.0,2021,6,11,3,3,5,2,0,0,1,0,0,0,0,0,0
11,10,10200417.0,2021,6,14,7,3,6,4,0,0,1,1,0,0,0,1,0
11,4,4300620.0,2021,6,12,6,3,2,2,0,0,1,0,0,0,0,0,0
11,4,4200308.0,2021,7,11,7,3,5,3,0,0,1,0,0,0,0,0,0
11,7,7300619.0,2021,6,17,6,3,5,2,0,0,1,0,1,0,0,0,0
11,12,12100205.0,2021,5,17,4,3,5,2,0,0,1,0,0,0,0,0,1
11,6,6200316.0,2021,6,16,4,3,2,6,0,0,1,0,0,0,1,1,0
11,3,3500934.0,2021,7,16,3,2,5,2,0,1,1,0,0,0,0,0,0
11,6,6400844.0,2021,7,8,4,3,5,3,0,0,1,0,0,0,0,1,0
11,3,3601453.0,2021,6,17,4,3,5,2,0,1,1,0,0,0,0,0,0
11,3,3300411.0,2021,6,16,2,3,6,4,0,0,1,1,0,0,0,0,0
11,8,8100310.0,2021,5,13,6,3,6,2,0,0,1,1,0,0,0,1,1
11,3,3701554.0,2021,6,10,5,3,5,2,0,1,1,0,0,0,0,0,0
11,8,8100102.0,2021,6,17,4,2,0,3,0,1,0,0,0,0,1,0,0
11,1,1100313.0,2021,6,9,4,3,6,4,0,0,1,1,0,0,0,0,0
11,1,1200520.0,2021,6,17,7,3,1,5,0,1,1,0,0,0,0,0,0
11,12,12100205.0,2021,6,17,3,3,2,6,0,0,1,0,0,0,0,0,0
11,1,1300836.0,2021,6,16,4,3,1,5,0,1,1,0,0,0,0,0,0
11,11,11200411.0,2021,6,17,2,3,6,4,0,1,0,1,0,0,0,0,0
11,4,4400726.0,2021,6,3,1,2,0,1,2,1,0,0,0,0,0,0,0
11,4,4501153.0,2021,7,9,1,3,5,2,0,0,1,0,0,0,0,0,0
11,8,8100417.0,2021,6,13,7,3,3,6,0,1,0,0,0,0,0,0,0
11,1,1100205.0,2021,7,9,5,3,5,3,0,1,1,0,0,0,0,1,0
11,4,4501043.0,2021,7,17,5,3,5,3,0,0,1,0,1,0,0,1,0
11,3,3300413.0,2021,6,13,5,3,5,3,0,1,0,0,0,1,0,0,0
11,6,6100206.0,2021,6,7,5,3,6,2,0,0,1,1,0,0,0,0,0
11,11,11400928.0,2021,5,19,1,3,1,5,0,1,1,0,0,0,0,0,1
11,4,4300416.0,2021,6,13,6,3,5,3,0,0,1,0,0,0,0,0,0
11,9,9401534.0,2021,6,12,5,3,5,3,0,1,0,0,0,0,0,0,0
11,12,12400618.0,2021,6,10,3,3,2,6,0,0,1,0,1,0,0,0,0
11,3,3601245.0,2021,6,8,2,3,1,5,0,1,1,0,0,0,0,0,0
11,7,7400927.0,2021,5,15,5,3,5,3,0,0,1,0,0,0,1,1,1
11,5,5100313.0,2021,6,18,4,3,1,1,0,0,1,0,1,0,0,0,0
11,1,1200629.0,2021,5,16,2,3,5,3,0,1,0,0,1,0,0,0,1
11,7,7100102.0,2021,6,22,2,3,1,7,2,0,1,0,0,0,0,0,0
11,2,2500835.0,2021,7,20,2,2,6,4,0,0,1,1,0,0,0,0,0
11,9,9401534.0,2021,7,6,6,3,6,4,0,0,0,1,0,0,1,1,0
11,10,10100312.0,2021,7,22,6,3,5,2,2,0,1,0,0,0,0,1,0
11,10,10200422.0,2021,6,9,6,2,0,7,0,0,1,0,0,0,1,0,0
11,4,4300622.0,2021,6,17,5,3,6,4,0,0,1,1,0,0,0,0,0
11,3,3500936.0,2021,6,14,2,3,6,4,0,1,0,1,0,0,0,0,0
11,5,5100316.0,2021,5,18,2,3,0,2,0,0,1,0,0,0,1,0,1
11,6,6100208.0,2021,6,12,6,3,1,5,0,0,1,0,0,0,1,0,0
11,2,2400522.0,2021,6,15,6,3,2,6,0,0,1,0,0,0,0,0,0
11,3,3400828.0,2021,7,19,6,3,5,3,0,1,1,0,0,0,0,0,0
11,7,7601544.0,2021,6,8,4,3,5,2,0,0,1,0,0,0,0,0,0
11,1,1401043.0,2021,6,14,6,3,5,3,0,0,1,0,1,0,0,0,0
11,6,6300629.0,2021,5,14,1,2,5,3,0,1,1,0,0,0,0,0,1
11,7,7501031.0,2021,6,8,6,3,6,4,0,0,1,1,0,0,0,0,0
11,12,12200412.0,2021,6,18,5,3,6,4,0,0,1,1,0,0,0,1,0
11,1,1300836.0,2021,6,9,3,3,5,2,0,0,1,0,0,0,0,0,0
11,8,8200624.0,2021,6,17,2,3,0,1,0,1,0,0,0,0,0,0,0
11,6,6200313.0,2021,6,19,2,3,1,5,0,1,1,0,0,0,0,0,0
11,1,1200628.0,2021,5,18,5,3,0,1,0,0,0,0,1,0,0,1,1
11,5,5300736.0,2021,6,15,4,3,5,2,0,1,1,0,0,0,0,0,0
11,11,11100206.0,2021,5,18,1,2,2,6,0,0,1,1,1,0,0,1,1
11,11,11300722.0,2021,6,16,2,3,2,6,0,0,1,0,0,0,1,0,0
11,7,7501133.0,2021,7,11,2,2,5,3,0,0,1,0,0,0,0,1,0
11,10,10400835.0,2021,7,8,6,3,5,3,0,0,1,0,0,0,0,0,0
11,1,1300732.0,2021,7,8,6,3,5,2,0,1,1,0,0,0,0,1,0
11,1,1400937.0,2021,6,18,5,3,0,1,0,1,0,0,0,0,0,0,0
11,12,12601031.0,2021,6,10,2,3,2,6,0,0,1,0,0,0,0,0,0
11,5,5100314.0,2021,5,14,2,3,5,3,0,1,0,0,1,0,0,0,1
11,10,10200524.0,2021,6,19,6,3,0,1,0,0,0,0,0,0,1,0,0
11,12,12400722.0,2021,6,13,6,3,5,7,0,0,1,0,1,0,0,0,0
11,9,9100304.0,2021,7,19,6,3,2,7,0,0,1,0,0,0,0,0,0
11,6,6400737.0,2021,6,18,3,3,1,6,0,1,1,0,0,0,1,0,0
11,6,6300528.0,2021,6,7,6,3,2,6,0,0,1,0,0,0,0,1,0
11,1,1200518.0,2021,5,13,6,3,0,5,0,1,1,0,0,0,0,0,1
11,4,4501040.0,2021,6,12,4,3,2,6,0,0,1,0,0,0,0,0,0
11,8,8401241.0,2021,7,10,1,3,0,1,0,0,0,0,1,0,0,0,0
11,8,8200833.0,2021,5,6,3,3,5,3,0,0,1,0,0,0,1,1,1
11,1,1100206.0,2021,6,13,3,3,5,3,0,0,1,0,0,0,1,0,0
11,10,10300734.0,2021,7,16,2,3,6,4,0,0,1,1,0,0,0,0,0
11,4,4300619.0,2021,7,15,3,3,5,2,0,1,1,0,0,0,0,0,0
11,8,8100314.0,2021,5,11,6,3,1,5,0,0,1,0,0,0,0,0,1
11,2,2200213.0,2021,6,8,5,3,6,7,0,0,0,1,0,0,1,0,0
11,7,7601544.0,2021,7,19,7,3,5,2,0,0,1,0,1,0,0,0,0
11,3,3400723.0,2021,6,15,2,3,2,2,0,0,0,0,1,0,0,0,0
11,7,7400823.0,2021,6,16,6,2,5,2,0,1,1,0,0,0,0,0,0
11,10,10300734.0,2021,6,11,3,2,5,3,0,1,1,0,0,0,0,0,0
11,8,8100314.0,2021,6,14,3,3,6,4,0,0,0,1,1,0,0,0,0
11,7,7501029.0,2021,6,16,2,3,5,2,0,1,1,0,0,0,0,0,0
11,3,3300413.0,2021,6,9,6,3,5,3,0,0,1,0,1,0,0,0,0
11,8,8401241.0,2021,7,6,7,3,4,6,0,0,1,0,0,0,0,0,0
11,4,4400835.0,2021,6,17,7,3,1,5,0,1,1,0,0,0,0,0,0
11,11,11400929.0,2021,5,8,3,3,9,1,0,0,0,0,1,0,0,0,1
11,12,12500928.0,2021,6,13,4,3,2,6,0,0,1,0,0,0,0,1,0
11,12,12400619.0,2021,7,8,3,3,2,6,0,1,1,0,0,0,0,0,0
11,11,11200514.0,2021,7,4,4,3,5,3,1,0,1,0,1,0,0,1,0
11,8,8100206.0,2021,6,23,4,3,1,5,2,1,1,0,0,0,0,0,0
11,5,5100208.0,2021,6,17,2,3,5,3,0,0,1,0,1,0,0,0,0
11,11,11300721.0,2021,5,17,6,3,5,3,0,0,1,0,0,0,0,0,1
11,7,7300517.0,2021,6,13,5,3,2,6,0,1,1,0,0,0,0,0,0
11,9,9200715.0,2021,6,17,5,3,5,3,0,1,1,0,0,0,0,0,0
11,12,12100101.0,2021,6,8,3,3,0,2,0,1,1,0,0,0,0,0,0
11,8,8100209.0,2021,6,14,1,3,5,2,0,1,1,0,0,0,0,0,0
11,4,4501041.0,2021,6,18,3,3,5,2,0,1,1,0,0,0,0,0,0
11,6,6100205.0,2021,6,15,4,3,2,6,0,0,1,0,0,0,0,0,0
11,12,12400721.0,2021,6,9,2,3,5,3,0,0,1,0,0,0,0,0,0
11,3,3100102.0,2021,7,1,1,3,5,2,2,0,1,0,1,0,0,0,0
11,6,6400737.0,2021,6,10,1,3,5,2,0,0,0,0,1,0,0,0,0
11,2,2400625.0,2021,7,19,5,2,3,6,1,1,0,0,0,0,0,1,0
11,1,1300835.0,2021,7,13,5,3,5,2,0,1,1,0,0,0,0,0,0
11,1,1401044.0,2021,6,7,5,3,2,6,0,0,1,0,1,0,0,0,0
11,1,1400938.0,2021,5,6,2,3,1,5,0,0,0,0,0,1,1,0,1
11,12,12100205.0,2021,6,20,5,3,0,7,0,0,1,0,0,0,0,0,0
11,1,1100205.0,2021,6,18,6,3,3,6,0,1,1,0,1,0,0,0,0
11,3,3601450.0,2021,6,11,2,3,0,3,0,0,1,0,0,0,0,0,0
11,8,8100520.0,2021,6,8,2,3,5,3,0,1,0,0,0,0,0,0,0
11,10,10300733.0,2021,5,14,5,3,5,2,0,0,1,0,0,0,0,1,1
11,9,9100304.0,2021,6,17,4,3,5,2,0,0,1,0,0,0,0,0,0
11,1,1100103.0,2021,5,18,2,3,1,5,0,0,0,0,1,0,1,0,1
11,7,7400823.0,2021,6,7,2,3,5,2,0,0,1,0,0,0,0,0,0
11,4,4200203.0,2021,7,11,2,3,9,1,0,0,0,0,0,0,1,1,0
11,1,1100309.0,2021,7,21,5,3,2,6,1,0,1,0,0,0,0,0,0
11,1,1100308.0,2021,6,9,6,3,5,3,0,0,1,0,0,0,0,0,0
11,1,1100103.0,2021,6,15,5,3,5,2,0,0,1,0,0,0,0,0,0
11,6,6300632.0,2021,6,17,2,2,5,3,0,0,1,0,0,0,1,0,0
11,8,8100102.0,2021,5,9,2,3,2,6,0,1,1,0,0,0,0,0,1
11,4,4200308.0,2021,6,13,6,3,5,2,0,0,1,0,0,0,0,0,0
11,8,8100314.0,2021,6,15,7,3,6,4,0,0,1,1,0,0,0,0,0
11,2,2100101.0,2021,7,15,6,3,2,6,0,0,1,0,0,0,1,0,0
11,8,8100419.0,2021,6,14,3,3,5,3,0,1,1,0,0,0,0,0,0
11,2,2300418.0,2021,6,19,6,3,1,5,0,1,1,0,0,0,0,0,0
11,1,1100206.0,2021,5,8,6,3,5,3,0,1,1,0,0,0,0,0,1
11,12,12200413.0,2021,6,16,4,3,5,3,0,0,1,0,0,0,0,0,0
11,5,5200526.0,2021,7,20,7,3,2,6,0,0,1,0,0,0,1,0,0
11,1,1401045.0,2021,5,17,3,3,2,6,0,0,1,0,0,0,0,1,1
11,5,5100105.0,2021,6,14,3,3,2,6,0,0,1,0,0,0,0,0,0
11,9,9200614.0,2021,7,8,2,3,0,1,0,1,0,0,0,0,0,1,0
11,3,3500934.0,2021,7,12,3,3,0,6,0,1,0,0,0,0,1,0,0
11,8,8401243.0,2021,5,10,7,3,6,7,0,0,0,1,0,0,1,0,1
11,11,11400929.0,2021,6,9,5,2,5,2,0,0,1,0,0,0,1,0,0
11,7,7400927.0,2021,6,14,4,3,5,2,0,0,1,0,1,0,0,1,0
11,4,4300416.0,2021,7,9,7,3,0,3,0,0,1,0,1,0,0,1,0
11,8,8401241.0,2021,6,16,2,3,5,3,0,0,1,0,1,0,0,0,0
11,3,3400619.0,2021,6,14,6,3,5,2,0,1,1,0,0,0,0,0,0
11,5,5100208.0,2021,6,19,3,3,2,6,0,0,1,0,0,0,0,0,0
11,4,4100102.0,2021,6,18,3,3,5,3,0,1,1,0,0,0,0,0,0
11,1,1401046.0,2021,6,17,7,3,0,7,0,1,0,0,0,0,0,0,0
11,8,8200624.0,2021,6,17,2,3,2,6,0,0,1,0,0,0,0,0,0
11,10,10100312.0,2021,7,12,7,2,5,7,0,0,1,0,1,0,0,0,0
11,7,7601544.0,2021,6,14,7,3,3,6,0,0,1,0,1,0,0,0,0
11,7,7400823.0,2021,5,19,4,2,0,6,0,0,1,0,1,0,0,0,1
11,12,12601235.0,2021,6,17,4,3,1,5,1,0,1,1,0,0,1,1,0
11,8,8100206.0,2021,7,22,3,3,2,7,2,0,1,0,1,0,0,0,0
11,3,3500935.0,2021,7,20,4,3,7,7,0,0,0,0,1,0,0,0,0
11,1,1200517.0,2021,6,12,5,3,2,2,0,0,1,0,0,1,0,0,0
11,1,1300836.0,2021,5,12,1,3,0,1,0,1,0,0,0,0,0,0,1
11,5,5200528.0,2021,6,17,5,3,3,6,0,0,1,0,0,0,1,0,0
11,3,3400831.0,2021,6,17,5,3,3,6,0,0,1,0,0,0,1,0,0
11,12,12500929.0,2021,5,18,6,3,5,3,0,0,1,0,0,0,1,1,1
11,1,1300732.0,2021,6,13,5,2,0,3,0,0,1,0,1,0,0,0,0
11,8,8200730.0,2021,7,15,2,3,3,6,0,0,0,0,0,1,1,0,0
11,9,9100408.0,2021,5,8,3,3,5,2,0,0,1,0,0,0,1,0,1
11,5,5300840.0,2021,6,16,3,3,6,4,0,0,1,1,0,0,0,0,0
11,12,12200308.0,2021,7,12,2,3,1,5,0,1,1,0,0,0,0,0,0
11,1,1100102.0,2021,7,18,3,2,0,7,0,1,0,0,0,0,0,0,0
11,1,1300834.0,2021,5,12,6,3,5,2,0,0,1,0,0,0,0,0,1
11,10,10100315.0,2021,6,12,5,3,0,6,0,0,1,0,0,0,1,0,0
11,4,4100101.0,2021,7,21,7,2,5,2,2,0,1,1,0,0,0,0,0
11,3,3100103.0,2021,6,10,2,2,1,5,0,1,1,0,0,0,0,0,0
11,8,8100105.0,2021,6,11,6,3,5,2,0,1,1,0,0,0,0,0,0
11,1,1300835.0,2021,6,15,2,3,5,3,0,1,1,0,0,0,0,0,0
11,2,2200208.0,2021,6,12,3,2,0,7,0,1,0,0,0,0,0,0,0
11,8,8401244.0,2021,6,10,7,3,0,6,0,0,1,0,0,0,1,0,0
11,3,3601245.0,2021,6,5,7,2,5,3,0,0,1,0,0,0,0,0,0
11,6,6100205.0,2021,7,14,6,2,5,3,0,1,0,0,0,0,1,0,0
11,3,3601243.0,2021,6,17,7,3,2,6,0,0,1,0,0,0,0,0,0
11,11,11300722.0,2021,5,20,4,3,0,1,0,0,0,0,0,0,1,0,1
11,5,5100313.0,2021,6,15,4,3,2,6,0,0,1,0,0,0,0,1,0
11,2,2500833.0,2021,7,23,3,3,0,1,2,1,0,0,0,0,0,0,0
11,11,11300722.0,2021,7,13,4,3,0,1,0,0,0,0,1,0,0,1,0
11,4,4501041.0,2021,6,11,4,3,2,7,0,1,0,0,0,0,1,0,0
11,8,8100312.0,2021,5,11,6,3,1,5,0,1,1,0,0,0,0,0,1
11,12,12500927.0,2021,6,16,5,3,2,6,0,0,1,0,0,0,0,0,0
11,2,2100102.0,2021,6,10,5,3,0,2,0,1,0,0,0,1,0,1,0
11,4,4400833.0,2021,6,19,3,3,5,3,0,0,0,0,1,0,1,0,0
11,1,1100310.0,2021,6,11,6,3,6,2,0,0,0,1,0,0,1,0,0
11,2,2200207.0,2021,6,18,7,2,8,1,0,0,1,0,0,0,0,0,0
11,3,3701554.0,2021,6,13,1,3,5,3,0,0,1,0,0,0,1,0,0
11,1,1200629.0,2021,6,3,4,3,3,5,2,0,1,0,0,0,1,0,0
11,8,8200730.0,2021,6,17,4,2,5,5,0,0,0,0,1,0,1,0,0
11,3,3701556.0,2021,6,20,2,3,0,1,0,1,0,0,0,0,0,0,0
11,5,5300736.0,2021,7,12,7,3,2,6,0,0,1,0,0,0,0,0,0
11,1,1100310.0,2021,6,7,7,3,5,3,0,0,1,0,0,0,0,0,0
11,4,4501045.0,2021,7,10,5,3,5,3,0,0,1,0,0,0,0,1,0
11,8,8301036.0,2021,7,14,5,3,2,6,0,0,1,0,1,0,0,0,0
11,5,5200634.0,2021,6,18,5,2,2,6,0,1,1,0,0,0,0,0,0
11,8,8100415.0,2021,5,19,2,3,0,7,0,0,1,0,1,0,0,0,1
11,9,9301025.0,2021,6,18,5,3,4,6,0,0,1,0,0,0,1,0,0
11,3,3400725.0,2021,6,15,6,3,5,3,0,1,1,0,0,0,0,0,0
11,1,1100102.0,2021,6,10,3,3,5,3,0,0,1,0,0,0,0,0,0
11,7,7300515.0,2021,6,18,2,3,5,2,0,1,1,0,0,0,0,0,0
11,3,3601244.0,2021,5,10,5,3,5,3,0,1,1,0,0,0,0,0,1
11,3,3400620.0,2021,6,9,4,3,2,6,0,0,1,0,1,0,0,0,0
11,1,1100310.0,2021,7,19,7,3,5,2,0,0,1,0,1,0,0,0,0
11,1,1200625.0,2021,5,18,1,3,6,4,0,0,1,1,0,0,0,0,1
11,9,9300920.0,2021,6,14,3,3,5,3,0,0,1,0,0,0,0,0,0
11,5,5400942.0,2021,7,7,3,3,3,6,0,1,1,0,0,0,0,0,0
11,2,2100104.0,2021,7,15,5,3,5,7,0,1,0,0,0,0,1,1,0
11,10,10100205.0,2021,6,14,2,3,5,2,0,1,0,0,0,1,0,0,0
11,8,8401244.0,2021,6,7,6,3,6,4,0,0,1,1,0,0,0,0,0
11,6,6200313.0,2021,6,21,5,2,0,6,2,0,0,0,0,0,1,0,0
11,5,5200528.0,2021,6,17,2,3,6,7,0,0,0,1,0,0,1,0,0
11,10,10300731.0,2021,6,18,3,2,1,5,0,0,1,0,0,0,0,0,0
11,1,1100312.0,2021,6,13,6,3,1,5,0,1,1,0,0,0,0,0,0
11,1,1401047.0,2021,6,22,7,3,2,6,2,0,0,0,0,0,1,0,0
11,1,1300733.0,2021,7,22,6,3,5,7,2,1,1,0,0,0,0,0,0
11,8,8100312.0,2021,6,9,4,3,5,3,0,1,1,0,0,0,0,0,0
11,12,12200413.0,2021,6,14,6,2,3,7,0,1,0,0,0,0,0,0,0
11,7,7601442.0,2021,6,12,4,2,5,2,0,0,1,0,0,0,0,0,0
11,4,4300619.0,2021,5,23,3,3,5,3,2,0,1,0,0,0,0,0,1
11,2,2400623.0,2021,6,14,4,3,6,7,0,0,0,1,0,0,1,1,0
11,5,5300840.0,2021,7,14,2,3,5,7,0,0,1,0,0,0,0,0,0
11,8,8200725.0,2021,7,10,4,3,2,6,0,0,1,0,0,0,0,1,0
11,1,1401046.0,2021,6,18,4,3,1,5,0,1,1,0,0,0,0,0,0
11,7,7400826.0,2021,5,17,7,3,5,3,0,0,1,0,0,0,0,0,1
11,6,6200313.0,2021,6,15,5,3,0,6,0,0,0,0,0,0,1,0,0
11,1,1300836.0,2021,6,21,4,3,5,3,0,1,1,0,0,0,0,0,0
11,1,1100415.0,2021,7,10,7,3,1,5,0,1,1,0,0,0,0,1,0
11,7,7400721.0,2021,6,0,4,3,6,4,2,0,0,1,1,0,0,0,0
11,1,1100206.0,2021,6,23,7,3,5,2,2,1,1,0,0,0,0,0,0
11,10,10100205.0,2021,6,8,4,3,5,2,0,0,1,0,0,0,0,0,0
11,6,6300528.0,2021,6,7,4,3,5,3,0,1,0,0,1,0,0,0,0
11,10,10200418.0,2021,6,7,2,3,6,4,0,0,1,1,0,0,0,0,0
11,3,3500933.0,2021,6,13,1,3,5,3,0,1,1,0,0,0,0,0,0
11,3,3300516.0,2021,7,20,1,2,5,3,0,1,1,0,0,0,0,0,0
11,1,1100309.0,2021,6,23,7,3,5,3,2,0,0,0,0,0,1,0,0
11,2,2300314.0,2021,5,12,3,3,1,5,0,1,1,0,0,0,0,1,1
11,8,8401244.0,2021,6,12,4,3,2,6,0,0,1,0,0,0,1,1,0
11,1,1300836.0,2021,7,15,3,3,3,6,0,0,1,0,0,0,0,0,0
11,2,2100106.0,2021,7,2,5,3,5,3,2,1,1,0,0,0,0,0,0
11,9,9501941.0,2021,6,15,5,3,5,3,0,0,1,0,0,0,0,0,0
11,3,3601140.0,2021,5,20,1,3,0,7,0,1,1,0,0,0,0,0,1
11,4,4300621.0,2021,6,17,5,3,5,7,0,1,1,0,0,0,0,0,0
11,5,5100208.0,2021,6,12,5,3,6,4,0,1,0,1,0,0,0,1,0
11,3,3500936.0,2021,6,10,3,3,3,6,0,0,1,0,0,1,0,0,0
11,1,2400623.0,2021,6,22,1,3,2,6,2,0,1,0,0,0,0,0,0
11,12,12500929.0,2021,5,16,5,3,2,6,0,0,1,0,0,0,0,1,1
11,4,4100101.0,2021,6,18,4,2,5,2,0,0,1,0,1,0,0,0,0
11,5,5300735.0,2021,5,21,1,3,5,3,2,0,1,0,0,0,0,0,1
11,8,8100312.0,2021,6,17,2,3,2,6,0,1,1,0,0,0,0,0,0
11,1,1300733.0,2021,7,23,3,2,5,2,2,0,1,0,1,0,0,1,0
11,1,1100104.0,2021,6,14,5,3,0,3,0,1,0,0,0,0,1,0,0
11,1,1100309.0,2021,7,16,6,2,5,2,0,1,1,0,0,0,0,0,0
11,2,2200213.0,2021,7,8,4,3,5,2,0,1,1,0,0,0,0,0,0
11,1,1200522.0,2021,7,15,6,3,5,2,0,0,1,0,1,0,0,1,0
11,12,12200309.0,2021,6,13,6,3,3,6,0,0,1,0,0,1,0,0,0
11,5,5100317.0,2021,6,13,5,3,5,3,0,0,1,0,0,0,0,0,0
11,4,4500938.0,2021,6,23,2,2,1,5,2,0,1,0,1,0,0,0,0
11,7,7400826.0,2021,5,17,2,3,1,5,0,1,1,0,0,0,1,0,1
11,2,2200208.0,2021,6,17,6,3,5,2,0,0,1,0,1,0,0,0,0
11,1,1200520.0,2021,6,18,5,3,1,5,0,1,1,0,0,0,0,0,0
11,10,10400940.0,2021,6,22,3,3,0,6,2,1,0,0,0,0,1,0,0
11,7,7601544.0,2021,6,7,6,3,0,3,0,0,0,0,1,0,1,1,0
11,5,5200634.0,2021,5,15,6,3,6,7,0,1,0,1,0,0,0,0,1
11,1,1100310.0,2021,6,11,4,3,1,5,0,1,1,0,0,0,0,0,0
11,7,7400823.0,2021,7,19,1,2,5,3,0,0,1,0,0,0,0,0,0
11,7,7400721.0,2021,5,14,3,3,5,7,0,0,1,0,1,0,0,0,1
11,4,4100101.0,2021,6,9,3,3,6,7,0,1,0,1,0,0,0,0,0
11,8,8100314.0,2021,7,15,3,3,0,7,0,0,0,0,0,0,1,0,0
11,3,3500933.0,2021,6,23,3,3,2,6,2,0,1,0,0,0,0,0,0
11,6,6400737.0,2021,6,9,7,3,1,5,0,0,1,0,1,0,0,0,0
11,2,2100104.0,2021,6,0,3,3,5,3,2,0,1,0,0,0,0,0,0
11,6,6200423.0,2021,6,21,4,3,1,5,1,0,1,0,0,0,0,0,0
11,1,1200520.0,2021,6,14,2,3,6,2,0,0,1,1,0,0,0,0,0
11,4,4501152.0,2021,7,19,2,3,0,2,0,1,1,0,0,0,0,0,0
11,1,1100415.0,2021,6,10,7,3,0,1,0,1,0,0,0,0,0,0,0
11,4,4200311.0,2021,6,18,4,3,3,6,0,0,1,0,0,0,0,1,0
11,6,6300528.0,2021,7,16,5,3,0,1,0,0,0,0,1,0,0,1,0
11,10,10400940.0,2021,6,15,6,2,6,4,0,0,1,1,0,0,0,0,0
11,12,12100205.0,2021,6,17,2,3,0,1,0,0,0,0,1,0,0,0,0
11,2,2500831.0,2021,5,11,2,3,6,2,0,0,1,1,0,0,0,0,1
11,3,3400722.0,2021,6,15,6,2,1,5,0,1,1,0,0,0,0,0,0
11,9,9200715.0,2021,6,19,6,3,5,2,1,0,1,0,0,0,0,0,0
11,9,9200716.0,2021,6,9,3,3,1,5,0,0,1,0,1,0,0,0,0
11,8,8200622.0,2021,6,20,6,3,6,4,0,0,1,1,0,0,0,0,0
11,1,1401045.0,2021,6,23,1,2,0,7,2,0,0,0,0,0,1,0,0