LAND,BEZ,LOR_ab_2021,UJAHR,UMONAT,USTUNDE,UWOCHENTAG,UKATEGORIE,UART,UTYP1,ULICHTVERH,IstRad,IstPKW,IstFuss,IstKrad,IstGkfz,IstSonstige,USTRZUSTAND,lockdown
11,4,4300416.0,2021,6,9,2,3,5,2,0,1,1,0,0,0,0,0,0
11,1,1400937.0,2021,5,14,5,3,0,2,0,1,1,0,0,0,0,0,1
11,5,5200629.0,2021,6,15,4,3,5,2,0,1,1,0,0,0,0,0,0
11,5,5200528.0,2021,7,11,1,3,0,1,0,0,0,0,1,0,0,0,0
11,3,3601348.0,2021,5,12,2,3,5,3,0,1,1,0,0,0,0,0,1
11,9,9502043.0,2021,6,15,3,3,5,2,0,1,1,0,0,0,0,0,0
11,1,1200623.0,2021,7,8,3,3,0,7,0,0,1,0,0,0,1,0,0
11,9,9100408.0,2021,7,15,6,3,5,3,0,1,1,0,0,0,0,0,0
11,12,12500825.0,2021,6,11,2,3,0,7,0,1,0,0,0,0,0,0,0
11,1,1100313.0,2021,6,18,6,3,0,4,0,0,1,1,0,0,0,0,0
11,7,7100204.0,2021,6,19,5,2,1,5,1,1,1,0,0,0,0,0,0
11,2,2200210.0,2021,6,19,3,3,3,6,0,0,1,0,1,0,0,0,0
11,1,1300732.0,2021,6,6,3,3,0,5,0,0,1,0,0,0,1,0,0
11,12,12400616.0,2021,6,17,1,2,5,3,0,0,1,0,0,0,0,0,0
11,4,4501042.0,2021,6,17,7,3,2,6,0,0,1,0,0,0,1,0,0
11,3,3200206.0,2021,7,10,6,3,5,3,0,1,1,0,0,0,0,0,0
11,9,9200819.0,2021,6,16,4,3,0,1,0,1,0,0,0,0,1,0,0
11,10,10100313.0,2021,6,14,6,3,5,2,0,0,1,0,0,0,0,0,0
11,9,9100304.0,2021,6,10,2,3,6,7,0,0,1,1,0,0,0,0,0
11,9,9301025.0,2021,5,7,4,2,0,1,0,1,0,0,0,0,0,0,1
11,3,3200310.0,2021,6,10,4,3,6,3,0,0,1,1,0,0,0,1,0
11,7,7601442.0,2021,7,18,2,3,5,2,0,0,1,0,1,0,0,0,0
11,4,4200308.0,2021,7,14,4,2,5,3,0,1,1,0,0,0,0,0,0
11,2,2100106.0,2021,6,13,4,3,5,3,0,0,1,0,0,0,0,0,0
11,6,6300528.0,2021,5,15,7,3,5,2,0,1,0,0,0,0,0,0,1
11,6,6400735.0,2021,6,13,5,3,5,3,0,1,1,0,0,0,0,0,0
11,5,5100314.0,2021,6,15,4,3,5,3,0,1,0,0,0,0,0,0,0
11,9,9301126.0,2021,6,6,4,3,1,5,0,0,1,0,1,0,0,0,0
11,3,3400723.0,2021,6,11,7,3,0,3,0,0,1,0,0,0,1,0,0
11,11,11200411.0,2021,6,5,4,2,5,3,0,0,1,0,1,0,0,0,0
11,9,9501737.0,2021,6,11,4,3,5,2,0,1,1,0,0,0,0,0,0
11,6,6300633.0,2021,6,8,2,3,1,5,0,0,1,0,0,0,1,0,0
11,7,7601443.0,2021,6,21,7,3,1,7,2,1,0,0,0,0,1,0,0
11,9,9200512.0,2021,7,14,1,3,2,6,0,0,1,0,0,0,0,0,0
11,1,1401048.0,2021,6,22,7,3,1,5,2,0,1,0,0,0,0,0,0
11,5,5200632.0,2021,6,12,1,3,0,1,0,1,0,0,0,0,0,0,0
11,5,5100316.0,2021,7,18,5,3,1,5,0,1,1,0,0,0,0,0,0
11,12,12400618.0,2021,7,13,3,3,2,6,0,0,1,0,0,0,0,0,0
11,7,7300516.0,2021,7,15,5,2,5,3,0,1,1,0,0,0,0,1,0
11,10,10200417.0,2021,6,13,5,3,5,2,0,1,1,0,0,0,0,0,0
11,8,8401242.0,2021,5,16,2,3,5,2,0,1,1,0,0,0,0,0,1
11,1,1300836.0,2021,6,8,6,2,0,1,0,1,0,0,0,0,0,0,0
11,3,3601452.0,2021,6,15,5,3,2,6,0,1,1,0,0,0,0,1,0
11,4,4100101.0,2021,6,13,2,3,5,3,0,1,1,0,0,0,0,0,0
11,7,7300618.0,2021,6,16,2,3,0,7,0,1,0,0,0,0,0,0,0
11,1,1200627.0,2021,5,13,5,3,5,2,0,0,1,0,0,0,1,0,1
11,2,2200211.0,2021,6,9,4,3,3,6,0,1,0,0,0,1,0,0,0
11,9,9502043.0,2021,5,17,1,2,4,6,0,0,1,0,0,0,0,0,1
11,8,8100312.0,2021,6,17,3,3,5,3,0,1,0,0,0,0,1,0,0
11,2,2300314.0,2021,7,11,2,2,5,2,0,1,0,0,0,0,1,1,0
11,8,8100208.0,2021,6,0,4,3,5,3,2,0,1,0,0,0,0,0,0
11,5,5300840.0,2021,7,9,6,3,1,7,0,0,1,0,0,0,0,0,0
11,10,10100311.0,2021,7,15,6,3,5,3,0,1,1,0,0,0,0,0,0
11,2,2400623.0,2021,6,18,5,3,5,3,0,1,1,0,0,0,0,0,0
11,3,3200309.0,2021,6,11,5,2,0,1,0,1,0,0,0,0,0,0,0
11,11,11200410.0,2021,6,20,2,3,5,3,0,0,1,0,0,0,0,0,0
11,3,3601142.0,2021,5,9,2,3,0,1,0,1,0,0,0,0,0,0,1
11,7,7601544.0,2021,6,18,6,3,5,2,0,0,1,0,0,0,0,0,0
11,9,9200716.0,2021,6,13,6,3,0,1,0,1,0,0,0,0,0,0,0
11,2,2200209.0,2021,7,16,6,3,5,2,0,1,1,0,0,0,0,0,0
11,3,3500932.0,2021,6,7,4,3,5,3,0,1,1,0,0,0,0,0,0
11,4,4100101.0,2021,6,18,6,3,5,2,0,1,1,0,0,0,0,0,0
11,7,7400927.0,2021,5,16,6,2,0,3,0,1,0,0,1,0,0,1,1
11,5,5100316.0,2021,6,14,4,3,2,2,0,0,1,0,1,0,0,0,0
11,7,7400927.0,2021,7,15,1,3,5,3,0,1,1,0,0,0,0,0,0
11,7,7400823.0,2021,5,12,3,3,5,3,0,1,1,0,0,0,0,0,1
11,4,4300620.0,2021,6,20,3,3,5,2,1,1,1,0,0,0,0,1,0
11,6,6200421.0,2021,7,12,2,2,5,7,0,0,1,0,0,0,0,0,0
11,1,1100205.0,2021,7,19,3,3,1,5,0,0,1,0,1,0,0,0,0
11,9,9100101.0,2021,7,20,7,3,1,5,1,1,1,0,0,0,0,0,0
11,5,5200631.0,2021,6,15,3,3,2,6,0,1,1,0,0,0,0,0,0
11,4,4200311.0,2021,6,13,7,3,2,6,0,0,1,0,0,0,0,0,0
11,9,9501939.0,2021,6,7,2,3,5,3,0,1,1,0,0,0,0,0,0
11,1,1100101.0,2021,6,9,3,3,5,2,0,0,0,0,1,0,1,0,0
11,6,6100103.0,2021,6,13,7,3,6,7,0,0,1,1,0,0,0,0,0
11,3,3300517.0,2021,6,16,7,3,5,3,0,1,0,0,0,0,0,0,0
11,2,2300316.0,2021,7,15,7,3,0,1,0,0,0,0,0,0,1,0,0
11,9,9200715.0,2021,6,6,6,3,5,2,0,0,1,0,0,0,0,0,0
11,11,11300620.0,2021,6,10,2,2,2,5,0,0,1,0,1,0,0,0,0
11,7,7400927.0,2021,5,6,4,3,0,3,0,1,1,0,0,0,0,0,1
11,9,9100408.0,2021,6,14,4,3,5,2,0,1,1,0,0,0,0,1,0
11,1,1200626.0,2021,7,18,3,3,5,2,0,1,1,0,0,0,0,0,0
11,9,9401329.0,2021,7,16,3,3,5,2,0,0,1,0,0,0,0,0,0
11,2,2200211.0,2021,6,15,4,3,2,3,0,1,1,0,0,0,0,0,0
11,3,3601142.0,2021,5,18,7,3,5,2,0,1,1,0,0,0,0,0,1
11,10,10400837.0,2021,6,16,5,2,5,3,0,1,0,0,0,0,1,0,0
11,1,1100309.0,2021,6,9,4,3,4,5,0,1,0,0,0,0,0,0,0
11,12,12100103.0,2021,6,12,3,3,3,3,0,0,1,0,1,0,0,1,0
11,4,4500939.0,2021,6,13,7,3,2,6,0,0,1,0,0,0,1,0,0
11,3,3100103.0,2021,7,7,6,3,5,3,0,0,1,0,0,0,1,1,0
11,5,5300841.0,2021,6,14,2,2,5,2,0,1,1,0,0,0,0,0,0
11,8,8100104.0,2021,6,5,6,3,5,3,0,0,1,0,1,0,0,0,0
11,4,4501150.0,2021,6,14,2,2,0,7,0,0,0,0,0,0,1,0,0
11,6,6100101.0,2021,6,13,3,3,5,2,0,0,1,0,0,0,0,0,0
11,2,2100104.0,2021,6,14,7,3,5,2,0,1,1,0,0,0,0,1,0
11,2,2500833.0,2021,6,18,7,2,1,5,0,1,1,0,0,0,0,0,0
11,1,1100416.0,2021,7,19,7,3,0,1,0,1,0,0,0,0,0,0,0
11,1,1100415.0,2021,6,9,4,3,0,1,0,1,0,0,0,0,0,0,0
11,5,5100313.0,2021,6,17,7,3,6,4,0,0,1,1,0,0,0,0,0
11,10,10100102.0,2021,6,10,2,3,5,2,0,0,1,0,0,0,0,0,0
11,4,4200310.0,2021,5,8,3,3,5,2,0,0,0,0,1,1,0,0,1
11,9,9200512.0,2021,6,9,4,2,7,7,0,1,0,0,0,0,0,1,0
11,4,4400728.0,2021,7,15,2,3,2,6,0,0,1,0,0,0,1,0,0
11,4,4300622.0,2021,7,18,3,3,6,7,0,0,0,1,0,0,1,0,0
11,12,12200310.0,2021,6,20,4,3,3,6,1,0,1,0,1,0,0,0,0
11,11,11100204.0,2021,5,15,7,3,5,2,0,0,1,0,0,0,0,0,1
11,4,4500937.0,2021,6,16,5,3,2,6,0,1,1,0,0,0,0,0,0
11,1,1401048.0,2021,6,16,4,2,5,3,0,1,0,0,0,0,1,0,0
11,8,8401241.0,2021,6,20,3,2,5,3,0,1,1,0,0,0,0,0,0
11,8,8100312.0,2021,6,0,7,3,0,5,2,1,1,0,0,0,0,0,0
11,4,4300619.0,2021,6,16,3,3,2,7,0,1,1,0,0,0,0,0,0
11,8,8100102.0,2021,6,13,4,3,3,6,0,1,1,0,0,0,0,0,0
11,7,7501031.0,2021,6,9,2,3,2,6,0,0,1,0,0,0,0,0,0
11,8,8200726.0,2021,6,15,1,3,8,1,0,0,1,0,0,0,0,0,0
11,1,1100207.0,2021,7,18,1,2,0,1,0,1,0,0,0,0,0,0,0
11,12,12400723.0,2021,6,1,1,2,1,1,2,0,1,0,0,0,0,0,0
11,11,11200410.0,2021,7,15,5,2,5,2,0,0,1,0,1,0,0,1,0
11,7,7300517.0,2021,7,19,3,3,5,3,0,1,0,0,0,0,0,0,0
11,11,11400927.0,2021,7,17,5,3,2,6,0,0,1,0,0,0,0,1,0
11,6,6400838.0,2021,6,17,5,3,5,3,0,0,1,0,0,0,0,0,0
11,4,4100101.0,2021,5,10,2,3,6,6,0,0,1,1,0,0,0,0,1
11,4,4501045.0,2021,6,12,6,3,0,7,0,0,0,0,1,0,0,1,0
11,4,4501148.0,2021,6,7,5,3,2,6,0,0,1,0,0,0,0,1,0
11,4,4100101.0,2021,6,16,3,3,2,6,0,0,1,0,0,1,0,0,0
11,8,8100206.0,2021,6,23,1,3,1,5,2,1,1,0,0,0,0,0,0
11,9,9401534.0,2021,6,13,1,3,1,5,0,1,1,0,0,0,0,0,0
11,4,4200203.0,2021,5,11,5,3,8,1,0,0,1,0,0,0,0,1,1
11,4,4501045.0,2021,6,18,4,3,5,2,0,1,1,0,0,0,0,0,0
11,6,6400735.0,2021,5,13,2,2,0,1,0,1,0,0,0,0,0,0,1
11,7,7501030.0,2021,6,11,2,3,5,2,0,0,1,0,0,0,0,0,0
11,2,2100101.0,2021,7,18,2,3,5,2,0,1,1,0,0,0,0,0,0
11,1,1300731.0,2021,7,8,5,3,5,3,0,1,1,0,0,0,0,1,0
11,5,5200423.0,2021,7,9,6,2,9,1,0,0,1,0,0,1,0,1,0
11,7,7100205.0,2021,6,13,6,3,5,2,0,1,1,0,0,0,0,0,0
11,2,2100104.0,2021,6,15,5,3,2,6,0,1,1,0,0,0,0,0,0
11,1,1100313.0,2021,6,6,2,2,5,2,0,0,1,0,1,0,0,0,0
11,8,8100207.0,2021,5,16,2,3,5,3,0,1,1,0,0,0,0,0,1
11,9,9300920.0,2021,6,18,6,3,0,6,0,1,0,0,1,0,0,0,0
11,4,4501153.0,2021,6,16,6,3,2,6,0,1,1,0,0,0,0,0,0
11,1,1100416.0,2021,7,16,6,3,5,3,0,1,1,0,0,0,0,0,0
11,3,3601449.0,2021,6,7,4,2,5,3,0,1,1,0,0,0,0,0,0
11,3,3200205.0,2021,6,12,6,3,5,3,0,0,1,0,1,0,0,1,0
11,2,2300314.0,2021,5,7,6,3,5,3,0,1,1,0,0,0,0,1,1
11,2,2100106.0,2021,6,16,5,3,5,3,0,1,0,0,0,0,1,0,0
11,1,1100311.0,2021,7,18,7,3,0,5,0,1,1,0,0,0,0,0,0
11,8,8100314.0,2021,5,20,3,3,6,7,1,0,1,1,0,0,0,1,1
11,4,4200308.0,2021,6,15,3,3,2,6,0,0,1,0,0,0,0,0,0
11,5,5100105.0,2021,7,12,2,3,5,3,0,0,1,0,0,0,1,0,0
11,1,1400937.0,2021,7,12,3,3,5,3,0,0,1,0,0,0,0,0,0
11,4,4300622.0,2021,5,17,6,3,2,6,0,0,1,0,0,0,0,1,1
11,6,6300633.0,2021,6,8,4,3,5,2,0,1,1,0,0,0,0,0,0
11,4,4501044.0,2021,7,11,7,2,1,7,0,0,1,0,1,0,0,1,0
11,8,8401243.0,2021,6,13,2,3,3,6,0,1,1,0,0,0,0,0,0
11,2,2300316.0,2021,6,18,6,3,5,3,0,1,1,0,0,0,0,0,0
11,4,4501042.0,2021,6,13,3,3,3,5,0,0,1,0,0,0,1,0,0
11,4,4501147.0,2021,6,17,3,3,2,6,0,1,1,0,0,0,0,0,0
11,7,7400927.0,2021,6,11,7,3,6,7,0,1,0,1,0,0,0,0,0
11,12,12100205.0,2021,6,10,6,2,5,3,0,0,1,0,0,0,0,0,0
11,12,12200515.0,2021,7,17,7,3,5,2,0,1,1,0,0,0,0,0,0
11,8,8401241.0,2021,6,15,6,3,5,3,0,1,1,0,0,0,0,0,0
11,11,11300721.0,2021,5,18,3,3,2,6,0,0,1,0,0,1,0,0,1
11,3,3200205.0,2021,6,14,4,3,6,4,0,0,0,1,0,0,1,1,0
11,9,9401534.0,2021,7,14,3,3,5,7,0,1,0,0,0,0,0,0,0
11,3,3300412.0,2021,7,19,4,3,1,5,0,1,1,0,0,0,0,0,0
11,10,10100104.0,2021,6,0,5,2,6,4,2,0,0,1,0,0,1,0,0
11,1,1300730.0,2021,5,22,7,3,5,3,2,0,1,0,0,0,0,0,1
11,4,4300416.0,2021,6,16,5,3,2,6,0,1,1,0,0,0,0,0,0
11,5,5300735.0,2021,6,15,4,3,6,7,0,0,1,1,0,0,0,0,0
11,3,3601243.0,2021,6,17,3,3,5,3,0,1,1,0,0,0,0,0,0
11,7,7200410.0,2021,6,18,1,3,1,5,0,1,1,0,0,0,0,0,0
11,3,3601450.0,2021,6,15,3,3,5,3,0,1,1,0,0,0,0,0,0
11,1,1100103.0,2021,6,14,4,3,5,3,0,1,1,0,0,0,0,0,0
11,2,2300314.0,2021,6,9,1,3,1,5,0,1,1,0,0,0,0,0,0
11,9,9100101.0,2021,7,22,1,3,6,7,2,1,0,1,0,0,0,0,0
11,2,2400624.0,2021,6,2,7,3,5,3,2,0,1,0,0,0,0,0,0
11,3,3601141.0,2021,7,8,5,3,2,6,0,0,1,0,0,0,0,1,0
11,11,11100203.0,2021,7,15,5,3,5,2,0,1,1,0,0,0,0,0,0
11,10,10300731.0,2021,6,8,5,3,5,3,0,1,1,0,0,0,0,0,0
11,1,1200627.0,2021,5,10,2,3,5,3,0,1,1,0,0,0,0,0,1
11,5,5200630.0,2021,6,17,5,2,1,5,0,1,1,0,0,0,0,0,0
11,8,8100415.0,2021,6,9,5,3,5,3,0,0,1,0,0,0,0,1,0
11,11,11300722.0,2021,6,8,3,3,5,2,0,1,1,0,0,0,0,0,0
11,8,8200726.0,2021,6,17,2,3,5,2,0,0,1,0,0,0,0,0,0
11,7,7300515.0,2021,5,8,4,3,5,3,0,0,1,0,0,0,0,0,1
11,1,1100311.0,2021,6,7,4,3,1,5,0,0,1,1,0,1,0,0,0
11,4,4300414.0,2021,5,16,2,3,5,2,0,1,1,0,0,0,0,0,1
11,4,4501043.0,2021,6,15,2,3,1,5,0,0,1,0,0,0,0,0,0
11,10,10200525.0,2021,7,12,2,3,5,3,0,1,1,0,0,0,0,1,0
11,7,7100102.0,2021,6,14,3,3,5,3,0,1,1,0,0,0,0,0,0
11,1,1100101.0,2021,6,3,4,3,9,1,2,0,1,0,0,0,0,0,0
11,8,8401244.0,2021,6,16,1,3,5,3,0,0,1,0,0,0,0,0,0
11,2,2200213.0,2021,7,13,7,3,0,7,0,1,0,0,0,0,0,0,0
11,1,1400942.0,2021,6,16,1,3,0,1,0,0,0,0,1,0,0,0,0
11,2,2200209.0,2021,7,10,5,3,2,6,0,0,1,0,0,0,0,1,0
11,4,4501041.0,2021,7,6,5,3,5,3,0,0,1,0,1,0,0,0,0
11,3,3601243.0,2021,6,3,5,3,3,6,2,0,1,0,0,1,0,0,0
11,9,9200715.0,2021,5,18,1,3,0,7,0,1,0,0,0,0,0,0,1
11,2,2500830.0,2021,6,14,6,3,0,7,0,1,1,0,0,0,0,0,0
11,4,4300623.0,2021,6,18,4,3,1,5,0,1,1,0,0,0,0,0,0
11,2,2200209.0,2021,6,18,3,3,5,2,0,1,1,0,0,0,0,0,0
11,9,9501737.0,2021,6,19,1,3,3,6,0,1,1,0,0,0,0,0,0
11,1,1100310.0,2021,5,16,4,3,2,6,0,0,1,0,0,0,0,0,1
11,2,2100104.0,2021,6,18,4,3,5,2,0,1,1,0,0,0,0,0,0
11,5,5100209.0,2021,5,0,2,2,0,1,2,0,0,0,0,0,1,0,1
11,2,2500836.0,2021,6,21,2,3,0,3,1,1,0,0,0,0,0,0,0
11,4,4501148.0,2021,7,18,2,3,5,2,0,1,1,0,0,0,0,0,0
11,1,1200520.0,2021,7,18,6,3,5,2,0,1,1,0,0,0,0,0,0
11,2,2100106.0,2021,7,16,6,3,0,6,2,0,1,0,0,0,0,1,0
11,4,4200206.0,2021,6,15,6,3,5,2,0,1,1,0,0,0,0,0,0
11,2,2500832.0,2021,6,7,5,3,5,2,0,1,0,0,0,0,1,0,0
11,3,3200204.0,2021,6,11,2,3,0,1,0,1,0,0,0,0,0,0,0
11,8,8100521.0,2021,5,18,2,3,6,4,0,1,0,1,0,0,0,0,1
11,2,2300314.0,2021,6,18,6,3,2,6,0,1,1,0,0,0,0,0,0
11,1,1100104.0,2021,6,7,6,3,5,2,0,1,0,0,0,0,1,0,0
11,12,12200515.0,2021,7,20,6,3,5,3,0,0,1,0,0,0,0,0,0
11,5,5100315.0,2021,6,8,4,2,5,3,0,1,1,0,0,0,0,0,0
11,4,4200311.0,2021,6,18,6,3,2,2,0,0,1,0,0,0,0,0,0
11,7,7300515.0,2021,5,9,6,3,5,3,0,1,1,0,0,0,0,1,1
11,10,10100311.0,2021,6,13,5,3,0,1,0,0,0,0,1,0,0,1,0
11,7,7601544.0,2021,7,1,1,3,0,1,2,0,0,0,0,0,1,0,0
11,1,1200520.0,2021,5,18,3,3,2,6,0,0,1,0,1,0,0,1,1
11,3,3400722.0,2021,6,15,3,3,0,1,0,0,0,0,1,0,0,1,0
11,6,6100101.0,2021,7,19,2,3,5,3,0,1,1,0,0,0,0,0,0
11,11,11400929.0,2021,7,19,3,3,1,5,0,1,1,0,0,0,0,0,0
11,6,6200316.0,2021,5,15,1,3,1,5,0,1,1,0,0,0,0,0,1
11,7,7200308.0,2021,6,12,4,3,6,4,0,1,0,1,0,0,0,0,0
11,7,7300618.0,2021,6,12,4,3,5,3,0,0,1,0,0,0,0,1,0
11,6,6300526.0,2021,7,18,7,3,5,3,0,0,1,0,0,0,0,0,0
11,9,9300920.0,2021,6,14,3,3,5,3,0,1,1,0,0,0,0,0,0
11,5,5100103.0,2021,6,21,6,2,5,2,1,0,1,0,0,0,1,0,0
11,4,4300620.0,2021,6,18,3,3,0,1,0,1,0,0,0,0,0,0,0
11,10,10200422.0,2021,6,17,3,3,5,3,0,1,1,0,0,0,0,0,0
11,9,9502043.0,2021,6,16,7,3,0,7,0,0,1,0,0,0,1,0,0
11,9,9401329.0,2021,6,14,2,3,5,3,0,1,1,0,0,0,0,0,0
11,3,3601142.0,2021,7,1,1,3,0,1,2,1,0,0,0,0,0,0,0
11,1,1100207.0,2021,6,12,7,3,5,3,0,1,1,0,0,0,0,0,0
11,6,6400844.0,2021,5,12,4,3,2,6,0,0,1,0,1,0,0,0,1
11,12,12100103.0,2021,6,16,4,3,8,1,0,0,1,0,0,0,0,1,0
11,6,6300632.0,2021,7,13,3,3,6,4,0,0,1,1,0,0,0,0,0
11,1,1100102.0,2021,7,0,4,3,5,2,2,1,0,0,0,0,1,1,0
11,2,2100102.0,2021,6,1,5,3,0,1,2,1,0,0,0,0,0,0,0
11,9,9502043.0,2021,5,20,2,3,5,3,0,1,1,0,0,0,0,0,1
11,2,2300417.0,2021,6,19,5,3,1,5,0,1,1,0,0,0,0,0,0
11,8,8200730.0,2021,6,14,4,3,6,7,0,0,1,1,0,0,0,0,0
11,1,1400938.0,2021,6,17,3,3,9,1,0,0,0,0,0,0,1,0,0
11,7,7601341.0,2021,6,19,1,3,5,3,0,1,1,0,0,0,0,0,0
11,10,10100205.0,2021,6,14,3,3,5,3,0,0,1,0,1,0,0,0,0
11,6,6400737.0,2021,6,17,4,3,5,3,0,1,1,0,0,0,0,0,0
11,11,11300722.0,2021,6,13,2,3,0,1,0,0,0,0,1,0,0,0,0
11,10,10200421.0,2021,7,16,2,3,5,3,0,1,1,0,0,0,0,0,0
11,6,6100204.0,2021,6,12,7,3,2,6,0,0,1,0,0,0,0,0,0
11,6,6300634.0,2021,7,14,5,2,0,3,0,1,0,0,1,0,0,1,0
11,6,6100209.0,2021,7,11,5,3,0,4,0,0,0,1,1,0,0,0,0
11,3,3400723.0,2021,6,15,6,3,5,2,0,1,0,0,0,0,1,0,0
11,3,3501038.0,2021,6,15,2,2,2,6,0,0,1,0,0,0,0,0,0
11,10,10300734.0,2021,6,12,2,2,2,6,0,0,1,0,0,0,1,0,0
11,7,7100204.0,2021,5,18,2,3,2,7,0,0,1,0,0,0,0,0,1
11,4,4300414.0,2021,6,11,6,3,6,2,0,0,1,1,0,0,0,0,0
11,9,9200715.0,2021,6,17,6,3,5,2,0,0,1,0,1,0,0,0,0
11,4,4300622.0,2021,6,4,3,3,0,1,1,0,1,0,1,0,0,0,0
11,2,2300316.0,2021,6,7,6,3,5,3,0,1,1,0,0,0,0,1,0
11,4,4500936.0,2021,6,16,2,3,5,3,0,0,1,0,1,0,0,0,0
11,4,4300622.0,2021,5,18,5,3,3,2,0,1,1,0,0,0,0,1,1
11,4,4501043.0,2021,6,17,4,2,5,2,0,1,1,0,0,0,0,0,0
11,3,3500933.0,2021,7,13,1,3,5,2,0,0,1,0,1,0,0,0,0
11,7,7300619.0,2021,5,20,2,3,2,6,0,1,1,0,0,0,0,0,1
11,1,1401045.0,2021,6,21,3,3,5,2,1,1,1,0,0,0,0,1,0
11,7,7200409.0,2021,7,20,3,3,1,5,0,1,1,0,0,0,0,0,0
11,6,6300630.0,2021,7,20,5,2,6,4,0,0,1,1,0,0,0,0,0
11,7,7601442.0,2021,6,14,2,3,1,5,0,1,1,0,0,0,0,0,0
11,2,2300316.0,2021,6,19,6,3,5,3,0,0,1,0,0,0,0,0,0
11,8,8200623.0,2021,6,17,5,3,1,5,0,1,1,0,0,0,0,0,0
11,12,12500926.0,2021,6,11,3,3,1,5,0,1,1,0,0,0,0,0,0
11,4,4501045.0,2021,6,15,3,2,5,2,0,1,0,0,0,1,0,0,0
11,8,8100103.0,2021,6,20,6,3,2,6,0,1,1,0,0,0,0,0,0
11,4,4200204.0,2021,6,14,7,2,5,3,0,1,1,0,0,0,0,0,0
11,2,2400623.0,2021,7,17,7,2,6,4,0,0,1,1,0,0,0,0,0
11,2,2200213.0,2021,6,7,4,3,3,6,0,0,1,0,1,0,0,0,0
11,5,5200634.0,2021,6,16,6,3,2,2,0,0,1,0,0,0,1,0,0
11,11,11200410.0,2021,6,8,4,2,6,4,0,0,0,1,0,0,1,0,0
11,5,5200528.0,2021,5,17,3,3,2,6,0,0,1,0,0,1,0,1,1
11,1,1300733.0,2021,6,8,4,3,2,2,0,1,1,0,0,0,0,1,0
11,6,6300633.0,2021,7,8,2,3,0,1,0,0,0,0,1,0,0,1,0
11,1,1100311.0,2021,7,13,4,3,0,6,0,0,1,0,1,0,0,1,0
11,11,11200515.0,2021,6,13,4,2,5,3,0,0,1,0,0,0,1,0,0
11,2,2300417.0,2021,5,14,7,3,0,5,0,0,1,0,1,0,0,0,1
11,9,9200613.0,2021,6,5,5,3,5,2,0,1,1,0,0,0,0,0,0
11,9,9300920.0,2021,6,14,4,3,4,7,0,0,1,1,0,0,0,1,0
11,1,1200520.0,2021,7,1,7,3,1,5,2,1,1,0,0,0,0,1,0
11,1,1200522.0,2021,6,23,3,2,0,1,2,0,0,0,1,0,0,0,0
11,8,8100311.0,2021,6,20,7,3,1,5,1,1,1,0,0,0,0,0,0
11,12,12200310.0,2021,6,13,3,2,0,6,0,0,1,0,0,0,1,0,0
11,4,4500936.0,2021,6,12,4,2,1,5,0,1,1,0,0,0,0,0,0
11,6,6300526.0,2021,6,16,2,3,5,2,0,1,1,0,0,0,0,0,0
11,6,6200313.0,2021,6,11,1,3,5,3,0,1,0,0,0,0,1,0,0
11,9,9200717.0,2021,7,19,7,3,5,2,0,1,1,0,0,0,0,0,0
11,4,4400727.0,2021,7,10,6,3,0,5,0,1,1,0,0,0,0,1,0
11,12,12500825.0,2021,6,15,6,3,5,3,0,0,0,0,0,0,1,0,0
11,8,8100418.0,2021,6,19,5,3,5,3,0,1,0,0,0,0,0,0,0
11,9,9401534.0,2021,6,16,2,3,0,2,0,1,1,0,0,0,0,0,0
11,1,1100103.0,2021,5,11,2,3,5,3,0,0,1,0,0,0,0,0,1
11,2,2100102.0,2021,6,23,6,3,1,5,2,1,1,0,0,0,0,0,0
11,1,1100416.0,2021,6,20,7,3,0,1,0,1,0,0,0,0,0,0,0
11,2,2300314.0,2021,7,6,7,3,6,7,0,0,0,1,0,0,1,0,0
11,5,5200629.0,2021,6,17,4,2,6,2,0,0,1,1,0,0,0,0,0
11,6,6300629.0,2021,6,17,6,3,5,2,0,1,1,0,0,0,0,0,0
11,11,11300721.0,2021,5,10,6,3,6,3,0,0,1,1,0,0,0,1,1
11,4,4501147.0,2021,6,9,5,3,2,6,0,1,0,0,0,0,1,0,0
11,7,7400826.0,2021,7,15,1,3,5,2,0,1,1,0,0,0,0,0,0
11,2,2100104.0,2021,5,13,2,3,5,3,0,0,1,0,0,0,1,0,1
11,2,2200210.0,2021,6,18,3,3,0,7,0,1,0,0,0,0,0,0,0
11,2,2400623.0,2021,7,9,3,2,5,2,0,0,1,0,0,0,0,0,0
11,3,3601245.0,2021,7,20,3,2,5,3,0,1,1,0,0,0,0,0,0
11,1,1401043.0,2021,5,8,7,2,0,5,0,0,0,0,1,0,1,0,1
11,4,4500936.0,2021,6,15,5,3,1,5,0,1,1,0,0,0,0,0,0
11,9,9200715.0,2021,6,13,4,3,5,2,0,1,1,0,0,0,0,0,0
11,3,3400721.0,2021,7,1,7,3,6,2,2,0,1,1,0,0,0,1,0
11,4,4501041.0,2021,6,9,2,3,5,7,0,1,1,0,0,0,0,0,0
11,4,4500936.0,2021,6,18,6,2,5,2,0,0,1,0,1,0,0,0,0
11,4,4200308.0,2021,6,8,3,3,5,3,0,0,1,0,0,0,0,0,0
11,1,1300835.0,2021,6,7,3,2,5,3,0,1,1,0,0,0,0,0,0
11,2,2300315.0,2021,6,21,1,3,1,5,1,1,1,0,0,0,0,0,0
11,6,6200422.0,2021,6,17,1,3,6,2,0,0,1,1,0,0,0,0,0