LAND,BEZ,LOR_ab_2021,UJAHR,UMONAT,USTUNDE,UWOCHENTAG,UKATEGORIE,UART,UTYP1,ULICHTVERH,IstRad,IstPKW,IstFuss,IstKrad,IstGkfz,IstSonstige,USTRZUSTAND,lockdown
11,5,5100316.0,2021,5,12,1,3,0,2,0,0,0,0,0,0,1,0,1
11,5,5100104.0,2021,5,12,6,3,0,2,0,0,1,0,0,0,1,0,1
11,10,10300731.0,2021,4,7,2,3,5,2,0,1,1,0,0,0,0,0,1
11,12,12200411.0,2021,4,12,6,2,6,2,0,0,1,1,0,0,0,0,1
11,12,12200309.0,2021,4,15,4,3,5,7,0,0,1,0,0,0,0,0,1
11,6,6300634.0,2021,5,14,5,3,5,2,0,1,1,0,0,0,0,1,1
11,1,1100206.0,2021,4,16,3,3,5,3,0,1,1,0,0,0,0,0,1
11,6,6300524.0,2021,3,13,3,3,5,3,0,0,1,0,0,0,0,0,0
11,6,6200422.0,2021,4,13,6,2,6,4,0,0,1,1,0,0,0,0,1
11,2,2500830.0,2021,3,19,7,3,0,1,2,1,1,0,0,0,0,1,0
11,12,12100205.0,2021,5,21,4,2,6,4,2,0,1,1,0,0,0,0,1
11,6,6300633.0,2021,5,13,2,2,0,5,0,0,1,0,0,0,1,0,1
11,10,10100311.0,2021,4,16,5,3,2,6,0,0,1,0,0,0,0,0,1
11,6,6100209.0,2021,4,10,3,3,7,7,0,1,0,0,0,0,0,0,1
11,4,4501148.0,2021,4,6,3,3,5,2,0,0,1,0,0,0,1,0,1
11,2,2500833.0,2021,5,1,7,3,0,1,2,1,0,0,0,0,0,0,1
11,2,2200210.0,2021,4,13,4,3,5,3,0,1,0,0,0,0,0,0,1
11,6,6200421.0,2021,3,9,3,3,2,6,0,0,1,0,0,0,0,0,0
11,6,6100207.0,2021,4,14,6,3,5,2,0,1,1,0,0,0,0,0,1
11,8,8401241.0,2021,5,20,6,3,5,2,0,0,1,0,0,0,0,0,1
11,1,1100310.0,2021,5,17,6,3,5,7,0,0,1,0,0,0,0,1,1
11,6,6200421.0,2021,3,18,4,3,6,7,0,0,0,1,0,0,1,0,0
11,2,2400624.0,2021,4,13,7,3,1,5,0,1,1,0,0,0,0,0,1
11,2,2400625.0,2021,3,12,7,3,2,6,0,0,1,0,0,0,0,1,0
11,9,9501838.0,2021,5,13,2,2,0,5,0,1,1,0,0,0,0,0,1
11,3,3300515.0,2021,5,12,6,2,5,2,0,0,1,0,0,0,1,1,1
11,2,2100106.0,2021,5,7,4,3,5,3,0,0,1,0,0,0,0,0,1
11,7,7400824.0,2021,4,14,7,3,0,3,0,0,1,0,0,0,1,0,1
11,7,7400823.0,2021,5,15,7,3,5,3,0,1,0,0,1,0,0,0,1
11,12,12100103.0,2021,4,15,4,3,6,4,0,0,1,1,0,0,0,0,1
11,5,5100316.0,2021,3,17,4,3,1,5,0,0,1,0,1,0,0,0,0
11,2,2100103.0,2021,4,9,2,3,5,3,0,1,0,0,0,0,1,0,1
11,7,7501031.0,2021,4,16,2,3,2,6,0,0,1,0,0,0,0,0,1
11,11,11100204.0,2021,5,14,7,3,5,3,0,1,0,0,0,0,1,0,1
11,8,8100102.0,2021,5,11,7,3,1,5,0,1,1,0,0,0,0,0,1
11,9,9200613.0,2021,4,22,2,3,2,6,2,1,1,0,0,0,0,0,1
11,10,10200627.0,2021,5,18,3,3,5,2,0,1,1,0,0,0,0,0,1
11,4,4300415.0,2021,5,17,7,3,5,7,0,1,1,0,0,0,0,0,1
11,11,11100308.0,2021,5,7,5,3,6,7,0,1,0,1,0,0,0,0,1
11,6,6200313.0,2021,4,8,2,3,5,3,0,1,1,0,0,0,0,0,1
11,8,8301037.0,2021,3,13,4,2,5,7,0,0,1,0,0,0,1,0,0
11,1,1300733.0,2021,4,11,3,3,5,2,0,0,1,0,0,0,1,0,1
11,2,2100104.0,2021,5,20,3,3,5,3,0,0,1,0,0,0,1,0,1
11,7,7400822.0,2021,4,8,3,3,5,2,0,1,1,0,0,0,0,0,1
11,2,2400623.0,2021,3,16,2,2,5,2,0,1,1,0,0,0,0,0,0
11,2,2200208.0,2021,4,23,5,2,6,2,2,0,1,1,0,0,0,0,1
11,12,12100204.0,2021,3,11,5,3,5,2,0,1,1,0,0,0,0,0,0
11,1,1401044.0,2021,5,6,3,3,5,3,0,1,1,0,0,0,0,0,1
11,7,7200409.0,2021,5,17,7,3,1,5,0,1,1,0,0,0,0,0,1
11,9,9401432.0,2021,4,12,3,3,0,7,0,0,1,0,0,0,1,0,1
11,11,11401137.0,2021,3,19,4,3,0,6,2,0,1,0,1,0,0,0,0
11,2,2100102.0,2021,4,13,5,3,5,2,0,1,1,0,0,0,0,0,1
11,3,3701657.0,2021,4,14,2,3,0,1,0,1,0,0,0,0,0,0,1
11,3,3400828.0,2021,5,1,1,2,1,5,2,1,1,0,0,0,0,0,1
11,9,9100407.0,2021,5,21,7,2,6,6,1,0,1,1,0,0,0,0,1
11,4,4300518.0,2021,4,0,1,3,2,6,2,1,0,0,0,0,0,0,1
11,1,1401047.0,2021,5,1,3,3,0,1,2,0,0,0,0,0,1,0,1
11,3,3300412.0,2021,5,13,6,3,6,4,0,0,1,1,0,0,0,0,1
11,3,3400721.0,2021,5,8,5,3,5,2,0,1,1,0,0,0,0,0,1
11,1,1400939.0,2021,4,23,1,3,0,7,2,0,1,0,0,0,0,1,1
11,8,8200730.0,2021,3,15,4,3,3,6,0,1,0,0,0,0,1,0,0
11,4,4501149.0,2021,4,17,3,3,5,3,0,1,0,0,0,0,0,0,1
11,9,9501838.0,2021,5,18,3,3,2,6,0,0,1,0,0,0,1,0,1
11,6,6200312.0,2021,3,13,2,2,5,2,0,0,1,0,0,0,0,0,0
11,1,1300836.0,2021,4,9,4,3,5,2,0,1,1,0,0,0,0,0,1
11,3,3601140.0,2021,3,18,5,3,5,2,0,1,1,0,0,0,0,0,0
11,12,12100204.0,2021,5,17,2,3,1,5,0,0,1,0,0,0,0,1,1
11,4,4500937.0,2021,4,13,1,3,0,1,0,1,0,0,0,0,0,0,1
11,10,10100315.0,2021,5,7,2,3,5,3,0,1,1,0,0,0,0,0,1
11,9,9200510.0,2021,4,14,4,3,2,6,0,0,1,0,0,0,1,0,1
11,5,5200629.0,2021,5,14,7,3,5,2,0,1,0,0,0,0,1,0,1
11,3,3701554.0,2021,4,10,3,3,5,5,0,0,1,0,1,0,0,0,1
11,1,1300733.0,2021,4,13,7,3,2,6,0,0,1,0,0,0,0,0,1
11,5,5100211.0,2021,5,12,6,2,5,2,0,0,1,0,1,0,0,0,1
11,11,11300724.0,2021,4,9,3,3,0,2,0,0,1,0,0,0,1,0,1
11,5,5200423.0,2021,4,16,6,2,5,2,0,0,1,0,1,0,0,0,1
11,1,1300733.0,2021,4,17,3,2,6,2,0,0,1,1,0,0,0,1,1
11,11,11401137.0,2021,5,14,4,3,0,1,0,1,1,0,0,0,0,0,1
11,5,5200629.0,2021,4,10,4,2,5,2,0,0,0,0,0,1,1,0,1
11,1,1200624.0,2021,3,15,3,3,5,2,0,1,1,0,0,0,0,0,0
11,7,7200409.0,2021,4,18,6,3,2,7,0,0,1,0,1,0,0,0,1
11,3,3300411.0,2021,3,11,6,2,5,3,0,1,1,0,0,0,0,0,0
11,1,1400942.0,2021,5,15,4,3,5,3,0,0,1,0,0,0,0,0,1
11,4,4501149.0,2021,5,15,3,2,5,7,0,1,1,0,0,0,0,0,1
11,5,5100211.0,2021,4,9,6,3,5,2,0,1,1,0,0,0,0,0,1
11,11,11300620.0,2021,4,7,3,3,6,7,0,0,1,1,0,0,0,0,1
11,4,4300416.0,2021,5,9,7,3,5,2,0,0,1,0,1,0,0,0,1
11,8,8100419.0,2021,4,19,3,3,1,5,0,1,1,0,0,0,0,0,1
11,1,1400938.0,2021,3,10,3,3,0,6,0,1,1,0,0,0,0,0,0
11,7,7400823.0,2021,4,16,5,3,2,6,0,0,1,0,1,0,0,1,1
11,2,2500835.0,2021,5,10,6,3,5,2,0,0,1,0,0,0,0,1,1
11,9,9100407.0,2021,5,22,6,3,5,2,2,0,1,0,1,0,0,0,1
11,10,10100210.0,2021,3,18,4,3,5,3,0,1,1,0,0,0,0,0,0
11,8,8100417.0,2021,4,23,3,3,0,1,2,0,0,0,0,0,1,0,1
11,12,12200412.0,2021,3,8,7,3,5,3,0,1,1,0,0,0,0,1,0
11,9,9501939.0,2021,5,18,2,3,2,6,0,0,1,0,0,0,0,0,1
11,12,12200412.0,2021,5,15,5,3,5,3,0,0,1,0,0,0,0,0,1
11,5,5100317.0,2021,5,6,4,2,5,3,0,0,0,0,1,0,1,0,1
11,8,8100415.0,2021,4,22,6,3,5,2,2,0,1,0,0,0,1,0,1
11,9,9200511.0,2021,5,16,1,3,0,1,0,1,0,0,0,0,0,0,1
11,8,8100208.0,2021,4,17,4,3,5,3,0,1,1,0,0,0,0,0,1
11,6,6200313.0,2021,3,11,4,3,0,6,0,0,1,0,0,0,1,0,0
11,3,3400721.0,2021,4,20,6,3,6,6,0,1,0,1,0,0,0,0,1
11,5,5400943.0,2021,4,18,2,3,1,5,1,0,1,0,0,0,0,0,1
11,10,10100205.0,2021,5,16,2,3,5,5,0,0,1,0,1,0,0,0,1
11,5,5200630.0,2021,5,13,7,3,2,6,0,0,1,0,0,0,0,0,1
11,4,4300416.0,2021,5,14,3,3,5,3,0,1,1,0,0,0,0,0,1
11,11,11401136.0,2021,5,7,6,3,6,4,0,1,0,1,0,0,0,0,1
11,1,1100206.0,2021,4,8,3,3,2,6,0,1,1,0,0,0,0,0,1
11,9,9200510.0,2021,5,15,5,3,5,3,0,1,1,0,0,0,0,0,1
11,3,3500932.0,2021,4,17,1,3,2,7,0,0,1,0,0,0,0,0,1
11,5,5100316.0,2021,4,11,5,3,6,4,0,0,1,1,0,0,0,0,1
11,1,1200629.0,2021,4,15,3,3,0,4,0,1,0,1,0,0,0,0,1
11,6,6200312.0,2021,5,20,5,2,2,1,0,0,1,0,0,0,0,1,1
11,7,7200413.0,2021,4,21,3,3,1,5,2,0,0,0,1,0,0,0,1
11,12,12100204.0,2021,3,13,1,2,9,1,0,0,1,0,0,0,0,0,0
11,11,11100204.0,2021,4,13,6,3,2,6,0,0,1,0,0,0,0,0,1
11,1,1300836.0,2021,3,15,5,3,1,5,0,1,1,0,0,0,0,0,0
11,2,2300315.0,2021,5,12,2,3,5,2,0,1,0,0,0,0,1,0,1
11,1,1100207.0,2021,4,20,2,3,2,7,2,0,1,0,0,0,0,0,1
11,10,10200418.0,2021,5,18,2,3,5,3,0,0,1,0,0,0,1,0,1
11,9,9200717.0,2021,4,17,4,3,2,6,0,0,1,0,0,0,0,0,1
11,6,6400735.0,2021,5,15,1,3,5,3,0,0,1,0,1,0,0,0,1
11,6,6100205.0,2021,5,18,5,3,0,1,0,1,0,0,0,0,0,0,1
11,12,12100205.0,2021,4,8,3,3,6,7,0,0,1,1,0,0,0,0,1
11,9,9200510.0,2021,4,17,5,2,9,1,0,0,0,0,1,0,0,0,1
11,11,11100204.0,2021,4,15,3,3,5,3,0,0,1,0,1,0,0,0,1
11,12,12100205.0,2021,4,17,3,2,5,3,0,1,0,0,1,0,0,0,1
11,12,12200413.0,2021,5,14,6,3,5,3,0,1,1,0,0,0,0,1,1
11,6,6200315.0,2021,4,0,5,2,1,7,2,0,1,0,0,0,1,0,1
11,5,5300735.0,2021,3,13,2,2,5,2,0,0,0,0,0,0,1,0,0
11,8,8200832.0,2021,4,19,7,3,0,7,0,0,1,0,0,0,0,0,1
11,2,2100102.0,2021,3,8,6,3,5,7,0,0,1,0,1,0,0,1,0
11,12,12100205.0,2021,5,22,3,3,5,2,2,0,1,0,1,0,0,1,1
11,1,1100101.0,2021,5,14,3,3,6,4,0,0,1,1,0,0,0,0,1
11,2,2200210.0,2021,4,18,5,3,5,2,0,1,1,0,0,0,0,0,1
11,12,12200515.0,2021,4,17,2,3,5,3,0,0,1,0,1,0,0,0,1
11,4,4200207.0,2021,5,13,2,3,5,3,0,1,0,0,0,0,0,0,1
11,3,3601245.0,2021,4,8,4,2,5,2,0,1,1,0,0,0,0,0,1
11,8,8100417.0,2021,5,12,7,2,6,4,0,1,0,1,0,0,0,0,1
11,1,1200628.0,2021,4,16,1,3,0,7,0,0,0,0,1,0,0,0,1
11,1,1300732.0,2021,5,13,6,3,5,2,0,1,1,0,0,0,0,0,1
11,3,3701555.0,2021,4,12,2,3,5,3,0,1,0,0,0,0,1,0,1
11,1,1100308.0,2021,4,9,7,3,5,3,0,1,1,0,0,0,0,0,1
11,10,10300734.0,2021,5,15,5,3,9,1,0,0,1,0,0,0,0,1,1
11,7,7601544.0,2021,4,10,4,3,5,7,0,0,1,0,0,0,0,0,1
11,1,1200628.0,2021,3,16,3,3,5,2,0,0,1,0,1,0,0,0,0
11,4,4500939.0,2021,4,10,1,3,5,3,0,0,1,0,0,0,0,0,1
11,4,4400728.0,2021,3,10,6,3,5,2,0,1,1,0,0,0,0,0,0
11,2,2200213.0,2021,5,16,4,3,5,3,0,1,1,0,0,0,0,0,1
11,11,2500835.0,2021,5,15,3,3,6,4,0,1,1,1,0,0,0,0,1
11,10,10200417.0,2021,4,18,6,3,5,2,0,0,1,0,0,0,0,0,1
11,1,1100313.0,2021,5,15,6,3,5,3,0,1,0,0,1,0,0,0,1
11,8,8401244.0,2021,4,12,4,3,4,5,0,1,1,0,0,0,0,0,1
11,9,9200818.0,2021,3,11,3,3,2,6,0,0,1,0,0,0,0,0,0
11,5,5100105.0,2021,4,12,6,3,8,1,0,0,0,0,1,0,0,0,1
11,1,1100309.0,2021,4,12,3,3,4,6,0,1,1,0,0,0,0,0,1
11,2,2100102.0,2021,5,18,7,3,5,7,0,0,1,0,1,0,0,1,1
11,1,1300836.0,2021,5,15,6,3,1,6,0,0,1,0,1,0,0,0,1
11,10,10100311.0,2021,3,15,4,3,5,2,0,1,0,0,0,1,0,0,0
11,9,9100101.0,2021,4,13,2,3,5,2,0,1,0,0,0,1,0,0,1
11,4,4400728.0,2021,5,15,2,3,5,3,0,1,1,0,0,0,0,0,1
11,7,7501029.0,2021,5,9,5,3,0,1,0,0,0,0,1,0,0,1,1
11,6,6100205.0,2021,5,18,4,3,5,3,0,0,1,0,0,0,0,0,1
11,4,4300416.0,2021,4,2,7,3,2,6,2,1,1,0,0,0,0,0,1
11,2,2300314.0,2021,3,8,3,3,5,2,0,1,1,0,0,0,0,0,0
11,5,5300840.0,2021,5,5,2,2,5,2,1,1,1,0,0,0,0,1,1
11,4,4300416.0,2021,5,7,4,2,5,3,0,1,1,0,0,0,0,0,1
11,8,8401241.0,2021,4,8,4,2,0,1,0,1,0,0,0,0,0,0,1
11,7,7100205.0,2021,3,9,4,3,0,2,0,0,0,0,0,0,1,0,0
11,11,11100204.0,2021,5,16,7,3,6,7,0,1,0,1,0,0,0,0,1
11,6,6200420.0,2021,4,13,1,3,3,6,0,1,1,0,0,0,0,0,1
11,3,3400619.0,2021,5,8,2,3,5,7,0,0,1,0,0,0,0,0,1
11,3,3601142.0,2021,5,12,2,3,0,7,0,0,1,0,0,0,1,0,1
11,1,1100311.0,2021,5,10,6,3,1,5,0,1,1,0,0,0,0,1,1
11,7,7100102.0,2021,5,10,5,3,2,6,0,0,1,0,0,0,0,0,1
11,3,3100102.0,2021,4,13,3,3,5,3,0,0,1,0,0,0,0,0,1
11,8,8100209.0,2021,4,12,1,3,2,6,0,0,1,0,0,0,1,1,1
11,3,3500933.0,2021,4,11,6,3,5,3,0,0,1,0,0,0,0,0,1
11,6,6400737.0,2021,4,13,4,2,5,3,0,0,1,0,0,0,0,0,1
11,2,2300315.0,2021,5,17,4,3,5,3,0,0,1,0,1,0,0,0,1
11,1,1100310.0,2021,4,12,3,2,1,5,0,1,1,0,0,0,0,0,1
11,7,7100206.0,2021,3,19,2,2,5,3,0,1,1,0,0,0,0,0,0
11,9,9401534.0,2021,4,12,5,3,5,3,0,1,1,0,0,0,0,0,1
11,6,6300629.0,2021,3,12,5,3,5,2,0,0,1,0,0,0,0,0,0
11,1,1200626.0,2021,5,19,4,3,0,6,0,0,1,0,1,0,0,1,1
11,3,3601141.0,2021,5,19,3,3,2,6,0,1,1,0,0,0,0,0,1
11,4,4200310.0,2021,4,9,5,3,2,6,0,0,1,0,0,0,1,1,1
11,12,12200412.0,2021,5,15,1,3,2,6,0,0,1,0,0,0,0,0,1
11,8,8200623.0,2021,4,17,7,3,6,6,0,1,0,1,0,0,0,0,1
11,10,10200524.0,2021,5,18,5,3,6,4,0,0,0,1,1,0,0,0,1
11,7,7400720.0,2021,4,18,2,3,5,2,0,1,1,0,0,0,0,0,1
11,8,8100208.0,2021,3,13,3,3,1,5,0,1,1,0,0,0,0,0,0
11,1,1401044.0,2021,4,18,4,2,1,5,0,0,1,0,0,0,1,1,1
11,7,7501032.0,2021,5,14,6,2,0,7,0,0,1,0,0,0,0,0,1
11,12,12601133.0,2021,4,17,5,3,5,3,0,0,1,0,0,0,0,0,1
11,8,8100310.0,2021,3,9,2,3,3,6,0,1,1,0,0,0,0,0,0
11,4,4300624.0,2021,4,19,7,3,5,3,0,1,1,0,0,0,0,0,1
11,9,9300923.0,2021,3,15,6,2,6,4,0,0,1,1,0,0,0,0,0
11,9,9300920.0,2021,5,7,2,2,5,2,0,1,1,0,0,0,0,0,1
11,3,3601449.0,2021,5,12,5,3,5,7,0,0,1,0,0,0,0,0,1
11,2,2100106.0,2021,5,17,4,2,5,3,0,0,1,0,0,0,0,0,1
11,9,9200510.0,2021,4,14,5,2,6,4,0,0,0,1,1,0,0,0,1
11,7,7100102.0,2021,4,11,6,3,5,3,0,1,1,0,0,0,0,0,1
11,7,7400721.0,2021,4,19,3,3,1,5,0,0,1,0,0,0,0,0,1
11,7,7200409.0,2021,3,9,4,3,2,6,0,1,1,0,0,0,0,0,0
11,7,7300517.0,2021,4,21,6,2,5,2,2,1,0,0,1,0,0,0,1
11,9,9100305.0,2021,5,17,1,3,1,5,0,0,1,0,0,0,0,0,1
11,6,6400737.0,2021,3,17,4,3,1,5,0,1,1,0,0,0,0,0,0
11,11,11100308.0,2021,4,10,2,3,1,7,0,0,1,0,0,1,0,0,1
11,3,3300516.0,2021,5,12,2,3,5,3,0,0,1,0,0,0,0,0,1
11,1,1200519.0,2021,5,7,6,3,6,4,0,0,1,1,0,0,0,1,1
11,9,9502043.0,2021,5,12,4,2,6,4,0,0,0,1,0,0,1,0,1
11,1,1401046.0,2021,5,16,5,3,2,6,0,1,1,0,0,0,0,0,1
11,7,7200413.0,2021,4,12,6,3,5,3,0,1,1,0,0,0,0,0,1
11,1,1100103.0,2021,4,15,5,2,5,3,0,1,1,0,0,0,0,0,1
11,10,10100102.0,2021,5,19,3,3,5,3,0,1,1,0,0,0,0,0,1
11,3,3601450.0,2021,3,18,2,3,0,6,0,0,0,0,1,0,1,0,0
11,7,7100206.0,2021,4,8,5,3,6,4,0,0,1,1,0,0,0,0,1
11,12,12601235.0,2021,3,11,5,3,5,2,0,1,1,0,0,0,0,0,0
11,7,7601238.0,2021,5,15,3,3,5,3,0,0,1,0,0,0,0,0,1
11,5,5300735.0,2021,4,17,1,2,0,1,0,0,0,0,1,0,0,0,1
11,4,4200311.0,2021,5,12,2,3,2,6,0,0,1,0,0,0,0,0,1
11,4,4500938.0,2021,4,16,4,3,5,3,0,1,1,0,0,0,0,0,1
11,9,9301126.0,2021,3,6,3,3,5,7,0,0,1,0,0,0,1,0,0
11,3,3100101.0,2021,4,6,6,3,3,6,0,0,1,0,1,0,1,0,1
11,8,8100104.0,2021,5,14,7,3,5,3,0,0,1,0,1,0,0,0,1
11,2,2300314.0,2021,5,14,7,3,5,2,0,1,1,0,0,0,0,0,1
11,9,9200819.0,2021,3,18,3,3,2,6,0,0,1,0,0,0,0,0,0
11,8,8100521.0,2021,4,20,2,3,0,1,2,1,0,0,0,0,0,0,1
11,7,7300515.0,2021,5,20,2,2,5,2,2,1,0,0,0,0,0,0,1
11,3,3100101.0,2021,5,6,5,3,5,3,0,0,1,0,0,0,0,0,1
11,4,4500936.0,2021,5,8,4,3,1,5,0,1,0,0,0,1,0,0,1
11,2,2400623.0,2021,4,14,6,3,5,3,0,1,1,0,0,0,0,0,1
11,5,5100316.0,2021,4,13,5,3,5,2,0,1,1,0,0,0,0,1,1
11,6,6100208.0,2021,4,9,6,3,6,2,0,0,1,1,0,0,0,0,1
11,3,3100101.0,2021,5,20,3,2,2,6,0,0,0,0,1,0,0,0,1
11,11,11100204.0,2021,4,16,4,3,5,3,0,1,1,0,0,0,0,0,1
11,3,3200205.0,2021,3,7,4,3,0,3,0,1,0,0,0,0,0,0,0
11,6,6200422.0,2021,5,11,3,3,5,3,0,0,1,0,0,0,0,0,1
11,2,2500833.0,2021,4,19,2,3,5,3,0,1,1,0,0,0,0,0,1
11,8,8401241.0,2021,5,16,2,3,0,1,0,0,0,0,1,0,0,0,1
11,1,1400938.0,2021,5,23,2,3,1,5,2,0,1,0,0,0,0,0,1
11,2,2500833.0,2021,5,20,6,3,2,6,0,1,1,0,0,0,0,1,1
11,4,4300624.0,2021,5,16,5,3,5,2,0,1,1,0,0,0,0,0,1
11,1,1100312.0,2021,4,8,2,3,0,6,0,1,1,0,0,0,0,1,1
11,1,1401049.0,2021,4,17,5,3,5,2,0,0,1,0,0,0,0,0,1
11,12,12200412.0,2021,5,14,4,3,3,6,0,0,1,0,1,0,0,0,1
11,12,12500929.0,2021,4,13,3,3,5,2,0,0,1,0,1,0,0,0,1
11,5,5300735.0,2021,3,15,1,3,5,2,0,0,1,0,0,0,0,0,0
11,3,3200308.0,2021,4,7,5,2,6,4,1,0,1,1,0,0,0,0,1
11,10,10100209.0,2021,3,11,5,3,2,6,0,0,1,0,0,0,0,0,0
11,12,12100206.0,2021,5,9,4,3,5,3,0,0,1,0,0,0,0,0,1
11,3,3701555.0,2021,5,11,3,3,0,6,0,1,1,0,0,0,0,1,1
11,5,5400943.0,2021,4,7,5,3,0,3,0,0,1,0,1,0,0,1,1
11,8,8200726.0,2021,5,14,1,3,2,7,0,0,1,0,0,0,0,0,1
11,2,2100102.0,2021,4,11,2,3,5,3,0,0,1,0,0,0,0,1,1
11,10,10300731.0,2021,5,9,6,3,0,3,0,1,1,0,0,0,0,0,1
11,8,8300934.0,2021,4,15,3,3,2,6,0,0,1,0,0,0,0,0,1
11,9,9100304.0,2021,3,13,3,3,5,2,0,0,1,0,0,0,1,0,0
11,5,5300736.0,2021,4,4,3,2,9,1,2,0,1,0,0,0,0,0,1
11,2,2200212.0,2021,5,17,6,3,3,6,0,0,1,0,1,0,0,0,1
11,11,11501341.0,2021,4,13,4,2,0,7,0,0,1,0,0,0,0,0,1
11,2,2200209.0,2021,3,18,3,3,5,2,0,1,1,0,0,0,0,0,0
11,6,6300629.0,2021,4,13,6,2,2,6,0,0,1,0,1,0,0,0,1
11,1,1300732.0,2021,3,11,7,3,2,6,0,0,1,0,0,0,0,1,0
11,1,1100310.0,2021,5,10,2,3,2,6,0,0,1,0,0,0,0,0,1
11,2,2200210.0,2021,5,17,5,3,5,2,0,1,1,0,0,0,0,1,1
11,12,12200412.0,2021,5,19,4,3,5,7,0,0,1,0,0,1,1,0,1
11,1,1100207.0,2021,4,18,6,3,5,3,0,0,1,0,0,0,0,0,1
11,6,6400844.0,2021,5,14,7,3,5,3,0,0,1,0,0,0,0,0,1
11,4,4300623.0,2021,4,13,4,2,5,5,0,0,1,0,1,0,0,0,1
11,7,7601544.0,2021,3,12,4,3,1,5,0,0,1,0,0,0,1,0,0
11,2,2400625.0,2021,4,13,5,3,5,3,0,1,1,0,0,0,0,0,1
11,3,3601142.0,2021,5,9,7,3,5,2,0,1,1,0,0,0,0,0,1
11,11,11300620.0,2021,5,18,7,3,5,3,0,0,1,0,0,0,0,1,1
11,4,4200310.0,2021,4,12,2,3,6,4,0,0,0,1,0,1,0,0,1
11,5,5200630.0,2021,5,17,3,2,6,2,0,0,1,1,0,0,0,0,1
11,1,1200522.0,2021,5,23,6,3,0,2,2,1,1,0,0,0,0,0,1
11,11,11501340.0,2021,5,17,4,3,0,3,0,0,1,0,0,0,1,0,1
11,1,1300835.0,2021,4,20,4,3,0,1,2,0,0,0,1,0,0,0,1
11,12,12200411.0,2021,4,18,1,3,2,6,0,0,1,0,0,0,0,1,1
11,1,1100206.0,2021,3,14,4,3,0,1,0,1,0,0,0,0,0,0,0
11,2,2300419.0,2021,5,11,3,3,1,5,0,1,0,0,0,1,0,0,1
11,5,5200526.0,2021,3,11,1,2,6,4,0,0,1,1,0,0,0,0,0
11,8,8100208.0,2021,4,12,5,3,3,6,0,0,1,0,1,0,0,0,1
11,3,3100101.0,2021,3,8,5,3,5,2,0,0,1,0,0,0,1,0,0
11,4,4501043.0,2021,5,8,3,3,3,6,0,0,1,0,1,0,0,0,1
11,12,12500824.0,2021,4,10,2,3,5,2,0,1,0,0,0,0,1,0,1
11,1,1100101.0,2021,5,8,2,3,5,2,0,0,0,0,0,0,1,0,1
11,4,4400726.0,2021,4,19,4,2,5,2,0,1,1,0,0,0,0,0,1
11,3,3400721.0,2021,5,13,7,3,6,7,0,1,0,1,0,0,0,0,1
11,3,3601347.0,2021,5,13,5,3,5,3,0,0,1,0,0,0,0,0,1
11,12,12400722.0,2021,4,11,3,3,6,7,0,1,0,1,0,0,0,0,1
11,4,4200311.0,2021,4,14,6,3,5,2,0,0,1,0,0,0,0,0,1
11,6,6400839.0,2021,4,13,4,3,5,3,0,0,1,0,0,0,0,0,1
11,4,4200308.0,2021,5,13,4,3,2,6,0,0,1,0,1,0,0,0,1
11,2,2500728.0,2021,4,13,3,3,6,4,0,0,1,1,0,0,0,0,1
11,1,1200625.0,2021,3,15,3,3,2,7,0,0,1,0,0,0,1,0,0
11,2,2200211.0,2021,4,16,5,3,5,3,0,1,0,0,0,0,0,0,1
11,12,12601235.0,2021,3,17,7,3,6,4,0,0,1,1,0,0,0,0,0
11,11,11501238.0,2021,5,16,4,3,2,6,0,0,1,0,0,0,0,0,1
11,3,3500934.0,2021,5,15,3,3,6,2,0,0,1,1,0,0,0,0,1
11,2,2200212.0,2021,4,6,6,3,6,4,0,1,0,1,0,0,0,0,1
11,6,6400843.0,2021,4,7,3,2,5,3,0,1,1,0,0,0,0,0,1
11,8,8401242.0,2021,5,7,7,3,5,3,0,0,1,0,0,0,0,1,1
11,1,1400942.0,2021,4,10,4,3,5,7,0,1,1,0,0,0,0,0,1
11,1,1100309.0,2021,3,18,2,3,0,7,0,1,0,0,0,0,0,0,0
11,12,12100205.0,2021,4,10,5,3,5,3,0,0,1,0,0,0,0,1,1
11,9,9502043.0,2021,5,13,7,2,5,2,0,1,1,0,0,0,0,0,1
11,7,7601546.0,2021,5,14,6,3,5,3,0,0,1,0,0,0,1,0,1
11,4,4400727.0,2021,4,17,1,3,1,5,0,1,1,0,0,0,0,1,1
11,1,1401047.0,2021,4,11,6,3,5,2,0,0,1,0,0,0,0,0,1
11,7,7400721.0,2021,5,9,5,3,0,6,0,0,1,0,1,0,0,1,1
11,11,11200515.0,2021,4,17,3,3,5,3,0,0,1,0,1,0,0,0,1
11,3,3100101.0,2021,3,11,3,3,0,5,0,0,1,0,0,0,0,0,0
11,7,7501029.0,2021,4,9,6,3,5,3,0,0,1,0,0,0,1,0,1
11,5,5100207.0,2021,3,17,6,3,6,7,0,0,0,1,0,0,1,0,0
11,1,1100312.0,2021,5,18,4,3,5,3,0,1,1,0,0,0,0,1,1
11,9,9301126.0,2021,5,17,3,3,5,3,0,1,1,0,0,0,0,0,1
11,4,4500937.0,2021,4,11,6,3,0,4,0,0,0,1,0,0,1,0,1
11,10,10100209.0,2021,4,14,3,2,6,4,0,0,1,1,0,0,0,0,1
11,12,12200412.0,2021,5,17,6,3,2,6,0,0,1,0,1,0,0,0,1