LAND,BEZ,LOR_ab_2021,UJAHR,UMONAT,USTUNDE,UWOCHENTAG,UKATEGORIE,UART,UTYP1,ULICHTVERH,IstRad,IstPKW,IstFuss,IstKrad,IstGkfz,IstSonstige,USTRZUSTAND,lockdown
11,6,6400843.0,2021,3,12,7,3,5,2,0,0,1,0,0,0,0,0,0
11,5,5200631.0,2021,5,18,2,3,1,5,0,0,1,0,0,0,1,0,1
11,10,10400940.0,2021,5,13,5,3,5,3,0,0,1,0,0,0,0,1,1
11,1,1401045.0,2021,5,19,4,3,3,6,0,0,1,0,0,0,0,0,1
11,7,7200409.0,2021,4,16,6,3,1,5,0,1,1,0,0,0,0,0,1
11,4,4501043.0,2021,5,15,2,3,6,4,0,0,1,1,0,0,0,0,1
11,4,4200308.0,2021,4,14,4,3,5,2,0,1,1,0,0,0,0,0,1
11,9,9100306.0,2021,3,13,4,3,2,6,0,0,1,0,0,0,0,0,0
11,4,4200309.0,2021,5,18,7,3,5,3,0,0,1,0,0,0,0,0,1
11,4,4500939.0,2021,4,10,2,3,0,3,0,1,1,0,0,0,0,0,1
11,12,12200309.0,2021,5,14,2,3,5,2,0,1,0,0,0,0,1,0,1
11,6,6100102.0,2021,5,21,7,3,6,7,2,0,0,1,0,0,1,0,1
11,5,5100211.0,2021,5,14,3,2,2,2,0,0,1,0,1,0,0,0,1
11,9,9200613.0,2021,5,20,7,2,8,1,1,0,1,0,0,0,0,0,1
11,4,4200311.0,2021,5,13,4,3,0,3,0,1,1,0,0,0,0,0,1
11,10,10200420.0,2021,4,17,1,3,5,3,0,0,1,0,0,0,1,1,1
11,9,9200819.0,2021,4,14,5,3,5,3,0,0,1,0,0,0,0,0,1
11,5,5300736.0,2021,4,12,3,3,2,6,0,0,1,0,0,0,0,0,1
11,6,7300619.0,2021,4,11,2,3,2,6,0,0,1,0,0,0,0,0,1
11,5,5200631.0,2021,5,20,5,3,1,5,2,0,1,0,0,0,0,1,1
11,4,4400835.0,2021,4,19,3,3,5,3,0,0,1,0,0,0,0,0,1
11,3,3300411.0,2021,3,15,1,3,5,3,0,0,1,0,1,0,0,0,0
11,11,11200515.0,2021,4,15,5,2,1,7,0,0,1,0,0,0,0,1,1
11,7,7100102.0,2021,3,22,5,3,6,2,2,0,1,1,0,0,0,0,0
11,9,9200715.0,2021,5,6,3,3,0,2,0,1,0,0,0,0,1,0,1
11,8,8200832.0,2021,4,19,1,3,1,5,2,1,1,0,0,0,0,0,1
11,4,4300416.0,2021,5,20,2,3,0,7,1,0,0,0,1,0,0,1,1
11,12,12100205.0,2021,4,18,4,3,5,2,0,0,1,0,0,0,1,0,1
11,9,9200715.0,2021,5,17,1,3,5,2,0,1,1,0,0,0,0,0,1
11,8,8300934.0,2021,4,14,7,3,5,2,0,0,1,0,0,0,0,0,1
11,11,2500835.0,2021,4,18,1,3,2,6,0,0,1,0,0,0,0,0,1
11,7,7501134.0,2021,5,14,1,3,2,7,0,0,1,0,0,0,0,0,1
11,12,12400721.0,2021,5,13,7,3,5,3,0,0,1,0,0,0,0,1,1
11,4,4300620.0,2021,4,8,2,3,5,2,0,1,1,0,0,0,0,0,1
11,1,1401043.0,2021,5,13,2,3,2,6,0,0,1,0,0,0,1,0,1
11,2,2100104.0,2021,5,11,6,3,5,2,0,1,0,0,0,1,0,1,1
11,2,2400521.0,2021,5,7,5,3,5,2,0,1,0,0,0,0,1,0,1
11,3,3601244.0,2021,4,15,2,3,5,3,0,1,1,0,0,0,0,0,1
11,3,3601244.0,2021,3,14,4,2,5,3,0,1,1,0,0,0,0,0,0
11,3,3400618.0,2021,5,7,4,3,3,6,0,1,0,0,0,1,0,0,1
11,1,1100207.0,2021,4,15,3,3,5,3,0,0,1,0,1,0,0,0,1
11,8,8200832.0,2021,3,16,2,3,2,6,0,1,1,0,0,0,0,0,0
11,4,4100101.0,2021,4,16,5,3,5,2,0,0,1,0,0,0,0,0,1
11,12,12200309.0,2021,3,19,5,3,1,5,2,1,1,0,0,0,0,0,0
11,6,6300633.0,2021,5,12,2,3,5,3,0,1,1,0,0,0,0,0,1
11,2,2100105.0,2021,4,17,7,3,1,5,0,0,1,0,0,0,0,0,1
11,8,8100104.0,2021,5,15,2,3,0,1,0,1,0,0,0,0,0,0,1
11,6,6300528.0,2021,4,15,4,2,0,6,0,0,1,0,1,0,0,0,1
11,11,11300826.0,2021,5,0,7,3,1,5,2,0,0,0,1,0,1,1,1
11,12,12200310.0,2021,4,15,1,2,5,2,0,0,1,0,1,0,0,0,1
11,1,1100102.0,2021,5,18,5,3,2,7,0,0,1,0,0,0,1,0,1
11,1,1401045.0,2021,4,13,3,3,2,6,0,0,1,0,0,0,0,0,1
11,1,1400938.0,2021,4,12,7,3,2,6,0,0,1,0,0,0,0,0,1
11,2,2200209.0,2021,4,16,3,3,5,2,0,1,0,0,0,0,1,1,1
11,7,7300515.0,2021,5,15,4,3,5,2,0,1,1,0,0,0,0,0,1
11,8,8200622.0,2021,4,15,5,3,0,6,0,0,0,0,0,0,1,0,1
11,10,10100209.0,2021,3,7,3,3,2,6,0,0,1,0,0,0,0,0,0
11,12,12400618.0,2021,4,10,1,3,0,2,0,1,0,0,1,0,0,0,1
11,10,10100311.0,2021,3,9,6,3,4,5,0,1,1,0,0,0,0,0,0
11,10,10200627.0,2021,5,16,3,3,0,7,0,0,1,0,0,0,0,0,1
11,10,10300734.0,2021,5,15,3,3,2,6,0,0,1,0,0,0,0,0,1
11,8,8100419.0,2021,4,13,6,3,5,7,0,0,1,0,1,0,0,0,1
11,4,4200310.0,2021,5,15,6,3,2,6,0,0,1,0,0,0,0,0,1
11,7,7501029.0,2021,4,14,4,3,2,6,0,0,1,0,0,0,0,0,1
11,7,7100102.0,2021,3,12,3,3,5,7,0,0,1,0,1,0,0,0,0
11,7,7601544.0,2021,4,5,5,3,5,3,2,1,1,0,0,0,0,1,1
11,2,2400623.0,2021,4,12,3,3,6,4,0,0,1,1,0,0,0,0,1
11,9,9401635.0,2021,5,15,2,3,5,3,0,1,0,0,0,0,0,0,1
11,9,9501939.0,2021,3,19,3,3,2,6,0,0,1,0,0,0,1,0,0
11,11,11300721.0,2021,4,11,2,2,0,3,0,0,1,0,0,0,1,0,1
11,3,3601245.0,2021,5,16,2,3,5,2,0,0,1,0,0,0,0,0,1
11,2,2200210.0,2021,5,20,4,3,5,3,2,0,1,0,0,0,0,0,1
11,3,3701554.0,2021,5,22,4,3,1,5,2,0,1,0,1,0,0,0,1
11,2,2200212.0,2021,4,9,6,3,5,2,0,1,1,0,0,0,0,0,1
11,5,5100317.0,2021,3,16,4,3,5,2,0,1,1,0,0,0,0,0,0
11,4,4400727.0,2021,5,19,1,3,5,2,0,0,1,0,0,0,0,1,1
11,9,9100306.0,2021,5,13,4,3,2,5,0,0,1,0,0,0,0,0,1
11,2,2300418.0,2021,4,9,4,2,5,5,0,1,1,0,0,0,0,0,1
11,1,1300733.0,2021,3,8,4,2,5,3,0,0,1,0,0,0,1,0,0
11,1,1200517.0,2021,5,13,2,3,0,7,0,1,0,0,0,0,0,0,1
11,8,8200622.0,2021,4,13,2,3,5,3,0,1,1,0,0,0,0,0,1
11,12,12601236.0,2021,5,15,2,3,2,6,0,0,1,0,0,0,0,0,1
11,3,3601141.0,2021,5,11,2,3,5,2,0,0,1,0,0,0,1,0,1
11,1,1200520.0,2021,5,20,6,3,1,5,1,1,1,0,0,0,0,1,1
11,3,3500934.0,2021,5,14,5,3,2,6,0,0,1,0,0,0,0,0,1
11,6,6100207.0,2021,4,14,1,2,5,3,0,0,1,0,0,0,1,0,1
11,1,1300836.0,2021,4,17,5,3,1,5,0,0,1,0,1,0,0,0,1
11,7,7400927.0,2021,5,14,4,3,5,3,0,0,0,0,1,0,1,0,1
11,2,2300316.0,2021,4,19,4,3,4,7,0,1,0,1,0,0,0,0,1
11,4,4300622.0,2021,3,15,1,3,6,7,0,0,1,1,0,0,0,0,0
11,8,8301036.0,2021,4,18,5,3,2,6,0,0,1,0,0,0,0,0,1
11,7,7400822.0,2021,3,14,5,3,5,3,0,0,1,0,0,0,0,0,0
11,4,4200310.0,2021,5,19,4,3,2,2,0,0,1,0,0,0,0,1,1
11,5,5300737.0,2021,5,13,2,3,2,3,0,0,1,0,0,0,0,0,1
11,8,8200729.0,2021,4,16,4,3,5,3,0,1,1,0,0,0,0,0,1
11,5,5100317.0,2021,5,23,1,3,1,5,2,1,1,0,0,0,0,0,1
11,9,9401534.0,2021,4,17,1,3,5,2,0,1,1,0,0,0,0,0,1
11,6,6200313.0,2021,5,19,6,3,5,3,0,0,1,0,1,0,0,0,1
11,4,4500937.0,2021,4,13,3,3,2,6,0,0,1,0,0,0,0,0,1
11,2,2200208.0,2021,3,19,3,3,0,2,0,1,0,0,0,0,1,0,0
11,6,6100206.0,2021,4,17,3,3,0,6,0,1,1,0,0,0,0,0,1
11,8,8100314.0,2021,5,19,6,3,1,5,0,1,1,0,0,0,0,0,1
11,12,12400618.0,2021,4,18,5,3,5,3,0,1,1,0,0,0,0,0,1
11,3,3200309.0,2021,3,9,2,3,2,6,0,0,0,0,1,0,1,0,0
11,8,8100521.0,2021,4,17,7,3,5,3,0,1,1,0,0,0,0,0,1
11,2,2300314.0,2021,3,19,6,3,0,3,2,1,0,0,0,0,1,0,0
11,7,7300516.0,2021,5,16,2,3,5,2,0,1,1,0,0,0,0,0,1
11,2,2400623.0,2021,5,19,5,3,1,5,0,1,1,0,0,0,0,0,1
11,3,3500933.0,2021,5,20,4,3,6,4,1,0,1,1,0,0,0,0,1
11,8,8401139.0,2021,4,15,4,3,5,3,0,1,1,0,0,0,0,0,1
11,12,12601031.0,2021,4,12,6,3,3,2,0,0,1,0,0,0,1,0,1
11,3,3400619.0,2021,4,8,3,2,5,2,0,0,1,0,1,0,0,0,1
11,1,1100206.0,2021,3,12,4,3,5,3,0,1,1,0,0,0,0,0,0
11,3,3200310.0,2021,4,15,6,3,2,6,0,0,1,0,0,0,0,0,1
11,4,4200308.0,2021,5,11,7,3,0,2,0,0,1,0,0,0,1,0,1
11,3,3601346.0,2021,5,9,6,3,1,5,0,1,1,0,0,0,0,0,1
11,1,1300733.0,2021,4,19,2,3,5,7,0,0,1,0,1,0,0,1,1
11,5,5300839.0,2021,4,17,5,3,0,7,0,1,0,0,0,0,0,0,1
11,6,6400843.0,2021,4,19,3,3,0,2,1,1,1,0,0,0,0,1,1
11,4,4300416.0,2021,4,18,3,2,5,3,0,1,0,0,1,0,0,1,1
11,4,4501042.0,2021,5,17,5,3,0,1,0,1,0,0,0,0,0,1,1
11,8,8100105.0,2021,4,6,4,3,5,2,0,1,0,0,0,0,1,0,1
11,1,1400942.0,2021,3,8,2,3,6,4,0,1,0,1,0,0,0,0,0
11,2,2500726.0,2021,4,15,6,3,5,2,0,1,1,0,0,0,0,0,1
11,4,4300623.0,2021,3,9,6,2,5,2,0,1,1,0,0,0,0,1,0
11,12,12500930.0,2021,5,14,3,3,2,6,0,0,1,0,0,0,0,1,1
11,5,5200629.0,2021,5,9,2,3,5,2,0,0,1,0,0,0,0,0,1
11,12,12100103.0,2021,4,17,5,3,6,7,0,0,1,1,0,0,0,1,1
11,4,4501044.0,2021,4,16,3,3,0,6,0,0,1,0,1,0,0,0,1
11,7,7400826.0,2021,3,15,3,2,4,6,0,0,1,0,0,0,0,0,0
11,6,6300524.0,2021,4,14,6,3,6,4,0,0,1,1,0,0,0,0,1
11,9,9100306.0,2021,4,8,3,3,2,6,0,0,1,0,0,0,1,0,1
11,10,10200417.0,2021,5,13,7,3,5,2,0,1,1,0,0,0,0,0,1
11,1,1100207.0,2021,5,12,7,3,1,5,0,1,1,0,0,0,0,1,1
11,11,11200514.0,2021,3,16,3,3,2,7,0,0,1,0,0,0,0,0,0
11,9,9501939.0,2021,4,14,2,3,5,3,0,1,1,0,0,0,0,0,1
11,6,6100101.0,2021,5,15,2,3,5,3,0,1,0,0,0,0,1,0,1
11,3,3400620.0,2021,5,18,5,3,5,2,0,1,0,0,0,0,0,0,1
11,11,11200513.0,2021,5,18,4,3,2,6,0,0,1,0,0,0,0,0,1
11,6,6300632.0,2021,4,10,6,3,5,3,0,0,1,0,0,0,0,0,1
11,5,5100105.0,2021,3,11,4,2,2,6,0,0,1,0,0,0,0,0,0
11,7,7601341.0,2021,5,18,3,3,0,2,0,1,1,0,0,0,0,0,1
11,6,6100207.0,2021,4,8,4,3,2,6,0,0,1,0,0,0,1,0,1
11,1,1100309.0,2021,3,14,4,3,8,7,0,0,0,0,0,0,1,0,0
11,7,7200307.0,2021,5,20,2,3,5,3,2,0,1,0,0,0,0,1,1
11,8,8100521.0,2021,4,11,2,3,5,3,0,0,1,0,0,0,0,0,1
11,5,5400943.0,2021,5,17,2,3,2,7,2,0,1,0,1,0,0,1,1
11,8,8200833.0,2021,5,12,3,2,5,3,0,1,1,0,0,0,0,0,1
11,2,2100106.0,2021,5,16,7,3,3,6,0,1,1,0,0,0,0,0,1
11,9,9200716.0,2021,5,14,6,3,5,3,0,1,1,0,0,0,0,0,1
11,8,8200831.0,2021,4,9,2,3,2,6,0,0,1,0,0,0,1,1,1
11,4,4400830.0,2021,4,10,6,3,5,3,0,1,1,0,0,0,0,0,1
11,2,2200210.0,2021,4,15,3,3,5,2,0,1,1,0,0,0,0,0,1
11,1,1200517.0,2021,5,6,4,3,5,2,0,1,1,0,0,0,0,1,1
11,5,5300736.0,2021,4,15,3,3,2,6,0,0,1,0,0,0,0,0,1
11,3,3601142.0,2021,3,10,3,3,1,5,0,1,0,0,0,0,1,0,0
11,5,5300841.0,2021,4,15,5,3,2,6,0,0,1,0,0,0,0,0,1
11,4,4500939.0,2021,3,16,6,3,2,7,0,0,1,0,0,0,0,0,0
11,1,1100310.0,2021,5,14,4,3,5,2,0,1,0,0,0,1,0,0,1
11,10,10100207.0,2021,5,15,4,3,6,4,0,0,1,1,0,0,0,0,1
11,11,11100203.0,2021,4,18,5,3,5,3,1,1,0,0,0,0,0,0,1
11,1,1300836.0,2021,5,17,1,3,2,6,0,0,1,0,0,0,0,0,1
11,5,5200629.0,2021,4,12,3,3,2,6,0,0,1,0,0,0,0,0,1
11,2,2200209.0,2021,5,7,6,3,6,2,0,0,1,1,0,0,0,0,1
11,7,7300619.0,2021,4,18,2,3,1,5,1,1,1,0,0,0,0,0,1
11,4,4501045.0,2021,3,10,2,3,2,6,0,0,1,0,0,0,0,0,0
11,2,2300314.0,2021,4,18,3,3,0,1,0,1,0,0,0,0,0,1,1
11,10,10100206.0,2021,4,10,3,3,5,3,0,0,1,0,0,0,0,0,1
11,1,1200623.0,2021,5,18,6,3,5,7,0,0,1,0,0,0,0,1,1
11,5,5100316.0,2021,4,10,5,3,2,6,0,0,1,0,0,0,0,0,1
11,6,6200317.0,2021,3,17,3,3,1,5,0,0,1,0,0,0,0,0,0
11,7,7501031.0,2021,4,11,7,3,5,2,0,0,0,0,1,0,1,0,1
11,12,12400619.0,2021,3,14,7,3,2,6,0,1,1,0,0,0,0,1,0
11,9,9501737.0,2021,5,10,2,3,4,6,0,1,0,0,0,0,0,0,1
11,2,2400624.0,2021,5,18,5,3,6,7,0,0,0,1,0,0,1,0,1
11,1,1100103.0,2021,5,10,4,2,5,3,0,0,1,0,1,0,0,0,1
11,4,4200311.0,2021,4,15,7,3,2,6,0,0,1,0,0,0,0,0,1
11,2,2300316.0,2021,5,15,1,3,5,3,0,1,1,0,0,0,0,1,1
11,9,9501838.0,2021,4,16,3,2,4,6,0,0,1,0,1,0,0,0,1
11,12,12601235.0,2021,3,15,3,3,2,2,0,0,1,0,0,1,0,0,0
11,12,12601133.0,2021,4,11,7,3,5,3,0,0,1,0,0,0,0,0,1
11,9,9401329.0,2021,5,11,7,3,5,3,0,1,1,0,0,0,0,0,1
11,8,8300934.0,2021,4,12,2,3,1,5,0,0,1,0,0,0,0,0,1
11,7,7100101.0,2021,5,21,2,3,1,7,2,1,1,0,0,0,0,0,1
11,1,1401045.0,2021,5,18,6,3,2,6,0,0,1,0,0,0,0,1,1
11,11,11300618.0,2021,5,16,5,3,2,6,0,0,1,0,0,0,0,0,1
11,2,2500835.0,2021,4,6,2,3,5,3,0,1,0,0,0,0,1,1,1
11,10,10200629.0,2021,3,9,4,3,0,7,0,1,0,0,0,0,0,0,0
11,1,1100207.0,2021,4,16,3,2,5,3,0,1,1,0,0,0,0,0,1
11,1,1300835.0,2021,5,18,4,3,2,1,0,0,1,0,0,0,1,0,1
11,1,1200517.0,2021,3,19,1,3,0,2,2,0,1,0,0,0,1,1,0
11,1,1200627.0,2021,4,18,4,3,2,6,0,0,1,0,0,0,0,0,1
11,4,4500936.0,2021,3,14,5,3,0,3,0,0,1,0,1,0,0,0,0
11,5,5100314.0,2021,5,17,3,3,3,6,0,0,1,0,0,0,1,0,1
11,2,2100103.0,2021,4,16,1,3,2,6,0,0,1,0,0,0,0,0,1
11,1,1100313.0,2021,5,7,2,3,5,3,0,0,1,0,0,0,0,1,1
11,9,9100304.0,2021,4,9,4,2,1,5,0,1,1,0,0,0,0,0,1
11,6,6400842.0,2021,5,19,1,2,3,6,0,0,1,0,1,0,0,0,1
11,1,1300835.0,2021,5,18,6,3,5,3,0,1,1,0,0,0,0,0,1
11,1,1100207.0,2021,4,9,3,3,5,3,0,0,1,0,0,0,0,0,1
11,1,1400938.0,2021,4,13,6,3,2,6,0,1,0,0,0,0,0,0,1
11,9,9301126.0,2021,3,6,4,3,5,3,0,0,1,0,0,0,0,0,0
11,11,11300620.0,2021,4,15,2,2,5,3,0,0,1,0,0,0,0,0,1
11,2,2200209.0,2021,5,16,3,3,5,7,0,0,1,0,0,0,0,0,1
11,3,3300411.0,2021,5,19,6,3,0,1,0,0,1,0,0,0,0,1,1
11,7,7300618.0,2021,5,23,3,3,1,5,2,0,1,0,0,0,1,0,1
11,1,1200517.0,2021,5,10,5,3,5,7,0,0,1,0,0,0,0,0,1
11,3,3601141.0,2021,4,5,6,2,5,2,1,1,1,0,0,0,0,0,1
11,3,3200308.0,2021,3,10,4,2,6,2,0,0,1,1,0,0,0,0,0
11,1,1100206.0,2021,5,11,3,3,5,3,0,1,1,0,0,0,0,0,1
11,3,3701660.0,2021,3,18,2,3,1,5,1,1,1,0,0,0,0,0,0
11,9,9401329.0,2021,4,3,4,3,7,7,2,0,0,0,1,0,0,0,1
11,4,4100101.0,2021,3,16,5,2,8,1,0,0,0,0,1,0,0,0,0
11,3,3601449.0,2021,5,21,2,3,1,5,2,0,1,0,0,0,0,0,1
11,4,4501045.0,2021,4,20,2,3,5,3,2,0,1,0,0,0,0,0,1
11,6,6200314.0,2021,5,8,2,3,1,5,0,1,1,0,0,0,0,0,1
11,12,12200412.0,2021,4,18,4,3,5,2,0,1,1,0,0,0,0,0,1
11,2,2500726.0,2021,5,7,7,3,5,2,0,0,1,0,0,0,1,0,1
11,1,1100206.0,2021,5,22,5,3,5,3,2,0,1,0,0,0,0,0,1
11,4,4501153.0,2021,4,10,2,3,5,2,0,1,0,0,0,0,1,0,1
11,8,8200726.0,2021,4,20,5,3,4,6,2,0,1,0,0,0,0,0,1
11,7,7100101.0,2021,4,15,3,3,5,2,0,0,1,0,0,1,0,0,1
11,1,1401049.0,2021,5,15,4,3,5,2,0,1,1,0,0,0,0,0,1
11,1,1100205.0,2021,4,17,3,3,5,3,0,1,1,0,0,0,0,0,1
11,9,9501941.0,2021,3,7,3,3,2,6,0,0,1,0,1,0,0,0,0
11,7,7300619.0,2021,4,12,6,2,0,3,0,1,1,0,0,0,0,0,1
11,12,12400722.0,2021,3,14,6,3,5,3,0,0,1,0,0,0,0,0,0
11,9,9200511.0,2021,5,19,3,2,3,6,0,0,1,0,1,0,0,1,1
11,5,5100101.0,2021,5,13,2,3,0,1,0,1,0,0,0,0,0,0,1
11,7,7200307.0,2021,4,14,6,3,2,6,0,0,1,0,1,0,0,0,1
11,10,10100209.0,2021,4,17,2,3,5,3,0,1,1,0,0,0,0,0,1
11,5,5100317.0,2021,5,22,6,2,6,4,2,0,1,1,0,0,0,0,1
11,4,4300619.0,2021,4,17,3,3,2,6,0,0,1,0,0,0,0,0,1
11,3,3300411.0,2021,3,13,3,3,6,7,0,0,1,1,0,0,0,0,0
11,5,5100210.0,2021,4,12,6,3,5,3,0,1,1,0,0,0,0,0,1
11,12,12601235.0,2021,4,9,3,3,5,7,0,0,1,0,0,0,1,0,1
11,2,2200209.0,2021,5,18,6,3,1,5,0,0,1,0,0,0,0,0,1
11,9,9501737.0,2021,3,15,4,3,2,2,0,1,1,0,0,0,0,0,0
11,3,3400829.0,2021,4,18,6,3,2,6,0,1,1,0,0,0,0,0,1
11,6,6200313.0,2021,3,11,7,3,2,6,0,1,1,0,0,0,0,1,0
11,3,3400828.0,2021,5,18,2,2,5,3,0,1,1,0,0,0,0,0,1
11,4,4300623.0,2021,5,12,5,3,6,4,0,0,1,1,0,0,0,1,1
11,7,7100205.0,2021,5,13,4,3,5,3,0,0,1,0,0,0,0,0,1
11,1,1100103.0,2021,4,22,6,3,5,2,2,0,1,0,0,0,1,0,1
11,12,12100102.0,2021,5,12,1,3,5,3,0,0,1,0,0,0,0,0,1
11,11,11200410.0,2021,4,17,4,3,5,3,0,1,1,0,0,0,0,0,1
11,11,11401137.0,2021,3,14,4,3,0,2,0,1,1,0,0,0,0,0,0
11,12,12200412.0,2021,4,15,1,2,5,3,0,1,1,0,0,0,0,0,1
11,1,1100102.0,2021,5,13,7,3,1,5,0,1,1,0,0,0,0,0,1
11,8,8100208.0,2021,5,10,7,3,5,7,0,0,1,0,0,0,0,0,1
11,11,11100204.0,2021,4,7,2,3,6,2,0,0,1,1,0,0,0,0,1
11,4,4300624.0,2021,5,21,2,3,1,5,2,0,1,0,0,0,0,0,1
11,5,5100317.0,2021,5,8,6,3,5,3,0,0,1,0,0,0,0,0,1
11,1,1100206.0,2021,5,8,4,3,5,2,0,1,1,0,0,0,0,0,1
11,1,1100415.0,2021,4,18,7,3,5,3,0,1,1,0,0,0,0,0,1
11,1,1100312.0,2021,4,9,5,3,1,5,0,1,1,0,0,0,0,0,1
11,2,2400624.0,2021,5,19,4,3,2,6,1,1,1,0,0,0,0,1,1
11,7,7400826.0,2021,4,14,3,3,2,6,0,0,1,0,0,0,0,0,1
11,9,9100305.0,2021,3,14,2,3,6,4,0,0,1,1,0,0,0,0,0
11,8,8301036.0,2021,4,13,5,2,2,6,0,0,1,0,0,0,1,0,1
11,2,2400623.0,2021,3,9,5,2,6,4,0,0,0,1,1,0,0,0,0
11,2,2100106.0,2021,5,9,3,3,0,4,0,1,0,1,0,0,0,1,1
11,1,1400940.0,2021,4,3,1,2,1,5,2,0,1,0,0,0,0,0,1
11,9,9200717.0,2021,5,11,2,3,6,7,0,0,1,1,0,0,0,0,1
11,3,3300411.0,2021,4,7,4,3,5,3,0,1,1,0,0,0,0,0,1
11,1,1300732.0,2021,5,11,1,3,0,6,0,0,1,0,1,0,0,0,1
11,3,3501038.0,2021,4,10,1,3,4,6,0,1,1,0,0,0,0,0,1
11,4,4300620.0,2021,5,11,6,3,1,1,0,1,1,0,0,0,0,0,1
11,2,2500834.0,2021,4,11,2,3,5,2,0,1,1,0,0,0,0,0,1
11,3,3601244.0,2021,4,18,6,3,6,7,0,1,0,1,0,0,0,1,1
11,7,7300619.0,2021,4,12,4,2,5,7,0,0,1,0,0,0,0,0,1
11,8,8100102.0,2021,5,0,5,3,5,3,2,0,1,0,0,0,0,1,1
11,6,6300525.0,2021,4,14,4,3,2,2,0,1,0,0,0,0,1,0,1
11,1,1200520.0,2021,3,15,3,3,2,2,0,1,1,0,0,0,0,0,0
11,7,7601544.0,2021,4,19,7,3,4,6,0,0,1,0,0,0,0,0,1
11,5,5100316.0,2021,3,7,7,3,5,7,0,0,1,0,0,0,1,0,0
11,7,7400823.0,2021,5,21,3,3,5,2,1,0,1,0,0,0,0,1,1
11,4,4501043.0,2021,5,18,2,3,0,3,0,1,1,0,0,0,0,0,1
11,2,2500836.0,2021,4,17,6,3,2,6,0,0,1,0,0,0,0,0,1
11,1,1200623.0,2021,5,17,6,3,3,6,0,1,1,0,0,0,0,1,1
11,8,8100314.0,2021,4,10,4,3,1,5,0,0,1,0,0,0,0,0,1
11,1,1100416.0,2021,3,15,2,3,1,5,0,1,0,0,0,0,1,0,0
11,8,8301036.0,2021,4,23,5,3,1,5,2,0,1,0,0,0,0,0,1
11,1,1100207.0,2021,4,11,3,3,5,2,0,1,1,0,0,0,0,0,1
11,2,2500835.0,2021,5,14,6,3,5,2,0,1,1,0,0,0,0,1,1
11,9,9301025.0,2021,5,23,6,3,1,5,2,0,1,0,0,0,0,1,1
11,8,8401241.0,2021,3,16,3,3,5,2,0,0,1,0,0,0,0,0,0
11,5,5300737.0,2021,4,8,2,3,0,2,0,1,1,0,0,0,0,0,1
11,4,4200310.0,2021,5,15,2,3,5,2,0,0,1,0,0,0,0,0,1
11,3,3200308.0,2021,5,15,5,3,2,2,0,1,1,0,0,0,0,0,1
11,1,1401044.0,2021,4,17,3,3,5,3,0,1,1,0,0,0,0,1,1
11,4,4200311.0,2021,5,14,4,3,2,6,0,0,1,0,0,0,1,0,1
11,10,10300731.0,2021,4,13,3,3,2,6,0,0,1,0,0,0,0,0,1
11,3,3100102.0,2021,3,10,2,3,5,2,0,0,1,0,1,0,0,0,0
11,12,12200309.0,2021,4,18,5,3,2,6,0,0,1,0,0,0,0,0,1
11,6,6100205.0,2021,3,0,7,3,5,7,2,0,1,0,0,0,0,0,0
11,2,2100101.0,2021,5,13,4,3,2,6,0,0,1,0,0,0,0,0,1
11,5,5100317.0,2021,5,16,2,3,4,2,0,1,1,0,0,0,0,0,1
11,12,12601032.0,2021,4,13,6,3,5,3,0,0,1,0,0,0,0,0,1
11,12,12100102.0,2021,4,21,2,3,2,6,2,1,1,0,0,0,0,0,1
11,8,8401241.0,2021,5,16,6,3,6,4,0,0,1,1,0,0,0,0,1
11,4,4300623.0,2021,4,16,4,3,5,2,0,1,0,0,0,0,1,0,1
11,2,2500831.0,2021,3,10,3,3,5,2,0,1,1,0,0,0,0,0,0
11,12,12100101.0,2021,4,17,4,3,5,3,0,0,1,0,0,0,0,0,1
11,12,12200309.0,2021,5,9,6,3,0,5,0,0,1,0,0,0,1,1,1
11,9,9100101.0,2021,5,21,6,3,5,3,0,0,1,0,0,0,0,0,1
11,2,2300315.0,2021,3,18,4,3,5,2,0,1,1,0,0,0,0,0,0
11,11,11300826.0,2021,4,7,6,3,7,7,0,1,0,0,0,0,0,0,1
11,2,2200210.0,2021,3,9,7,3,5,3,0,0,1,0,0,0,1,1,0
11,5,5100317.0,2021,5,18,2,3,0,1,0,1,0,0,0,0,0,0,1
11,8,8100521.0,2021,5,15,6,3,2,6,0,0,1,0,0,0,1,1,1
11,7,7400826.0,2021,5,1,4,3,1,7,2,0,1,0,0,0,0,0,1
11,1,1100206.0,2021,4,20,6,3,5,3,1,1,1,0,0,0,0,0,1
11,5,5100209.0,2021,5,21,7,3,5,2,0,0,1,0,0,0,0,0,1
11,5,5100316.0,2021,4,18,4,2,9,1,0,0,0,0,1,0,0,1,1
11,3,3701660.0,2021,3,13,4,3,6,7,0,1,0,1,0,0,0,0,0
11,5,5300735.0,2021,4,17,6,3,6,4,0,0,1,1,0,0,0,0,1
11,5,5100317.0,2021,4,10,2,2,2,6,0,0,1,0,0,0,0,0,1
11,11,11200410.0,2021,4,16,2,3,5,3,0,1,1,0,0,0,0,0,1
11,1,1100309.0,2021,5,11,1,3,1,5,0,1,1,0,0,0,0,1,1
11,6,6400838.0,2021,5,15,7,3,5,3,0,1,1,0,0,0,0,0,1
11,4,4501148.0,2021,4,13,3,3,0,7,0,0,0,0,0,0,1,0,1
11,7,7400927.0,2021,5,11,3,3,5,3,0,0,1,0,0,0,1,0,1