LAND,BEZ,LOR_ab_2021,UJAHR,UMONAT,USTUNDE,UWOCHENTAG,UKATEGORIE,UART,UTYP1,ULICHTVERH,IstRad,IstPKW,IstFuss,IstKrad,IstGkfz,IstSonstige,USTRZUSTAND,lockdown
11,6,6100103.0,2021,5,20,7,3,2,6,1,0,1,0,0,0,0,0,1
11,1,1200623.0,2021,5,1,5,3,5,2,2,0,1,0,1,0,0,0,1
11,9,9301228.0,2021,4,12,1,2,9,1,0,0,1,0,0,0,0,1,1
11,7,7200307.0,2021,4,10,5,3,5,3,0,1,1,0,0,0,0,0,1
11,4,4400835.0,2021,5,16,5,3,5,3,0,0,1,0,0,0,0,1,1
11,6,6400839.0,2021,4,17,3,3,2,7,0,0,0,0,1,0,1,0,1
11,4,4500939.0,2021,3,23,2,3,3,6,2,0,1,0,0,0,0,0,0
11,10,10200629.0,2021,4,11,6,3,6,2,0,0,1,1,0,0,0,0,1
11,8,8200727.0,2021,3,11,5,3,5,3,0,1,1,0,0,0,0,0,0
11,8,8401246.0,2021,5,7,2,3,5,3,0,1,0,0,0,0,1,0,1
11,1,1300733.0,2021,4,17,1,3,2,6,0,0,1,0,1,0,0,0,1
11,6,6100207.0,2021,5,11,2,3,2,2,0,1,1,0,0,0,0,0,1
11,3,3400724.0,2021,4,6,4,2,5,3,0,1,1,0,0,0,0,0,1
11,7,7601544.0,2021,5,14,7,3,5,2,0,0,1,0,0,0,0,0,1
11,4,4100102.0,2021,4,18,7,3,0,6,0,0,1,0,1,0,0,0,1
11,2,2200211.0,2021,5,12,5,3,1,7,0,0,1,0,0,0,0,0,1
11,1,1300836.0,2021,4,12,3,3,0,6,0,1,1,0,0,0,0,0,1
11,12,12500927.0,2021,4,12,7,3,0,3,0,1,0,0,0,0,1,0,1
11,7,7300619.0,2021,4,1,4,2,1,5,2,1,1,0,0,0,0,0,1
11,6,6400843.0,2021,5,12,6,3,6,7,0,0,1,1,0,0,0,0,1
11,2,2200210.0,2021,4,22,5,3,0,7,2,1,0,0,0,0,0,1,1
11,12,12601235.0,2021,3,11,2,3,2,6,0,0,1,0,0,0,0,0,0
11,6,6300634.0,2021,4,9,1,3,5,2,0,0,0,0,1,0,1,0,1
11,5,5100316.0,2021,3,14,6,2,6,4,0,0,1,1,0,0,0,0,0
11,10,10400940.0,2021,5,17,4,3,5,2,0,0,1,0,0,0,1,1,1
11,1,1100206.0,2021,5,16,3,3,3,6,0,1,0,0,0,0,1,0,1
11,2,2500727.0,2021,4,19,6,3,2,6,0,1,1,0,0,0,0,0,1
11,6,6300527.0,2021,4,16,3,3,6,4,0,0,1,1,0,0,0,0,1
11,3,3601244.0,2021,3,14,3,3,5,3,0,0,1,0,0,0,0,0,0
11,1,1100103.0,2021,4,16,6,3,5,7,0,1,1,0,0,0,0,0,1
11,1,1401045.0,2021,5,14,7,3,6,2,0,0,1,1,0,0,0,1,1
11,3,3300517.0,2021,5,2,7,1,8,1,2,0,1,0,0,0,0,0,1
11,9,9200715.0,2021,3,15,4,3,2,6,0,0,1,0,0,0,0,0,0
11,9,9100306.0,2021,4,16,2,3,2,2,0,0,1,0,1,0,0,0,1
11,1,1300834.0,2021,5,18,2,3,2,6,0,0,1,0,0,0,0,0,1
11,4,4501042.0,2021,5,15,5,3,5,2,0,0,1,0,1,0,0,0,1
11,4,4300619.0,2021,5,20,4,3,0,7,0,0,0,0,1,0,0,0,1
11,4,4500937.0,2021,4,16,6,3,0,2,0,1,1,0,0,0,0,0,1
11,8,8100103.0,2021,4,15,5,3,3,6,0,0,1,0,1,0,0,0,1
11,10,10100311.0,2021,5,13,1,3,5,2,0,1,1,0,0,0,0,0,1
11,3,3601245.0,2021,5,18,3,3,5,2,0,1,0,0,0,0,0,0,1
11,2,2500833.0,2021,4,18,4,3,0,1,0,1,0,0,0,0,0,0,1
11,4,4501153.0,2021,3,13,4,3,5,2,0,1,1,0,0,0,0,0,0
11,11,11300617.0,2021,5,14,2,2,6,4,0,0,1,1,0,0,0,0,1
11,7,7100102.0,2021,4,19,2,3,2,7,0,1,1,0,0,0,0,0,1
11,2,2100106.0,2021,5,15,2,3,5,7,0,0,1,0,1,0,0,0,1
11,4,4300518.0,2021,5,11,2,2,5,7,0,1,1,0,0,0,0,0,1
11,9,9200818.0,2021,5,18,6,3,1,5,0,1,1,0,0,0,0,1,1
11,2,2200211.0,2021,5,7,5,3,6,4,0,0,0,1,0,0,1,0,1
11,11,11501340.0,2021,4,7,2,3,3,6,0,1,0,0,0,1,0,0,1
11,5,5100316.0,2021,4,7,5,2,0,1,0,0,0,0,1,0,0,0,1
11,8,8100312.0,2021,5,15,4,3,3,6,0,0,1,0,0,0,0,0,1
11,2,2200213.0,2021,5,19,4,3,2,6,0,1,0,0,0,0,1,0,1
11,4,4300517.0,2021,4,15,7,3,0,2,0,1,1,0,0,0,0,0,1
11,4,4501146.0,2021,5,19,7,3,0,5,0,1,0,0,0,0,1,0,1
11,6,6100208.0,2021,4,11,5,3,6,4,0,0,1,1,0,0,0,0,1
11,11,11100204.0,2021,3,15,4,3,5,2,0,1,0,0,0,0,1,0,0
11,6,6200423.0,2021,5,18,1,3,4,6,0,1,1,0,0,0,0,1,1
11,6,6400736.0,2021,4,14,1,2,7,7,0,1,0,0,0,0,0,0,1
11,6,6400840.0,2021,4,16,2,3,2,6,0,0,1,0,0,0,0,0,1
11,3,3200206.0,2021,5,15,2,3,6,7,0,0,1,1,0,0,0,0,1
11,1,1100103.0,2021,5,18,7,3,0,5,0,1,1,0,0,0,0,0,1
11,7,7100101.0,2021,5,17,3,3,2,6,0,0,1,0,0,0,1,0,1
11,8,8401139.0,2021,5,17,6,3,4,5,0,1,1,0,0,0,0,0,1
11,6,6100207.0,2021,5,14,4,3,2,6,0,1,1,0,0,0,0,0,1
11,12,12200411.0,2021,4,18,1,3,2,6,0,0,1,0,0,1,0,1,1
11,7,7601546.0,2021,3,12,4,2,2,6,0,0,1,0,0,0,0,0,0
11,11,11501340.0,2021,5,18,5,2,5,3,0,0,1,0,0,0,1,1,1
11,6,6100205.0,2021,4,15,3,2,6,4,0,0,1,1,0,0,0,0,1
11,8,8100208.0,2021,3,12,1,3,6,4,0,1,0,1,0,0,0,0,0
11,8,8200832.0,2021,4,10,6,3,6,4,0,0,1,1,0,0,0,0,1
11,2,2200209.0,2021,3,8,5,3,5,2,0,1,1,0,0,0,0,0,0
11,4,4501043.0,2021,5,7,3,2,5,2,0,1,0,0,0,1,0,0,1
11,5,5100105.0,2021,5,9,2,3,2,6,0,0,1,0,0,0,1,0,1
11,4,4300620.0,2021,4,10,5,3,0,6,0,0,1,0,0,0,1,1,1
11,7,7100102.0,2021,5,22,7,3,6,2,2,0,1,1,0,0,0,0,1
11,10,10100205.0,2021,4,12,7,2,0,6,0,0,1,0,1,0,0,0,1
11,4,4400834.0,2021,5,13,6,3,5,2,0,1,1,0,0,0,0,0,1
11,10,10300734.0,2021,4,16,2,3,1,3,0,0,1,0,0,0,0,0,1
11,2,2100105.0,2021,4,20,5,3,5,3,2,1,0,0,0,0,1,0,1
11,5,5100105.0,2021,5,12,6,3,5,3,0,0,1,0,0,0,0,1,1
11,4,4200310.0,2021,4,9,4,3,2,6,0,0,1,0,0,1,0,0,1
11,7,7601442.0,2021,3,13,3,3,5,3,0,0,1,0,1,0,0,0,0
11,9,9501939.0,2021,4,14,6,3,5,3,0,1,1,0,0,0,0,0,1
11,4,4501153.0,2021,3,13,6,3,3,6,0,0,1,0,1,0,0,0,0
11,7,7300517.0,2021,5,16,3,3,2,6,0,1,1,0,0,0,0,0,1
11,1,1200522.0,2021,5,22,4,3,5,2,2,1,1,0,0,0,0,0,1
11,6,6100103.0,2021,4,20,5,3,6,2,2,0,1,1,0,0,0,1,1
11,3,3300413.0,2021,4,9,5,3,6,4,0,0,1,1,0,0,0,0,1
11,3,3701556.0,2021,4,19,3,3,0,6,0,1,1,0,0,0,0,0,1
11,4,4300416.0,2021,3,11,3,3,3,6,0,1,1,0,0,0,0,0,0
11,3,3400724.0,2021,4,17,6,3,5,2,0,1,1,0,0,0,0,0,1
11,1,1300732.0,2021,5,15,1,2,0,1,0,0,1,0,1,0,0,1,1
11,4,4400726.0,2021,3,14,3,3,3,6,0,0,0,0,1,0,1,0,0
11,5,5200423.0,2021,4,7,2,3,5,7,0,0,0,0,1,1,0,0,1
11,10,10200418.0,2021,5,14,3,3,2,1,0,1,1,0,0,0,0,0,1
11,12,12200412.0,2021,5,16,6,3,2,6,0,0,1,0,0,1,0,1,1
11,5,5100105.0,2021,5,11,4,3,1,5,0,1,1,0,0,0,0,0,1
11,4,4200310.0,2021,5,17,4,3,5,3,0,0,1,0,0,0,0,0,1
11,7,7100102.0,2021,4,17,6,3,1,5,0,1,1,0,0,0,0,0,1
11,3,3601244.0,2021,4,9,5,3,5,3,0,1,1,0,0,0,0,0,1
11,5,5100314.0,2021,5,18,3,3,3,6,0,0,1,0,0,0,0,0,1
11,1,1100310.0,2021,3,10,1,3,5,2,0,0,1,0,0,0,0,0,0
11,5,5300841.0,2021,4,9,5,3,6,7,0,0,0,1,0,0,1,0,1
11,1,1300732.0,2021,3,17,5,3,5,2,0,1,1,0,0,0,0,0,0
11,3,3400826.0,2021,5,7,2,3,6,7,0,0,0,1,0,0,1,0,1
11,1,1300733.0,2021,4,9,2,3,5,3,0,1,1,0,0,0,0,1,1
11,12,12500825.0,2021,5,6,2,3,5,3,0,0,1,0,0,0,0,0,1
11,5,5100312.0,2021,4,13,5,2,5,7,0,0,1,0,0,0,0,1,1
11,4,4200311.0,2021,5,13,1,3,5,2,0,1,1,0,0,0,0,0,1
11,8,8200730.0,2021,5,20,6,2,2,7,0,0,1,0,0,0,0,0,1
11,2,2300316.0,2021,4,15,2,3,5,3,0,0,0,0,1,0,1,0,1
11,1,1100415.0,2021,4,22,5,3,2,7,2,1,1,0,0,0,0,0,1
11,8,8100312.0,2021,4,17,3,3,5,3,0,1,1,0,1,0,0,0,1
11,4,4300414.0,2021,5,12,4,3,1,5,0,1,1,0,0,0,0,0,1
11,11,11501238.0,2021,4,13,3,3,0,2,0,1,1,0,0,0,0,0,1
11,5,5100316.0,2021,3,11,3,3,5,2,0,0,1,0,0,0,1,0,0
11,5,5200633.0,2021,4,16,5,3,5,2,0,1,1,0,0,0,0,0,1
11,9,9100407.0,2021,3,16,6,3,2,2,0,0,1,0,0,0,0,0,0
11,4,4400728.0,2021,5,17,3,3,5,3,0,0,1,0,0,0,0,0,1
11,2,2400625.0,2021,5,17,4,3,3,6,0,1,1,0,0,0,0,0,1
11,7,7300517.0,2021,4,15,6,3,6,7,0,0,1,1,0,0,0,0,1
11,6,6300632.0,2021,4,8,3,3,5,3,0,1,1,0,0,0,0,0,1
11,12,12200309.0,2021,5,11,6,2,6,4,0,0,1,1,0,0,0,0,1
11,1,1401049.0,2021,4,9,3,3,5,2,0,1,1,0,0,0,0,0,1
11,1,1300836.0,2021,3,12,3,2,5,3,0,0,1,0,0,0,0,0,0
11,1,1200520.0,2021,4,10,4,3,5,2,0,1,1,0,0,0,0,0,1
11,12,12500927.0,2021,4,7,3,3,6,2,0,0,1,1,0,0,0,0,1
11,5,5100209.0,2021,5,10,6,3,5,2,0,0,1,0,0,0,0,1,1
11,12,12200515.0,2021,4,16,4,2,3,6,0,1,0,0,0,0,0,0,1
11,1,1100310.0,2021,3,18,3,3,2,6,0,0,1,0,0,0,0,0,0
11,9,9200512.0,2021,4,17,1,3,5,3,0,0,1,0,1,0,0,0,1
11,9,9502043.0,2021,3,1,7,3,9,1,2,0,1,0,0,0,0,0,0
11,7,7601442.0,2021,5,15,2,3,1,5,0,1,0,0,0,0,1,0,1
11,4,4200310.0,2021,5,9,5,3,5,2,0,1,1,0,0,0,0,0,1
11,10,10200417.0,2021,5,19,4,3,5,3,0,1,1,0,0,0,0,0,1
11,1,1100416.0,2021,4,14,6,3,2,6,0,0,1,0,0,0,0,0,1
11,1,1200518.0,2021,1,14,2,3,6,4,0,0,1,1,0,0,0,1,1
11,1,1300733.0,2021,2,16,1,3,5,2,0,1,1,0,0,0,0,0,1
11,3,3300514.0,2021,3,0,1,3,8,1,2,0,1,0,0,0,0,0,0
11,9,9301024.0,2021,1,12,3,3,0,7,0,0,1,0,0,0,0,0,1
11,2,2500833.0,2021,2,13,2,3,2,6,0,0,1,0,0,0,0,2,1
11,1,1200623.0,2021,2,17,5,3,2,2,1,0,1,0,0,0,0,0,1
11,5,5100316.0,2021,1,12,5,3,2,6,0,0,1,0,0,0,0,0,1
11,3,3200204.0,2021,3,12,4,3,5,2,0,1,1,0,0,0,0,0,0
11,7,7400823.0,2021,1,16,3,3,5,7,2,1,1,0,0,0,0,1,1
11,11,11200513.0,2021,1,9,3,3,5,3,0,1,1,0,0,0,0,1,1
11,8,8100314.0,2021,2,13,3,3,2,6,0,0,1,0,0,0,1,0,1
11,1,1100312.0,2021,3,11,2,3,1,5,0,0,1,0,0,0,1,0,0
11,8,8401245.0,2021,3,18,3,3,2,2,2,0,1,0,0,0,1,0,0
11,2,2100106.0,2021,2,12,2,2,2,6,0,0,1,0,0,0,0,1,1
11,3,3601245.0,2021,2,17,7,3,0,2,2,1,1,0,0,0,0,0,1
11,3,3500934.0,2021,1,16,7,3,5,2,2,0,1,0,0,0,1,1,1
11,1,1300836.0,2021,2,6,2,3,5,7,2,1,1,0,0,0,0,1,1
11,4,4200311.0,2021,3,7,5,2,5,3,0,1,1,0,0,0,0,0,0
11,4,4501042.0,2021,2,7,4,3,2,2,0,0,1,0,0,0,0,0,1
11,2,2200210.0,2021,1,7,7,3,9,1,0,0,1,0,0,0,0,0,1
11,3,3500936.0,2021,3,11,5,3,5,3,0,1,0,0,0,0,1,0,0
11,7,7400823.0,2021,3,11,5,2,5,7,0,0,1,0,0,0,0,1,0
11,6,6200317.0,2021,3,7,6,3,5,3,0,0,1,0,0,0,0,0,0
11,11,11200514.0,2021,2,16,5,3,6,7,0,0,1,1,0,0,0,0,1
11,2,2500835.0,2021,1,3,1,3,0,1,2,0,0,0,0,0,1,0,1
11,8,8200726.0,2021,3,5,3,3,6,4,2,0,0,1,0,0,1,1,0
11,2,2100101.0,2021,1,12,3,3,5,7,0,1,1,0,0,0,0,1,1
11,11,11300722.0,2021,2,6,4,3,6,2,2,0,1,1,0,0,0,1,1
11,3,3200207.0,2021,3,15,3,3,2,6,0,0,1,0,0,0,0,0,0
11,10,10100209.0,2021,2,13,5,3,6,4,0,0,1,1,0,0,0,2,1
11,11,11300617.0,2021,2,17,5,3,2,6,0,0,1,0,0,0,1,0,1
11,8,8200832.0,2021,1,5,3,3,6,2,2,0,0,1,0,0,1,1,1
11,6,6300634.0,2021,3,15,5,3,5,2,0,0,1,0,0,0,0,0,0
11,9,9200715.0,2021,1,17,6,3,5,3,2,0,1,0,0,0,0,1,1
11,11,11200411.0,2021,3,14,1,3,5,2,0,0,1,0,0,0,0,0,0
11,10,10400837.0,2021,3,13,2,3,5,3,0,1,1,0,0,0,0,0,0
11,3,3200205.0,2021,1,14,3,2,5,3,0,0,1,0,0,0,0,1,1
11,12,12500824.0,2021,1,13,4,2,1,5,0,0,1,0,0,0,0,1,1
11,1,1300834.0,2021,2,16,1,3,2,6,0,0,1,0,0,0,0,0,1
11,3,3500935.0,2021,3,15,2,3,6,6,0,1,0,1,0,0,0,0,0
11,2,2400623.0,2021,1,16,5,3,2,6,0,0,1,0,0,0,0,1,1
11,3,3601243.0,2021,3,20,3,2,5,3,2,0,1,0,0,0,0,0,0
11,4,4501040.0,2021,1,8,4,3,5,2,0,1,1,0,0,0,0,1,1
11,9,9100306.0,2021,2,5,6,3,6,2,2,0,1,1,0,0,0,1,1
11,6,6300632.0,2021,3,16,2,2,6,4,0,0,1,1,0,0,0,0,0
11,3,3400829.0,2021,1,13,4,3,5,3,0,1,1,0,0,0,0,1,1
11,10,10400837.0,2021,3,9,4,3,0,3,0,1,1,0,0,0,0,0,0
11,11,11401137.0,2021,2,21,2,2,0,7,2,0,1,0,0,0,0,0,1
11,9,9200715.0,2021,1,16,5,3,5,2,1,1,0,0,0,0,1,0,1
11,2,2500833.0,2021,1,19,5,3,0,1,2,1,0,0,0,0,0,1,1
11,1,1200623.0,2021,3,15,6,3,1,5,0,1,0,0,0,0,1,0,0
11,11,11501339.0,2021,2,16,2,3,5,3,0,1,1,0,0,0,0,0,1
11,1,1100206.0,2021,3,15,3,3,3,6,0,1,1,0,0,0,0,0,0
11,5,5200629.0,2021,3,18,5,2,6,4,2,0,0,1,0,0,1,1,0
11,10,10100311.0,2021,2,7,3,3,5,2,0,0,1,0,0,0,1,2,1
11,2,2100102.0,2021,3,15,3,2,1,5,0,1,1,0,0,0,1,0,0
11,5,5200423.0,2021,1,17,7,3,5,2,2,0,1,0,0,0,0,1,1
11,9,9200715.0,2021,2,6,5,2,5,3,2,0,1,0,0,0,1,1,1
11,9,9200511.0,2021,2,14,5,3,1,5,0,0,1,0,0,0,1,1,1
11,11,11200512.0,2021,3,20,7,3,5,2,2,0,1,0,0,0,1,0,0
11,6,6100205.0,2021,2,12,4,3,0,2,0,1,1,0,0,0,0,0,1
11,8,8100206.0,2021,1,16,6,3,3,6,0,1,1,0,0,0,0,0,1
11,12,12601134.0,2021,3,13,6,2,6,4,0,0,1,1,0,0,0,0,0
11,3,3200207.0,2021,1,19,6,2,6,4,2,0,1,1,0,0,0,1,1
11,5,5100316.0,2021,3,21,7,3,3,6,2,0,1,0,0,0,0,1,0
11,12,12601235.0,2021,3,8,2,3,5,2,0,0,1,0,0,0,1,0,0
11,7,7601442.0,2021,2,14,5,3,0,5,0,0,1,0,0,0,0,0,1
11,4,4501150.0,2021,1,10,6,3,6,7,0,0,1,1,0,0,0,1,1
11,8,8300935.0,2021,1,14,1,3,6,4,0,0,1,1,0,0,0,0,1
11,12,12601235.0,2021,3,5,3,2,2,7,2,0,1,0,0,0,1,1,0
11,9,9200510.0,2021,3,17,4,3,5,2,0,1,1,0,0,0,0,0,0
11,10,10100205.0,2021,2,7,3,3,5,3,0,0,1,0,0,0,0,2,1
11,4,4500939.0,2021,3,16,3,3,5,3,0,1,1,0,0,0,0,0,0
11,1,1100308.0,2021,1,7,6,3,6,4,2,0,1,1,0,0,0,0,1
11,7,7400825.0,2021,2,14,2,3,6,2,0,0,1,1,0,0,0,2,1
11,3,3701555.0,2021,2,14,5,3,6,4,0,1,1,1,0,0,0,1,1
11,11,11400930.0,2021,3,10,7,2,5,3,0,0,1,0,0,0,0,0,0
11,1,1200623.0,2021,2,15,4,3,2,6,0,0,1,0,0,0,0,0,1
11,4,4300623.0,2021,1,18,7,3,1,5,2,1,1,0,0,0,0,1,1
11,8,8100415.0,2021,3,17,4,2,5,2,1,0,1,0,0,0,1,0,0
11,3,3400829.0,2021,3,16,5,3,5,3,0,0,1,0,0,0,0,1,0
11,6,6300631.0,2021,2,16,6,3,5,3,1,1,1,0,0,0,0,1,1
11,1,1100309.0,2021,3,21,7,2,5,3,2,1,0,0,0,0,0,1,0
11,8,8200725.0,2021,2,15,7,3,5,3,0,0,1,0,0,0,0,0,1
11,8,8401241.0,2021,1,12,2,3,5,7,0,0,1,0,0,1,0,1,1
11,4,4500938.0,2021,1,7,2,3,1,5,2,1,1,0,0,0,0,1,1
11,1,1300733.0,2021,1,16,3,2,0,2,1,0,1,0,1,0,0,1,1
11,4,4200207.0,2021,1,14,5,3,5,2,0,1,0,0,0,0,0,1,1
11,6,6300526.0,2021,3,16,3,3,5,3,0,0,1,0,0,0,0,0,0
11,9,9401329.0,2021,1,12,3,3,5,3,0,1,0,0,0,1,0,1,1
11,7,7300619.0,2021,2,12,2,3,5,2,0,0,1,0,0,0,0,2,1
11,2,2100104.0,2021,2,8,5,3,0,1,0,0,0,0,1,0,0,1,1
11,7,7400823.0,2021,1,13,2,3,3,6,0,0,1,0,0,0,0,0,1
11,10,10400835.0,2021,3,19,5,3,5,3,2,0,1,0,0,0,0,0,0
11,2,2400623.0,2021,1,17,1,3,1,5,2,1,1,0,0,0,0,1,1
11,4,4501042.0,2021,3,13,2,3,1,5,0,0,1,0,0,0,0,0,0
11,8,8200832.0,2021,1,18,3,3,6,2,2,0,1,1,0,0,0,1,1
11,6,6200316.0,2021,1,16,3,3,2,6,1,0,1,0,0,0,0,0,1
11,4,4400727.0,2021,2,8,2,3,6,4,0,0,0,1,0,0,1,0,1
11,1,1100308.0,2021,3,13,3,3,0,7,0,0,1,0,0,0,1,0,0
11,12,12200310.0,2021,3,15,5,3,6,4,0,0,0,1,0,0,1,1,0
11,1,1300732.0,2021,1,8,4,3,5,2,0,1,1,0,0,0,0,0,1
11,1,1200624.0,2021,2,14,6,3,2,6,0,0,1,0,0,0,1,1,1
11,7,7601340.0,2021,3,16,2,3,2,3,0,1,1,0,0,0,0,0,0
11,4,4300416.0,2021,1,4,3,3,9,1,2,0,1,0,0,0,0,1,1
11,4,4400830.0,2021,3,5,5,3,1,5,2,1,0,0,0,0,1,0,0
11,8,8401241.0,2021,2,15,3,3,2,6,0,0,1,0,0,0,0,1,1
11,1,1300836.0,2021,1,8,5,2,3,6,0,1,0,0,0,0,1,0,1
11,1,1401045.0,2021,1,9,5,3,2,6,0,0,1,0,0,1,0,1,1
11,2,2400521.0,2021,3,11,5,3,5,2,0,1,1,0,0,0,0,0,0
11,2,2200209.0,2021,2,13,2,3,5,2,0,0,1,0,1,0,0,0,1
11,7,7501134.0,2021,3,12,4,2,6,4,0,0,1,1,0,0,0,1,0
11,9,9200715.0,2021,3,9,5,3,5,2,0,0,1,0,0,0,0,0,0
11,6,6200313.0,2021,2,6,4,2,6,2,2,0,1,1,0,0,0,1,1
11,12,12200412.0,2021,3,13,2,3,5,7,0,0,1,0,0,0,0,0,0
11,6,6100102.0,2021,1,17,5,2,5,2,2,0,1,0,0,0,0,1,1
11,1,1200518.0,2021,2,13,5,3,5,2,0,1,1,0,0,0,0,1,1
11,2,2500833.0,2021,1,9,5,3,0,1,0,0,0,0,1,0,0,1,1
11,2,2300316.0,2021,3,17,6,3,5,2,0,1,1,0,0,0,0,0,0
11,7,7601238.0,2021,2,7,4,3,2,6,0,0,1,0,0,0,0,0,1
11,4,4100102.0,2021,1,16,6,3,0,7,1,1,0,0,0,0,0,1,1
11,4,4501149.0,2021,3,13,6,3,5,2,0,1,1,0,0,0,0,0,0
11,8,8100311.0,2021,1,21,6,3,1,5,2,1,1,0,0,0,0,1,1
11,3,3400827.0,2021,3,19,6,2,2,5,2,1,1,0,0,0,0,0,0
11,8,8100209.0,2021,2,18,6,3,0,7,2,0,1,0,0,0,0,0,1
11,11,11300721.0,2021,1,0,7,3,0,1,2,1,0,0,0,0,0,0,1
11,5,5100209.0,2021,1,18,2,3,5,2,2,0,1,0,0,0,0,1,1
11,3,3601142.0,2021,1,10,3,2,6,4,0,1,0,1,0,0,0,0,1
11,9,9100407.0,2021,2,10,6,3,6,4,0,0,1,1,0,0,0,0,1
11,7,7200409.0,2021,3,4,1,3,1,1,2,0,1,0,0,0,0,0,0
11,1,1100309.0,2021,2,13,2,3,2,6,0,0,1,0,0,0,0,2,1
11,4,4500937.0,2021,2,16,5,3,2,6,0,0,1,0,0,0,0,0,1
11,5,5200527.0,2021,1,17,2,1,6,4,2,0,1,1,0,0,0,0,1
11,1,1401046.0,2021,3,12,4,3,5,2,0,0,1,0,0,0,0,0,0
11,4,4300623.0,2021,1,1,7,3,0,4,2,0,1,1,0,0,0,2,1
11,12,12400617.0,2021,2,17,6,2,5,3,2,1,1,0,0,0,0,1,1
11,2,2400623.0,2021,1,11,3,3,5,3,0,1,1,0,0,0,0,1,1
11,4,4300517.0,2021,1,19,3,3,6,2,2,0,1,1,0,0,0,1,1
11,4,4300619.0,2021,2,19,2,3,5,2,2,1,1,0,0,0,0,0,1
11,4,4501042.0,2021,3,10,2,2,3,5,0,1,1,0,0,0,0,0,0
11,4,4300416.0,2021,3,13,4,3,5,7,0,1,1,0,0,0,0,0,0
11,1,1200522.0,2021,1,10,3,3,5,3,0,1,1,0,0,0,0,1,1
11,6,6400737.0,2021,2,13,7,3,0,6,0,1,0,0,0,0,1,0,1
11,11,11300721.0,2021,3,17,3,3,0,1,0,0,0,0,1,0,0,0,0
11,1,1100102.0,2021,1,11,3,3,2,6,0,0,1,0,0,0,1,0,1
11,1,1400938.0,2021,2,10,4,3,6,4,0,0,1,1,0,0,0,2,1
11,8,8100313.0,2021,2,18,5,3,0,4,1,0,0,1,1,0,0,0,1
11,7,7601544.0,2021,1,16,2,3,2,6,0,0,1,0,0,0,0,0,1
11,2,2200210.0,2021,3,12,4,3,5,3,0,1,1,1,0,0,0,0,0
11,5,5100315.0,2021,3,21,2,2,6,4,2,0,1,1,1,0,0,0,0
11,6,6300633.0,2021,1,11,2,2,9,1,0,0,1,0,0,0,0,2,1
11,1,1401047.0,2021,1,7,4,3,5,2,2,1,1,0,0,0,0,1,1
11,9,9100304.0,2021,2,17,2,3,6,2,1,0,1,1,0,0,0,0,1
11,4,4200310.0,2021,3,20,2,3,5,3,2,0,1,0,0,0,1,1,0
11,2,2400623.0,2021,3,12,4,3,5,2,0,1,1,0,0,0,0,0,0
11,3,3701658.0,2021,2,17,1,3,2,6,2,0,1,0,0,0,0,2,1
11,11,11300721.0,2021,2,11,7,3,0,7,0,1,1,0,0,0,1,0,1
11,1,1300733.0,2021,1,12,4,3,6,7,0,0,1,1,0,0,0,1,1
11,12,12500930.0,2021,2,15,3,3,5,2,0,1,1,0,0,0,0,0,1
11,5,5200420.0,2021,2,11,7,3,4,6,0,0,1,0,0,0,1,2,1
11,9,9401329.0,2021,1,22,4,3,7,7,2,0,0,0,1,0,0,0,1
11,12,12200515.0,2021,3,13,6,3,2,7,0,0,1,0,0,0,0,0,0
11,1,1300835.0,2021,2,16,2,3,5,2,0,0,1,0,0,0,0,0,1
11,10,10100313.0,2021,1,12,5,2,2,6,0,0,1,0,1,0,0,0,1
11,1,1401044.0,2021,3,15,4,3,1,1,0,0,1,0,0,0,1,1,0
11,1,1100310.0,2021,3,19,5,3,0,1,2,0,0,0,0,0,1,1,0
11,3,3601140.0,2021,3,9,7,3,5,2,0,1,0,0,0,0,1,0,0
11,7,7601545.0,2021,2,20,4,3,0,5,2,0,1,0,0,0,0,0,1
11,12,12500824.0,2021,3,18,2,3,6,2,2,0,1,1,0,0,0,0,0
11,12,12500928.0,2021,1,19,5,3,6,4,2,0,1,1,0,0,0,1,1
11,9,9100101.0,2021,2,19,4,3,6,2,2,0,1,1,0,0,0,1,1
11,3,3200310.0,2021,3,17,6,3,0,4,0,0,1,1,0,0,0,0,0
11,3,3601453.0,2021,2,17,7,3,5,2,2,1,1,0,0,0,0,2,1
11,3,3200204.0,2021,2,15,4,2,5,2,0,1,1,0,0,0,0,0,1
11,12,12100205.0,2021,1,9,3,3,2,6,0,0,1,0,0,0,0,2,1
11,8,8100312.0,2021,3,8,5,3,0,6,0,0,1,0,1,0,0,0,0
11,9,9100305.0,2021,2,18,1,3,5,2,2,0,1,0,0,0,1,2,1
11,11,11100204.0,2021,3,15,7,3,5,2,0,0,1,0,0,0,0,1,0
11,6,6200314.0,2021,1,18,5,3,2,6,2,0,1,0,0,0,0,1,1
11,8,8100104.0,2021,1,16,1,3,0,5,2,1,1,0,0,0,0,1,1
11,8,8100102.0,2021,2,16,1,2,5,2,0,0,1,0,1,0,0,0,1
11,1,2100104.0,2021,3,16,2,3,2,7,0,0,1,0,0,0,0,0,0
11,7,7501031.0,2021,1,11,4,3,5,3,0,1,0,0,0,1,0,0,1
11,4,4400834.0,2021,2,18,4,3,6,4,2,0,1,1,0,0,0,2,1
11,12,12400723.0,2021,2,12,5,3,5,3,0,0,1,0,0,0,0,0,1
11,11,11300617.0,2021,1,18,4,3,5,2,2,1,1,0,0,0,0,0,1