LAND,BEZ,LOR_ab_2021,UJAHR,UMONAT,USTUNDE,UWOCHENTAG,UKATEGORIE,UART,UTYP1,ULICHTVERH,IstRad,IstPKW,IstFuss,IstKrad,IstGkfz,IstSonstige,USTRZUSTAND,lockdown
11,6,6200316.0,2021,2,6,4,3,2,6,2,0,1,0,0,0,0,1,1
11,1,1100309.0,2021,3,19,6,3,1,5,2,1,1,0,0,0,0,0,0
11,4,4500939.0,2021,2,18,2,3,5,2,2,0,1,0,0,0,0,2,1
11,9,9501939.0,2021,2,8,6,3,1,5,1,1,1,0,0,0,0,1,1
11,4,4100101.0,2021,1,14,2,3,5,3,0,0,1,0,0,0,0,0,1
11,10,10400939.0,2021,3,18,5,3,5,3,2,0,1,0,0,0,0,0,0
11,6,6100205.0,2021,3,10,7,3,0,2,0,0,1,0,1,0,0,1,0
11,3,3701660.0,2021,2,12,6,3,5,2,0,1,0,0,0,0,1,0,1
11,3,3500934.0,2021,3,13,2,2,5,3,0,0,1,0,0,0,0,0,0
11,1,1100308.0,2021,1,17,3,3,6,2,2,0,1,1,0,0,0,1,1
11,5,5300736.0,2021,1,13,4,3,5,3,0,0,1,0,0,0,0,0,1
11,6,6300634.0,2021,2,17,2,3,0,1,2,0,0,0,1,0,0,0,1
11,4,4300416.0,2021,3,22,2,2,5,3,2,0,1,0,0,0,0,0,0
11,10,10200629.0,2021,1,6,4,3,5,3,2,0,1,0,0,0,1,1,1
11,5,5200524.0,2021,2,12,2,3,1,7,0,0,1,0,0,0,0,0,1
11,1,1300731.0,2021,2,19,1,3,5,3,2,0,1,0,0,0,0,0,1
11,9,9100304.0,2021,1,21,4,3,0,6,2,0,1,0,0,0,1,1,1
11,11,11300618.0,2021,3,7,4,3,0,1,0,0,0,0,1,0,0,2,0
11,6,6200421.0,2021,1,18,1,3,4,3,2,0,1,0,1,0,0,2,1
11,6,6100204.0,2021,2,19,6,3,5,3,2,1,1,0,0,0,0,2,1
11,10,10100312.0,2021,1,12,5,3,0,3,0,0,1,0,0,0,1,0,1
11,10,10100313.0,2021,1,7,5,2,6,4,0,0,0,1,0,0,1,1,1
11,9,9200510.0,2021,2,16,3,3,5,3,0,1,1,0,0,0,0,0,1
11,4,4400834.0,2021,1,10,2,3,5,3,0,1,1,0,0,0,0,1,1
11,4,4501045.0,2021,1,14,2,3,5,3,0,0,1,0,0,0,0,0,1
11,2,2500726.0,2021,1,19,7,2,5,3,2,1,0,0,0,0,1,0,1
11,4,4501149.0,2021,1,23,2,3,5,3,2,0,1,0,1,0,0,1,1
11,4,4501045.0,2021,1,18,1,3,5,7,0,0,1,0,0,0,0,1,1
11,1,1100310.0,2021,1,17,6,3,0,1,2,1,0,0,0,0,0,1,1
11,7,7400721.0,2021,1,18,2,3,1,7,2,0,1,0,0,0,0,1,1
11,4,4501149.0,2021,1,8,2,3,6,4,1,0,1,1,0,0,0,1,1
11,9,9100101.0,2021,1,20,2,3,6,2,2,0,1,1,0,0,0,1,1
11,7,7100101.0,2021,1,17,7,2,6,2,2,0,1,1,0,0,0,0,1
11,1,1100101.0,2021,1,17,7,3,5,3,2,0,1,0,0,0,0,0,1
11,10,10300734.0,2021,1,12,7,3,2,6,0,0,1,0,0,0,0,1,1
11,9,9501838.0,2021,1,21,7,1,8,1,2,0,1,0,0,0,0,1,1
11,4,4501041.0,2021,1,10,2,3,0,7,0,0,0,0,0,1,0,1,1
11,1,1300836.0,2021,1,9,1,3,8,1,0,0,1,0,0,0,0,2,1
11,1,1200522.0,2021,1,11,2,3,5,7,0,1,1,0,0,0,0,1,1
11,7,7200409.0,2021,1,12,2,3,5,2,0,0,1,0,1,0,0,1,1
11,5,5100211.0,2021,1,16,1,3,5,2,2,0,1,0,0,0,0,2,1
11,12,12200310.0,2021,1,23,7,3,0,7,2,0,0,0,1,0,0,1,1
11,12,12200411.0,2021,1,13,2,3,2,6,0,0,1,0,0,0,0,1,1
11,4,4501043.0,2021,1,13,7,3,2,2,0,1,1,0,0,0,0,0,1
11,1,1200520.0,2021,1,18,2,3,6,2,2,0,1,1,0,0,0,1,1
11,11,11200411.0,2021,1,12,6,3,0,1,0,1,0,0,0,0,0,1,1
11,12,12500928.0,2021,1,23,6,3,8,1,2,0,1,0,0,0,0,1,1
11,5,5300839.0,2021,1,15,7,3,5,2,0,0,1,0,0,0,0,0,1
11,9,9200717.0,2021,1,10,7,3,0,1,0,1,0,0,0,0,0,1,1
11,1,1200628.0,2021,1,12,7,3,2,6,0,0,1,0,0,0,0,0,1
11,12,12100204.0,2021,1,16,1,3,6,4,2,0,0,1,0,0,1,1,1
11,2,2500727.0,2021,1,19,2,3,5,2,2,1,1,0,0,0,0,1,1
11,4,4300621.0,2021,1,23,2,3,5,3,2,0,1,0,0,0,1,0,1
11,9,9200819.0,2021,1,1,1,3,6,4,2,0,1,1,0,0,0,0,1
11,11,11100204.0,2021,1,7,2,2,6,4,2,0,1,1,0,0,0,1,1
11,2,2200210.0,2021,1,20,1,3,5,2,2,1,1,0,0,0,0,1,1
11,1,1400939.0,2021,1,16,7,3,0,7,1,0,1,0,1,0,0,1,1
11,5,5400942.0,2021,1,0,7,3,9,1,2,0,1,0,0,0,0,1,1
11,11,11200411.0,2021,1,0,1,3,0,2,2,0,1,0,0,0,0,1,1
11,4,4300414.0,2021,1,11,1,3,5,2,0,0,1,0,0,0,0,1,1
11,8,8401243.0,2021,1,4,6,3,9,1,2,0,0,0,0,0,1,1,1
11,4,4500936.0,2021,1,16,7,3,5,2,1,0,1,0,0,0,0,0,1
11,12,12400723.0,2021,6,17,4,2,5,2,1,1,1,0,0,0,0,0,0
11,7,4501153.0,2021,9,5,1,2,9,1,2,0,1,0,0,0,0,0,0
11,7,4501153.0,2021,11,15,4,3,2,6,0,0,1,0,0,0,0,0,0
11,4,4300414.0,2021,8,14,1,3,5,2,0,0,1,0,0,0,0,1,0
11,2,2400521.0,2021,7,7,2,3,5,2,0,0,1,0,0,0,0,0,0
11,4,4300414.0,2021,10,10,3,3,2,2,0,1,1,0,0,0,0,1,0
11,12,12100205.0,2021,12,15,4,3,2,6,1,0,1,0,0,0,0,1,1
11,4,4100101.0,2021,5,7,6,3,2,6,0,0,1,0,0,0,1,0,1
11,7,7300619.0,2021,1,10,4,3,3,2,0,0,1,0,0,0,0,1,1
11,1,1100205.0,2021,6,14,2,3,1,5,0,0,1,0,0,0,0,0,0
11,7,7200308.0,2021,12,16,6,3,6,2,2,0,1,1,0,0,0,1,1
11,1,1100102.0,2021,8,12,2,3,3,6,0,0,1,0,1,0,0,0,0
11,12,12400721.0,2021,9,14,1,3,1,5,0,1,1,0,0,0,0,0,0
11,9,9100202.0,2021,3,21,1,3,5,5,2,1,1,0,0,0,0,1,0
11,7,7400721.0,2021,6,10,1,3,2,6,0,0,1,0,0,0,0,0,0
11,9,9100305.0,2021,9,10,3,2,0,1,0,1,0,0,0,0,0,0,0
11,10,10300734.0,2021,11,17,2,3,2,6,2,0,1,0,0,0,0,0,0
11,4,4400830.0,2021,8,17,3,3,2,6,0,0,1,0,1,0,0,0,0
11,7,7400824.0,2021,10,17,7,3,1,5,0,1,1,0,0,0,0,0,0
11,1,1100310.0,2021,12,16,3,3,5,3,2,0,1,0,0,0,1,1,1
11,6,6400737.0,2021,2,19,2,3,2,6,2,0,1,0,0,0,1,0,1
11,7,7501133.0,2021,6,17,3,3,5,5,0,0,1,0,1,0,0,0,0
11,7,7601442.0,2021,5,6,4,3,5,7,0,1,1,0,0,0,0,0,1
11,1,1100310.0,2021,8,8,5,3,3,6,0,0,1,0,0,0,1,0,0
11,1,1100311.0,2021,7,8,3,3,0,7,0,1,0,0,0,0,0,0,0
11,12,12400723.0,2021,10,16,2,3,5,2,0,1,1,0,0,0,0,0,0
11,3,3400828.0,2021,11,16,2,3,5,3,1,0,1,0,0,0,0,0,0
11,8,8200622.0,2021,9,15,6,3,2,6,0,0,1,0,0,0,0,0,0
11,4,4200310.0,2021,4,14,4,3,0,1,0,1,0,0,0,0,0,0,1
11,7,7501030.0,2021,3,15,2,3,5,7,0,0,1,0,0,0,0,1,0
11,9,9100202.0,2021,10,7,6,3,3,6,1,0,1,0,1,0,0,0,0
11,3,3400620.0,2021,12,11,4,3,3,6,0,0,1,0,0,0,1,0,1
11,9,9100409.0,2021,9,21,4,2,3,6,2,0,1,0,0,0,0,1,0
11,3,3701660.0,2021,2,21,4,3,6,4,2,0,0,1,0,0,1,2,1
11,6,6300526.0,2021,6,10,2,3,5,2,0,1,1,0,0,0,0,0,0
11,6,6400735.0,2021,5,1,4,3,0,1,2,0,1,0,0,0,0,0,1
11,7,7400824.0,2021,8,13,7,3,0,7,0,0,1,0,0,0,0,0,0
11,12,12100204.0,2021,7,14,5,3,1,5,0,1,1,0,0,0,0,0,0
11,4,4400830.0,2021,10,16,2,3,2,6,0,0,1,0,0,0,0,0,0
11,1,1100310.0,2021,11,7,4,3,6,2,2,0,1,1,0,0,0,1,0
11,12,12601032.0,2021,1,7,6,3,3,6,0,0,1,0,0,1,0,1,1
11,1,1300836.0,2021,4,10,2,3,2,6,0,0,1,0,0,0,0,0,1
11,12,12400723.0,2021,6,2,1,3,9,1,2,0,1,0,0,0,0,0,0
11,4,4300621.0,2021,11,14,6,3,5,3,0,0,1,0,0,0,1,0,0
11,3,3601142.0,2021,5,8,7,2,5,2,0,0,1,0,0,0,0,0,1
11,7,7400824.0,2021,8,5,1,3,5,2,0,0,1,0,0,0,0,0,0
11,11,11300722.0,2021,9,12,5,3,3,6,0,0,1,0,0,0,1,0,0
11,1,1100311.0,2021,2,16,1,3,5,2,0,1,0,0,0,0,0,0,1
11,7,7300619.0,2021,7,8,5,3,2,6,0,0,1,0,0,0,1,1,0
11,9,9100202.0,2021,9,17,6,3,2,3,0,1,0,0,0,0,1,0,0
11,3,3400721.0,2021,11,13,2,3,5,2,0,1,1,0,0,0,0,1,0
11,10,10400940.0,2021,8,14,7,2,0,7,0,1,0,0,0,0,0,0,0
11,7,7400720.0,2021,7,13,1,3,3,6,0,0,1,0,1,0,0,0,0
11,3,3100101.0,2021,10,14,5,3,2,6,0,0,1,0,0,0,0,1,0
11,7,7501133.0,2021,12,17,2,3,0,3,2,0,0,0,1,0,1,0,1
11,2,2500727.0,2021,5,12,2,3,0,6,0,1,0,0,0,0,0,0,1
11,2,2500727.0,2021,5,16,7,3,2,6,0,0,1,0,0,0,0,0,1
11,3,3601142.0,2021,2,16,3,3,6,7,2,0,1,1,0,0,0,1,1
11,1,1100310.0,2021,6,10,6,3,2,6,0,0,1,0,0,0,0,0,0
11,7,7601547.0,2021,5,8,6,2,0,7,0,0,1,0,0,0,0,0,1
11,7,7400823.0,2021,8,15,5,3,2,6,0,0,1,0,0,0,1,0,0
11,8,8200624.0,2021,9,13,7,3,0,7,0,0,0,0,0,0,1,0,0
11,9,9100101.0,2021,3,10,6,3,5,2,0,1,0,0,0,0,1,1,0
11,4,4200310.0,2021,7,6,5,2,2,6,0,0,1,0,0,0,0,0,0
11,4,4100101.0,2021,9,17,5,3,3,6,0,0,1,0,1,0,0,0,0
11,10,10100311.0,2021,11,13,2,3,6,7,0,1,0,1,0,0,0,0,0
11,4,4300414.0,2021,8,8,3,3,0,2,0,1,1,0,0,0,0,1,0
11,6,6400736.0,2021,4,18,5,2,9,1,0,0,0,0,1,0,0,0,1
11,4,4300622.0,2021,3,15,6,3,5,2,0,0,0,0,0,1,1,0,0
11,1,1300836.0,2021,10,8,4,3,5,2,0,1,1,0,0,0,0,1,0
11,7,7400823.0,2021,12,19,5,3,2,6,0,0,1,0,0,0,0,0,1
11,3,3601449.0,2021,9,21,6,2,5,2,2,0,1,0,0,0,1,0,0
11,7,7400720.0,2021,2,16,6,3,2,6,0,0,1,0,0,0,0,0,1
11,6,6300527.0,2021,6,16,7,2,1,7,0,0,1,0,0,0,0,0,0
11,1,1100310.0,2021,5,8,5,3,3,6,0,0,1,0,1,0,0,0,1
11,4,4300621.0,2021,5,20,7,3,5,3,0,0,1,0,0,0,1,0,1
11,7,7200410.0,2021,8,11,5,3,3,6,0,1,0,0,0,1,1,0,0
11,4,4400830.0,2021,7,16,2,3,8,1,0,0,1,0,0,0,0,0,0
11,11,11300722.0,2021,7,15,3,3,2,6,0,1,1,0,0,0,0,0,0
11,7,7501133.0,2021,10,13,7,3,1,5,0,0,1,0,0,0,1,0,0
11,3,3601449.0,2021,11,19,1,3,1,5,2,1,1,0,0,0,0,1,0
11,3,3500933.0,2021,9,14,6,3,0,2,0,0,1,0,0,0,1,0,0
11,12,12200414.0,2021,4,0,7,3,8,1,2,0,1,0,0,0,0,0,1
11,3,3200204.0,2021,4,14,6,3,2,6,0,0,1,0,1,0,0,0,1
11,4,4400727.0,2021,10,7,5,3,2,6,0,0,1,0,0,0,0,0,0
11,1,1100310.0,2021,12,19,3,3,3,2,2,1,1,0,0,0,0,0,1
11,12,12200515.0,2021,5,16,3,3,2,6,0,0,1,0,1,0,0,0,1
11,9,9100203.0,2021,7,14,7,3,2,7,0,0,1,0,0,0,0,0,0
11,9,9100305.0,2021,2,20,2,3,5,3,2,1,1,0,0,0,0,0,1
11,3,3601452.0,2021,6,18,3,3,5,2,0,1,1,0,0,0,0,0,0
11,2,2100101.0,2021,10,10,5,3,5,2,0,0,1,0,0,0,0,1,0
11,2,2200208.0,2021,12,19,2,3,2,6,2,0,1,0,0,0,0,1,1
11,4,4300415.0,2021,1,15,3,3,2,6,0,0,1,0,0,0,1,1,1
11,7,7501135.0,2021,6,19,7,3,5,2,0,0,1,0,0,0,0,0,0
11,1,2400520.0,2021,5,20,4,3,2,6,1,0,1,0,0,0,0,0,1
11,1,1200624.0,2021,5,15,6,3,0,6,0,0,1,0,1,0,0,1,1
11,4,4200310.0,2021,8,17,5,3,5,3,0,1,1,0,0,0,0,0,0
11,4,4300621.0,2021,7,20,3,2,0,2,1,1,0,0,0,0,0,0,0
11,2,2500835.0,2021,10,20,2,3,4,7,2,0,1,0,0,0,0,0,0
11,3,3601451.0,2021,11,5,3,3,5,3,2,1,1,0,0,0,0,1,0
11,4,4100102.0,2021,9,17,6,3,2,6,0,0,1,0,0,0,0,0,0
11,12,12100103.0,2021,4,10,2,3,3,6,0,0,0,0,0,1,1,0,1
11,4,4300414.0,2021,3,16,3,3,5,2,0,1,1,0,0,0,0,0,0
11,7,7400720.0,2021,10,8,2,3,2,6,0,0,1,0,0,0,0,0,0
11,4,4400725.0,2021,12,14,5,3,2,6,1,0,1,0,0,0,1,1,1
11,3,3701657.0,2021,6,8,3,3,2,6,0,0,1,0,0,0,0,0,0
11,4,4200311.0,2021,9,20,4,3,3,6,2,0,1,0,0,1,0,1,0
11,6,4200207.0,2021,2,14,1,2,2,6,0,0,1,0,1,0,0,0,1
11,4,4501148.0,2021,6,18,7,3,8,1,0,0,1,0,0,0,0,0,0
11,7,7300619.0,2021,5,18,1,3,2,6,0,0,1,0,0,0,1,1,1
11,3,3601139.0,2021,8,19,1,3,0,1,0,1,0,0,0,0,0,0,0
11,3,3601142.0,2021,7,2,4,3,2,6,2,1,0,0,0,0,0,1,0
11,11,11401032.0,2021,10,12,4,3,5,3,0,0,1,0,0,0,1,0,0
11,8,8200622.0,2021,11,14,7,3,2,6,0,0,1,0,0,0,0,1,0
11,4,4400726.0,2021,5,15,2,3,2,6,0,0,1,0,1,0,0,0,1
11,7,7501135.0,2021,4,10,6,3,6,7,0,0,1,1,0,0,0,0,1
11,12,12100101.0,2021,1,1,2,3,5,7,2,0,1,0,0,0,0,1,1
11,4,4400830.0,2021,4,17,5,3,2,6,0,0,1,0,0,0,0,0,1
11,3,3400620.0,2021,6,9,4,3,6,4,0,1,0,1,0,0,0,0,0
11,1,1100207.0,2021,12,11,5,3,2,6,0,0,1,0,0,0,0,1,1
11,7,7601236.0,2021,5,8,4,3,2,2,0,0,1,0,0,0,0,0,1
11,10,10100312.0,2021,8,15,4,3,2,6,0,0,1,0,0,0,0,0,0
11,3,3601451.0,2021,9,12,5,3,5,2,0,1,1,0,0,0,0,0,0
11,7,7501030.0,2021,3,10,2,3,2,6,0,0,1,0,0,1,0,0,0
11,2,2200208.0,2021,6,9,3,2,5,2,0,1,0,0,0,1,0,0,0
11,5,5200528.0,2021,9,11,4,3,5,2,0,0,1,0,0,0,0,0,0
11,1,1100310.0,2021,10,14,1,3,0,2,0,1,1,0,0,0,0,0,0
11,2,2400521.0,2021,8,22,1,3,8,1,2,0,1,0,0,0,0,0,0
11,4,4200206.0,2021,7,12,7,3,1,5,0,1,1,0,0,0,0,0,0
11,7,7300619.0,2021,10,19,5,3,2,6,1,0,1,0,0,0,0,1,0
11,10,10300733.0,2021,12,18,2,3,5,3,2,1,1,0,0,0,0,0,1
11,6,6400737.0,2021,5,17,1,3,2,6,0,0,1,0,0,0,1,0,1
11,3,3601348.0,2021,2,14,3,3,0,2,0,1,0,0,0,0,1,1,1
11,3,3701657.0,2021,6,14,6,3,2,6,0,0,1,0,0,0,0,0,0
11,3,3200205.0,2021,5,13,2,2,5,2,0,1,0,0,0,1,0,0,1
11,1,1100104.0,2021,8,22,7,3,2,6,2,0,1,0,0,0,0,0,0
11,4,4200206.0,2021,9,10,4,3,3,6,0,0,1,0,0,1,0,0,0
11,1,1100310.0,2021,3,19,2,2,6,4,2,0,1,1,0,0,0,1,0
11,12,12400723.0,2021,7,13,2,3,2,6,0,0,1,0,0,0,0,0,0
11,9,9200613.0,2021,9,12,3,3,6,2,0,0,1,1,0,0,0,0,0
11,3,3501037.0,2021,11,7,3,2,0,1,0,1,0,0,0,0,0,1,0
11,2,2200208.0,2021,8,12,5,3,5,2,0,1,1,0,0,0,0,0,0
11,3,3400826.0,2021,4,16,5,3,3,6,0,0,1,0,0,0,0,0,1
11,6,6300526.0,2021,3,14,2,3,5,2,0,1,1,0,0,0,0,1,0
11,7,7501030.0,2021,10,12,4,3,5,3,0,0,1,0,1,0,0,1,0
11,1,1400940.0,2021,12,16,3,3,5,3,1,0,1,0,0,0,0,1,1
11,10,10300733.0,2021,9,7,5,3,5,3,0,0,1,0,0,0,0,1,0
11,11,11300725.0,2021,2,12,1,3,3,6,0,0,1,0,0,0,1,2,1
11,2,2500729.0,2021,6,13,7,3,2,6,0,0,1,0,0,0,0,0,0
11,6,6300527.0,2021,5,7,4,3,1,1,0,1,1,0,0,0,0,0,1
11,2,2500729.0,2021,8,14,2,3,6,4,0,1,0,1,0,0,0,0,0
11,4,4501153.0,2021,7,16,2,3,3,6,0,0,1,0,0,1,0,0,0
11,3,3100101.0,2021,7,6,6,2,2,6,0,0,1,0,0,1,0,1,0
11,2,2100101.0,2021,10,18,7,3,5,3,0,0,1,0,0,0,1,0,0
11,11,11300722.0,2021,11,11,2,3,5,2,0,0,1,0,0,0,1,0,0
11,2,2200208.0,2021,5,8,2,3,5,2,0,1,1,0,0,0,0,0,1
11,7,7300619.0,2021,9,11,7,3,3,6,0,0,1,0,0,0,1,0,0
11,7,7400927.0,2021,4,6,3,3,2,6,0,0,1,0,0,0,0,0,1
11,7,7100205.0,2021,4,17,6,3,2,6,0,0,1,0,0,0,0,0,1
11,12,12100101.0,2021,7,15,2,3,5,2,0,1,1,0,0,0,0,0,0
11,4,4200308.0,2021,10,12,7,3,2,6,0,0,1,0,0,0,0,0,0
11,4,4100101.0,2021,12,11,3,3,2,6,0,0,1,0,0,0,0,0,1
11,6,6300527.0,2021,5,16,3,3,2,6,0,0,1,0,0,0,0,0,1
11,3,3601245.0,2021,8,18,3,3,0,7,0,1,0,0,0,0,0,0,0
11,7,7501133.0,2021,3,8,4,3,5,2,0,1,1,0,0,0,0,0,0
11,4,4400726.0,2021,6,23,1,3,8,1,2,0,1,0,0,0,0,0,0
11,11,11300722.0,2021,9,12,3,3,2,2,0,1,1,0,0,0,0,0,0
11,2,2200208.0,2021,5,15,2,3,2,2,0,0,1,0,0,0,0,0,1
11,3,3601141.0,2021,8,12,3,2,5,2,0,0,1,0,1,0,0,0,0
11,12,12100103.0,2021,7,10,3,3,5,3,0,0,1,0,0,0,0,0,0
11,4,4200206.0,2021,10,9,5,2,9,1,0,1,0,0,0,0,0,0,0
11,3,3601141.0,2021,11,17,5,3,5,2,1,1,1,0,0,0,0,0,0
11,1,1100102.0,2021,1,5,5,3,6,2,2,0,1,1,0,0,0,1,1
11,7,7400824.0,2021,6,18,1,3,6,7,0,1,0,1,0,0,0,0,0
11,12,12100205.0,2021,12,14,3,3,2,6,0,0,1,0,0,0,0,2,1
11,3,3300517.0,2021,5,8,6,3,5,2,0,1,1,0,0,0,0,1,1
11,3,3200206.0,2021,6,15,4,3,5,3,0,0,1,0,1,0,0,0,0
11,3,3500936.0,2021,8,17,6,3,2,6,0,1,1,0,0,0,0,0,0
11,12,12100205.0,2021,9,17,3,3,2,3,0,0,1,0,1,0,1,0,0
11,1,1100310.0,2021,3,18,6,3,2,7,2,0,1,0,1,0,0,0,0
11,7,7501133.0,2021,6,11,2,3,2,6,0,0,1,0,0,0,0,0,0
11,10,10100210.0,2021,9,20,4,3,3,6,2,1,1,0,0,0,0,0,0
11,1,1400940.0,2021,11,8,2,3,5,3,0,1,1,0,0,0,0,1,0
11,6,6300527.0,2021,9,13,4,3,5,2,0,1,1,0,0,0,0,0,0
11,1,1200624.0,2021,7,11,5,3,3,6,0,0,1,0,0,0,1,0,0
11,3,3300517.0,2021,10,9,5,3,5,3,0,1,1,0,0,0,0,1,0
11,4,4100101.0,2021,12,12,4,3,2,6,0,0,1,0,0,0,0,1,1
11,2,2100101.0,2021,5,16,1,2,6,2,0,0,1,1,0,0,0,1,1
11,4,4300414.0,2021,8,19,3,3,5,2,1,1,1,0,0,0,0,0,0
11,2,2500834.0,2021,7,18,3,3,5,2,0,1,1,0,0,0,0,0,0
11,3,3200205.0,2021,10,14,3,3,5,3,0,0,1,0,0,0,0,1,0
11,9,9100306.0,2021,11,0,6,3,0,7,2,0,1,0,0,0,0,0,0
11,4,4300415.0,2021,5,14,6,2,3,6,0,0,1,0,0,1,1,0,1
11,1,1300836.0,2021,1,18,3,2,5,2,2,0,1,0,0,0,0,0,1
11,2,2500729.0,2021,4,7,1,3,1,7,0,0,1,0,0,0,0,1,1
11,2,2200209.0,2021,6,10,4,3,2,4,0,1,0,1,0,0,0,0,0
11,7,7601442.0,2021,12,18,4,3,6,7,2,0,0,1,0,0,1,1,1
11,4,4300414.0,2021,8,15,7,3,5,2,0,1,0,0,0,0,0,0,0
11,2,2500834.0,2021,9,17,7,3,2,6,1,1,1,0,0,0,0,1,0
11,3,3500936.0,2021,3,11,5,2,6,4,0,0,1,1,0,0,0,0,0
11,1,1400940.0,2021,6,8,2,3,0,3,0,1,1,0,0,0,0,0,0
11,3,3601139.0,2021,9,14,6,3,5,3,0,1,1,0,0,0,0,0,0
11,7,7200308.0,2021,11,0,5,2,6,2,2,0,1,1,0,0,0,1,0
11,10,10300733.0,2021,8,10,5,2,5,2,0,1,0,0,0,0,1,0,0
11,12,12500930.0,2021,7,9,6,2,6,4,0,0,0,1,0,0,1,0,0
11,11,11300724.0,2021,10,13,6,3,0,7,0,0,0,0,1,0,0,1,0
11,11,11300725.0,2021,12,12,2,3,3,6,0,0,1,0,0,1,0,0,1
11,2,2500834.0,2021,1,15,3,3,0,2,0,1,1,0,0,0,0,1,1
11,10,10400837.0,2021,6,7,2,2,6,2,0,0,1,1,0,0,0,0,0
11,9,9100203.0,2021,5,18,1,3,5,3,0,1,1,0,0,0,0,1,1
11,7,7400824.0,2021,6,12,6,3,3,6,0,0,1,0,1,0,0,0,0
11,6,6300629.0,2021,8,6,7,3,8,1,0,0,0,0,0,0,1,0,0
11,4,4400830.0,2021,7,13,7,3,3,6,0,0,1,0,1,0,1,0,0
11,12,12601032.0,2021,10,11,6,3,5,3,0,0,1,0,0,0,0,0,0
11,1,1200624.0,2021,11,16,2,2,0,7,1,0,0,0,0,0,1,1,0
11,4,4200311.0,2021,8,8,2,2,0,1,0,1,0,0,0,0,0,1,0
11,12,12601032.0,2021,4,10,3,3,5,3,0,1,1,0,0,0,0,0,1
11,7,7400824.0,2021,3,16,6,3,2,6,0,0,1,0,0,0,1,0,0
11,10,10300734.0,2021,10,18,4,2,6,4,2,1,0,1,0,0,0,0,0
11,10,10100312.0,2021,12,15,5,3,2,3,0,1,1,0,0,0,0,1,1
11,1,1100102.0,2021,9,21,2,3,1,5,2,1,1,0,0,0,0,0,0
11,4,4200206.0,2021,2,11,5,3,3,6,0,0,1,0,0,0,0,2,1
11,12,12100101.0,2021,6,23,4,2,1,5,2,1,1,0,0,0,0,0,0
11,1,1100102.0,2021,5,8,4,3,2,6,0,0,1,0,0,0,0,0,1
11,4,4200308.0,2021,8,9,4,3,2,6,0,0,1,0,0,0,1,0,0
11,1,1401049.0,2021,7,23,2,3,1,5,2,1,1,0,0,0,0,0,0
11,6,6300527.0,2021,7,22,6,3,5,2,2,1,0,0,0,0,1,1,0
11,2,2400521.0,2021,10,14,4,3,3,6,0,0,1,0,0,0,0,0,0
11,4,4300621.0,2021,11,9,3,3,6,7,0,0,1,1,0,0,0,1,0
11,2,2500727.0,2021,9,22,5,3,6,6,2,1,0,1,0,0,0,0,0
11,4,4300414.0,2021,6,15,7,3,6,4,0,0,1,1,0,0,0,0,0
11,6,6400737.0,2021,4,4,2,3,0,7,2,0,1,0,0,0,0,0,1
11,4,4300621.0,2021,3,10,4,2,5,7,0,0,1,0,0,0,0,0,0
11,9,9100101.0,2021,7,20,4,3,5,3,0,0,1,0,0,0,1,0,0
11,4,4300414.0,2021,10,21,2,3,6,2,2,0,1,1,0,0,0,0,0
11,7,7501133.0,2021,6,14,7,2,5,7,0,1,0,0,0,1,0,0,0
11,4,4400725.0,2021,12,17,6,3,2,6,2,0,1,0,0,0,0,0,1
11,7,7501030.0,2021,8,14,5,3,3,6,0,0,0,0,1,0,1,0,0
11,7,7501030.0,2021,9,17,6,3,5,3,0,0,1,0,0,0,0,1,0
11,4,4300621.0,2021,2,9,3,3,5,2,0,1,1,0,0,0,0,0,1
11,7,7400825.0,2021,6,14,4,3,2,6,0,0,1,0,0,0,0,0,0
11,1,1100310.0,2021,9,21,7,3,2,6,2,0,1,0,0,0,0,0,0
11,3,3500934.0,2021,8,8,4,3,3,6,0,1,1,0,0,0,0,0,0
11,2,2500728.0,2021,7,16,6,3,5,3,0,0,1,0,1,0,0,0,0
11,1,1401049.0,2021,10,15,6,3,2,6,0,0,1,0,0,0,0,1,0
11,5,5200633.0,2021,12,7,3,3,2,6,0,0,1,0,0,0,0,0,1
11,2,2500726.0,2021,4,18,6,3,0,1,1,1,0,0,0,0,0,0,1
11,9,9100101.0,2021,1,17,3,3,6,2,2,0,1,1,0,0,0,1,1
11,7,7400825.0,2021,6,15,2,3,2,6,0,0,1,0,0,0,1,0,0
11,7,7200410.0,2021,12,19,2,3,1,5,2,1,1,0,0,0,0,0,1
11,4,4400726.0,2021,5,11,6,3,2,7,0,0,1,0,0,0,1,0,1
11,4,4300621.0,2021,8,10,2,3,3,6,0,1,1,0,0,0,0,0,0
11,1,1100206.0,2021,9,7,3,3,0,6,0,1,0,0,0,0,1,0,0
11,7,7601442.0,2021,3,15,6,2,6,4,0,0,1,1,0,0,0,0,0
11,3,3200206.0,2021,7,14,5,3,2,6,0,0,1,0,0,0,1,1,0
11,4,4100101.0,2021,9,13,2,2,2,6,0,0,1,0,0,0,1,0,0
11,1,1100310.0,2021,11,9,5,3,3,6,0,1,0,0,0,0,0,0,0
11,4,4501148.0,2021,8,16,6,3,2,6,0,0,1,0,0,0,0,0,0
11,4,4400726.0,2021,10,16,6,3,2,6,1,0,1,0,0,0,0,1,0
11,7,7601236.0,2021,12,17,6,2,6,4,2,0,1,1,0,0,0,1,1