LAND,BEZ,LOR_ab_2021,UJAHR,UMONAT,USTUNDE,UWOCHENTAG,UKATEGORIE,UART,UTYP1,ULICHTVERH,IstRad,IstPKW,IstFuss,IstKrad,IstGkfz,IstSonstige,USTRZUSTAND,lockdown
11,4,4300414.0,2020,1,11,3,3,5,2,0,0,1,0,1,0,0,1,0
11,7,7200409.0,2020,1,15,7,3,2,6,0,1,1,0,0,0,0,0,0
11,9,9501939.0,2020,1,16,7,3,0,1,1,1,0,0,0,0,0,1,0
11,1,1100309.0,2020,1,14,7,2,5,3,0,1,0,0,0,0,0,1,0
11,8,8301036.0,2020,1,13,7,3,8,1,0,0,1,0,0,0,0,1,0
11,3,3300412.0,2020,1,13,7,3,0,7,0,1,0,0,0,0,0,1,0
11,8,8200727.0,2020,1,11,3,3,5,3,0,1,1,0,0,0,0,0,0
11,7,7501029.0,2020,1,16,3,2,5,2,2,0,1,0,1,0,0,1,0
11,6,6400735.0,2020,1,12,7,2,2,7,0,0,0,0,1,1,0,1,0
11,10,10400835.0,2020,1,19,5,3,1,5,2,0,1,0,0,0,0,0,0
11,1,1100310.0,2020,1,7,7,2,6,4,2,0,1,1,0,0,0,1,0
11,1,1100206.0,2020,1,18,4,3,5,3,2,0,1,0,0,0,0,1,0
11,11,11200514.0,2020,1,21,3,3,3,6,2,0,1,0,1,0,0,0,0
11,8,8100102.0,2020,1,22,7,3,6,4,2,0,0,1,0,0,1,1,0
11,5,5100206.0,2020,1,20,3,2,0,2,2,0,1,0,1,0,0,0,0
11,6,6200421.0,2020,1,16,6,3,6,7,1,0,1,0,0,0,1,0,0
11,2,2400522.0,2020,1,17,6,3,3,6,1,1,0,0,0,0,0,0,0
11,2,2100103.0,2020,1,19,3,3,0,2,2,1,1,0,0,0,0,0,0
11,11,11300722.0,2020,1,7,6,3,6,4,1,0,1,1,0,0,0,0,0
11,8,8100104.0,2020,1,8,5,3,5,2,0,1,1,0,0,0,0,1,0
11,11,11200513.0,2020,1,16,3,3,0,6,1,1,1,0,0,0,0,0,0
11,1,1100310.0,2020,1,16,6,3,0,2,1,0,1,0,0,0,1,0,0
11,8,8100105.0,2020,1,17,3,3,6,7,2,0,0,1,0,0,1,0,0
11,1,1100206.0,2020,1,11,6,3,6,2,0,0,1,1,0,0,0,0,0
11,6,6300632.0,2020,1,13,5,2,5,3,0,0,1,0,0,0,0,1,0
11,8,8100208.0,2020,1,11,6,3,2,6,0,0,1,0,0,0,0,0,0
11,1,1100103.0,2020,1,18,4,3,3,6,1,0,1,0,0,0,0,0,0
11,7,7100101.0,2020,1,11,6,3,6,4,0,0,1,1,0,0,0,0,0
11,1,1300836.0,2020,1,19,3,3,5,3,2,1,1,0,0,0,0,0,0
11,3,3400827.0,2020,1,10,6,3,5,3,0,0,1,0,0,0,1,0,0
11,11,11100308.0,2020,1,7,6,2,6,4,1,0,1,1,0,0,0,1,0
11,10,10100313.0,2020,1,10,6,3,2,2,0,0,1,0,0,0,0,0,0
11,3,3601245.0,2020,1,18,3,2,6,4,2,0,1,1,0,0,0,0,0
11,5,5100101.0,2020,1,11,6,3,5,3,0,1,1,0,0,0,0,0,0
11,11,11100203.0,2020,1,5,5,3,5,2,2,1,1,0,0,0,0,1,0
11,9,9200819.0,2020,1,17,6,2,6,4,2,0,0,1,0,0,1,0,0
11,11,11401135.0,2020,1,17,6,2,6,4,2,0,1,1,0,0,0,0,0
11,11,11300617.0,2020,1,17,3,3,2,6,2,0,1,0,0,0,0,0,0
11,3,3300515.0,2020,1,17,6,2,5,2,2,0,1,0,1,0,0,0,0
11,12,12200308.0,2020,1,15,6,3,2,7,0,0,0,0,1,0,1,0,0
11,4,4400728.0,2020,1,10,3,2,6,4,0,0,1,1,0,0,0,0,0
11,5,5100103.0,2020,1,15,6,3,5,3,0,0,1,0,0,0,0,0,0
11,8,8100415.0,2020,1,14,5,3,2,6,0,0,1,0,0,0,0,0,0
11,4,4501148.0,2020,1,13,6,2,5,2,0,0,1,0,1,0,0,0,0
11,10,10200629.0,2020,1,9,3,3,6,2,0,0,1,1,0,0,0,1,0
11,3,3601142.0,2020,1,12,6,2,6,4,0,0,1,1,0,0,0,0,0
11,12,12601031.0,2020,1,13,4,3,6,2,0,0,0,1,0,0,1,0,0
11,1,1200520.0,2020,1,17,3,3,6,2,1,0,1,1,0,0,0,1,0
11,1,1200517.0,2020,1,12,6,3,5,7,0,0,1,0,1,0,0,0,0
11,10,10100210.0,2020,1,11,6,2,5,3,0,1,1,0,0,0,0,0,0
11,2,2500831.0,2020,1,8,3,3,5,3,0,1,1,0,0,0,0,0,0
11,12,12100205.0,2020,1,16,3,3,1,5,1,0,1,0,0,0,0,1,0
11,1,1100310.0,2020,1,23,6,3,6,7,2,1,1,1,0,0,0,1,0
11,12,12200412.0,2020,1,21,5,2,6,4,2,0,1,1,0,0,0,0,0
11,5,5400943.0,2020,1,20,3,2,6,2,2,0,1,1,0,0,0,1,0
11,1,1100416.0,2020,1,22,6,3,6,4,2,0,1,1,0,0,0,0,0
11,6,6300528.0,2020,1,13,5,2,1,1,0,0,1,0,0,1,0,1,0
11,12,12200412.0,2020,1,20,6,3,5,3,2,0,1,0,0,0,0,0,0
11,1,1200628.0,2020,1,19,6,3,3,6,2,1,1,0,0,0,0,0,0
11,2,2200210.0,2020,1,9,4,3,3,6,0,1,0,0,0,0,1,0,0
11,1,1100103.0,2020,1,18,6,3,5,5,2,0,1,0,0,0,0,0,0
11,1,1100308.0,2020,1,17,6,3,5,2,2,0,1,0,1,0,0,0,0
11,12,12400618.0,2020,1,7,6,3,6,4,1,0,1,1,0,0,0,1,0
11,1,1100414.0,2020,1,8,3,3,6,4,0,0,0,1,1,0,0,0,0
11,3,3601243.0,2020,1,16,3,3,6,2,1,0,1,1,0,0,0,1,0
11,11,11200410.0,2020,1,7,6,3,2,6,0,0,1,0,0,0,0,1,0
11,1,1401046.0,2020,1,13,5,3,5,2,0,1,1,0,0,0,0,1,0
11,11,11300617.0,2020,1,6,6,3,2,6,2,0,1,0,0,0,0,0,0
11,4,4501042.0,2020,1,18,4,3,2,6,2,0,1,0,0,0,0,1,0
11,11,11300723.0,2020,1,6,6,3,2,2,2,0,1,0,0,0,1,0,0
11,2,2100101.0,2020,1,7,3,3,2,6,1,0,1,0,0,0,0,0,0
11,7,7100102.0,2020,1,4,6,3,5,3,2,1,1,0,0,0,0,0,0
11,5,5100208.0,2020,1,6,4,3,5,2,1,0,1,0,0,0,0,1,0
11,6,6100102.0,2020,1,6,3,3,2,6,1,0,1,0,0,0,0,1,0
11,5,5100317.0,2020,1,13,6,3,6,7,0,1,0,1,0,0,0,0,0
11,10,10300732.0,2020,1,5,3,3,0,1,2,0,1,0,0,0,0,0,0
11,10,10100313.0,2020,1,2,5,3,0,1,2,1,0,0,0,0,0,1,0
11,2,2100102.0,2020,1,21,5,3,6,4,2,0,0,1,0,0,1,0,0
11,12,12200412.0,2020,1,13,3,1,4,5,0,0,1,0,0,1,0,0,0
11,1,1100102.0,2020,1,7,5,3,0,2,2,0,1,0,1,0,0,0,0
11,8,8401139.0,2020,1,8,5,3,5,3,0,0,1,0,0,0,1,1,0
11,9,9502043.0,2020,1,7,5,3,5,2,0,0,1,0,0,0,0,1,0
11,1,1200522.0,2020,1,14,5,3,5,3,0,1,0,0,0,0,1,0,0
11,7,7300517.0,2020,1,13,2,3,6,2,0,0,1,1,0,0,0,0,0
11,3,3601141.0,2020,1,14,5,3,2,6,0,0,1,0,0,0,0,0,0
11,7,7100205.0,2020,1,13,6,3,5,3,0,1,1,0,0,0,0,0,0
11,9,9501939.0,2020,1,14,5,3,5,2,0,1,1,0,0,0,0,0,0
11,12,12400722.0,2020,1,13,2,3,5,3,0,0,1,0,0,0,0,0,0
11,1,1200517.0,2020,1,15,5,3,5,3,0,1,1,0,0,0,0,0,0
11,4,4100101.0,2020,1,14,5,3,3,6,0,0,1,0,0,0,0,1,0
11,7,7400928.0,2020,1,12,5,3,3,6,0,1,1,0,0,0,0,0,0
11,1,1100101.0,2020,1,9,2,3,5,2,0,0,1,0,1,0,0,1,0
11,1,1200519.0,2020,1,12,5,3,2,2,0,0,1,0,0,0,0,0,0
11,5,5100104.0,2020,1,7,5,2,6,2,1,0,1,1,0,0,0,1,0
11,1,1100310.0,2020,1,12,5,2,6,4,0,0,0,1,0,0,1,0,0
11,8,8100521.0,2020,1,10,5,3,5,2,0,0,1,0,0,0,0,0,0
11,1,1100309.0,2020,1,12,2,3,0,2,0,0,0,0,0,1,1,0,0
11,1,1100207.0,2020,1,9,5,3,2,6,0,1,1,0,0,0,0,0,0
11,1,1100311.0,2020,1,18,5,3,6,4,2,0,1,1,0,0,0,0,0
11,11,11300721.0,2020,1,8,5,3,2,2,0,0,1,0,0,0,0,0,0
11,1,1400938.0,2020,1,14,2,3,5,2,0,1,1,0,0,0,0,0,0
11,9,9401534.0,2020,1,8,5,3,1,6,0,1,1,0,0,0,0,0,0
11,4,4501045.0,2020,1,13,4,3,5,3,0,1,1,0,0,0,0,0,0
11,7,7601442.0,2020,1,7,5,3,2,2,1,0,1,0,1,0,0,1,0
11,3,3400620.0,2020,1,17,4,3,1,5,2,0,1,0,0,0,1,1,0
11,5,5100315.0,2020,1,6,5,2,6,2,2,0,1,1,0,0,0,0,0
11,1,1401047.0,2020,1,6,5,3,5,2,2,0,1,0,0,0,0,0,0
11,6,6100206.0,2020,1,13,2,3,0,6,0,0,1,0,0,0,1,0,0
11,8,8100105.0,2020,1,20,3,3,9,1,2,0,1,0,0,0,0,1,0
11,11,11200512.0,2020,1,18,5,2,6,3,2,0,1,1,0,0,0,0,0
11,1,1100308.0,2020,1,14,5,3,1,5,0,1,1,0,0,0,0,0,0
11,1,1100416.0,2020,1,18,5,3,5,3,2,1,1,0,0,0,0,0,0
11,1,1300836.0,2020,1,22,3,3,6,2,2,0,0,1,0,0,1,1,0
11,2,2300417.0,2020,1,7,5,3,5,2,1,1,1,0,0,0,0,1,0
11,1,1400942.0,2020,1,9,4,3,2,6,0,0,1,0,0,0,0,0,0
11,3,3400725.0,2020,1,7,3,3,6,2,0,0,1,1,0,0,0,1,0
11,6,6300632.0,2020,1,20,5,3,1,5,2,1,1,0,0,0,0,0,0
11,12,12400617.0,2020,1,17,5,3,6,4,2,0,1,1,0,0,0,0,0
11,11,11300721.0,2020,1,7,5,3,5,3,1,1,0,0,0,0,1,0,0
11,5,5100317.0,2020,1,13,2,3,5,3,0,1,1,0,0,0,0,0,0
11,8,8200832.0,2020,1,15,4,2,6,4,0,0,1,1,0,0,0,0,0
11,7,7601339.0,2020,1,13,5,3,5,2,0,0,1,0,0,0,0,1,0
11,1,1100416.0,2020,2,4,2,3,5,3,2,0,1,0,0,0,0,1,0
11,9,9200717.0,2020,2,17,1,3,0,7,2,0,1,0,1,0,0,0,0
11,1,1401048.0,2020,2,13,2,3,2,2,0,0,1,0,0,0,1,1,0
11,1,1200520.0,2020,2,6,2,3,6,4,1,0,0,1,1,0,0,0,0
11,4,4501042.0,2020,2,15,1,3,2,6,0,0,1,0,0,0,0,1,0
11,8,8200832.0,2020,2,15,4,3,0,3,0,1,0,0,0,0,1,0,0
11,2,2300315.0,2020,2,20,1,3,5,3,2,0,1,0,1,0,0,1,0
11,2,2400521.0,2020,2,17,1,3,5,3,2,1,1,0,0,0,0,0,0
11,8,8100208.0,2020,2,18,2,3,1,5,2,1,1,0,0,0,0,1,0
11,2,2400625.0,2020,2,16,1,3,0,7,0,0,1,0,0,0,1,0,0
11,7,7300517.0,2020,2,8,3,3,4,6,0,1,0,0,0,0,0,0,0
11,12,12200310.0,2020,2,4,1,2,1,1,2,0,1,0,0,0,1,0,0
11,1,1100102.0,2020,2,13,1,3,2,6,0,0,1,0,0,0,0,0,0
11,11,11400931.0,2020,2,20,1,3,6,2,2,0,1,1,0,0,0,1,0
11,4,4100102.0,2020,2,15,3,3,5,2,0,1,1,0,0,0,0,1,0
11,3,3601449.0,2020,2,8,4,3,5,3,0,1,1,0,0,0,0,1,0
11,2,2200213.0,2020,2,19,1,3,0,7,2,0,1,1,0,0,0,1,0
11,4,4500939.0,2020,2,17,2,3,5,2,2,0,1,0,0,0,0,1,0
11,7,7501029.0,2020,2,14,1,3,2,6,0,1,1,0,0,0,0,0,0
11,1,1401045.0,2020,2,19,3,3,2,6,2,0,1,0,0,0,0,1,0
11,4,4500937.0,2020,2,19,1,2,5,3,2,1,1,0,0,0,0,1,0
11,1,1100310.0,2020,2,13,1,3,5,2,0,0,1,0,0,0,0,0,0
11,4,4100101.0,2020,2,8,5,3,5,2,0,1,0,0,0,0,1,0,0
11,1,1100311.0,2020,2,19,1,3,2,6,2,1,0,0,0,0,1,1,0
11,9,9200512.0,2020,2,10,3,3,5,7,0,0,1,0,0,0,1,0,0
11,1,1100101.0,2020,2,10,2,3,5,3,0,0,1,0,0,0,0,1,0
11,5,5200528.0,2020,2,12,7,3,2,6,0,0,1,0,0,0,0,0,0
11,1,1300733.0,2020,2,11,2,2,5,3,0,0,1,0,0,0,1,1,0
11,1,1400940.0,2020,2,13,3,3,1,5,0,0,1,0,0,0,0,0,0
11,6,6100206.0,2020,2,19,1,3,6,2,2,0,1,1,0,0,0,1,0
11,4,4500939.0,2020,2,12,7,3,0,5,0,0,0,0,0,0,1,0,0
11,4,4501148.0,2020,2,15,2,3,1,5,0,0,1,0,0,0,0,1,0
11,2,2400623.0,2020,2,12,7,3,2,6,0,0,1,0,0,0,0,0,0
11,1,1300733.0,2020,2,18,3,3,6,2,2,0,0,1,0,0,1,0,0
11,8,8300934.0,2020,2,18,1,3,6,2,2,0,1,1,0,0,0,1,0
11,4,4501153.0,2020,2,11,7,3,5,2,0,1,1,0,0,0,0,0,0
11,10,10100207.0,2020,2,14,4,3,8,1,0,0,0,0,0,1,0,0,0
11,12,12601235.0,2020,2,17,1,2,6,2,2,0,1,1,0,0,0,1,0
11,4,4500937.0,2020,2,21,3,3,6,7,2,0,1,1,0,0,0,1,0
11,4,4500938.0,2020,2,8,2,3,5,2,0,1,1,0,0,0,0,1,0
11,12,12100102.0,2020,2,11,7,3,1,1,0,0,1,0,0,0,0,0,0
11,1,1100416.0,2020,2,11,2,3,5,3,0,1,1,0,0,0,0,1,0
11,1,1100207.0,2020,2,6,2,3,5,2,2,1,1,0,0,0,0,0,0
11,1,1300834.0,2020,2,17,1,3,5,2,2,1,0,0,0,0,1,1,0
11,9,9301025.0,2020,2,16,4,2,5,3,0,1,1,0,0,0,0,0,0
11,5,5100313.0,2020,2,16,1,3,6,4,1,0,1,1,0,0,0,1,0
11,1,1100415.0,2020,2,2,7,2,3,6,2,0,1,0,0,0,0,0,0
11,10,10100312.0,2020,2,20,2,2,5,2,2,0,1,0,0,0,0,1,0
11,7,7300517.0,2020,2,22,4,3,5,7,2,0,1,0,0,0,0,0,0
11,5,5100313.0,2020,2,16,1,3,5,7,1,0,1,0,1,0,0,1,0
11,6,6300629.0,2020,2,18,2,3,5,3,2,1,1,0,0,0,0,1,0
11,5,5100208.0,2020,2,13,3,2,5,2,0,0,1,0,0,0,0,0,0
11,4,4500937.0,2020,2,15,2,3,5,3,0,0,1,0,0,0,0,1,0
11,4,4501040.0,2020,2,1,7,3,0,2,2,1,1,0,0,0,0,0,0
11,1,1401048.0,2020,2,8,2,3,0,5,0,1,0,0,0,0,1,1,0
11,3,3601244.0,2020,2,5,2,3,5,3,2,1,1,0,0,0,0,1,0
11,3,3601245.0,2020,2,16,1,3,5,2,1,0,1,0,1,0,0,1,0
11,10,10100312.0,2020,2,15,4,3,6,2,0,0,1,1,0,0,0,0,0
11,6,6200317.0,2020,2,16,1,2,5,7,1,0,1,0,0,0,0,1,0
11,1,1200628.0,2020,2,21,7,3,0,2,2,1,0,0,0,0,1,0,0
11,12,12100103.0,2020,2,18,2,2,6,2,2,0,1,1,0,0,0,1,0
11,6,6300634.0,2020,2,21,7,2,5,2,2,0,1,0,0,0,0,0,0
11,1,1300835.0,2020,2,23,3,3,1,5,2,0,1,0,0,1,0,1,0
11,7,7100102.0,2020,2,22,1,2,5,2,2,0,1,0,0,0,0,1,0
11,1,1300733.0,2020,2,19,7,3,5,2,2,0,1,0,0,0,0,0,0
11,7,7100206.0,2020,2,17,7,3,5,3,2,0,1,0,1,0,0,0,0
11,4,4500936.0,2020,2,10,3,3,0,7,0,1,0,0,0,0,0,0,0
11,6,6200312.0,2020,2,12,2,3,2,6,0,0,1,0,0,0,0,0,0
11,3,3601140.0,2020,2,17,7,3,5,3,1,1,1,0,0,0,0,0,0
11,3,3200206.0,2020,2,14,1,3,5,3,0,1,1,0,0,0,0,1,0
11,9,9301025.0,2020,2,6,4,3,6,2,1,0,1,1,0,0,0,1,0
11,2,2200210.0,2020,2,14,1,3,5,2,0,0,1,0,0,0,0,1,0
11,2,2400623.0,2020,2,17,2,3,5,3,2,1,1,0,0,0,0,1,0
11,8,8100102.0,2020,2,15,7,3,1,5,0,1,0,0,0,0,1,0,0
11,12,12100204.0,2020,2,18,3,3,6,2,2,0,0,1,0,1,0,1,0
11,7,7501133.0,2020,2,13,1,3,5,3,0,0,1,0,0,0,0,1,0
11,7,7501029.0,2020,2,14,7,2,5,3,0,0,1,0,1,0,0,0,0
11,7,7300619.0,2020,2,23,5,3,6,2,2,0,1,1,0,0,0,0,0
11,4,4200311.0,2020,2,13,1,3,2,6,0,0,1,0,0,0,0,1,0
11,6,6200422.0,2020,2,8,3,3,2,7,0,1,0,0,0,1,0,1,0
11,2,2200210.0,2020,2,5,5,3,5,3,2,0,1,0,1,0,0,0,0
11,1,1100101.0,2020,2,0,1,3,2,6,2,0,1,0,0,0,0,0,0
11,10,10100312.0,2020,2,15,3,2,5,3,0,0,1,0,0,0,1,0,0
11,9,9200715.0,2020,2,11,2,3,0,4,0,0,0,1,0,0,1,1,0
11,9,9502043.0,2020,2,13,7,3,2,6,0,0,1,0,0,0,0,0,0
11,12,12500926.0,2020,2,14,3,3,6,7,0,1,0,1,0,0,0,0,0
11,1,1200628.0,2020,2,3,7,3,0,1,2,0,0,0,0,0,1,0,0
11,2,2400521.0,2020,2,13,7,3,2,6,0,0,1,0,0,0,0,0,0
11,3,3500936.0,2020,2,14,4,2,5,3,0,1,1,0,0,0,0,0,0
11,1,1100102.0,2020,2,16,7,3,5,2,1,0,1,0,1,0,0,1,0
11,1,1200520.0,2020,2,18,3,3,6,7,2,0,1,1,0,0,0,1,0
11,1,1401046.0,2020,2,6,2,3,6,2,2,0,0,1,0,0,1,1,0
11,5,5300736.0,2020,2,20,6,3,1,5,2,0,1,0,1,0,0,0,0
11,7,7501031.0,2020,2,8,2,3,2,6,0,0,1,0,0,0,0,1,0
11,9,9200819.0,2020,2,7,2,3,0,1,2,0,0,0,1,0,0,1,0
11,8,8200832.0,2020,2,9,2,3,6,2,0,0,0,1,0,1,0,1,0
11,1,1100309.0,2020,2,21,6,3,0,7,2,0,1,0,1,0,0,0,0
11,9,9501838.0,2020,2,8,2,3,5,3,0,0,1,0,0,0,0,1,0
11,4,4400831.0,2020,2,13,3,2,5,3,0,0,1,0,0,0,0,0,0
11,2,2200209.0,2020,2,20,7,3,5,2,2,1,0,0,1,0,0,1,0
11,1,1100308.0,2020,2,18,4,3,3,6,2,1,0,0,0,0,0,0,0
11,12,12200412.0,2020,2,19,7,3,2,6,2,0,1,0,0,0,0,1,0
11,9,9100101.0,2020,2,22,2,3,0,1,2,0,0,0,1,0,0,1,0
11,2,2500830.0,2020,2,12,2,3,1,5,0,1,0,0,0,1,0,0,0
11,3,3400620.0,2020,2,18,3,3,6,4,1,0,1,1,0,0,0,0,0
11,1,1100205.0,2020,2,15,2,2,2,6,0,0,1,0,0,0,1,1,0
11,2,2400521.0,2020,2,19,6,2,6,4,2,0,1,1,0,0,0,0,0
11,1,1200628.0,2020,2,8,2,3,5,2,0,1,1,0,0,0,0,1,0
11,4,4300412.0,2020,2,19,7,3,6,2,2,0,1,1,0,0,0,1,0
11,3,3200309.0,2020,2,14,2,2,0,7,0,0,0,1,0,1,0,1,0
11,7,7100102.0,2020,2,8,4,3,0,1,0,0,0,0,1,0,0,1,0
11,1,1100310.0,2020,2,19,7,3,0,6,2,0,1,0,1,0,0,1,0
11,11,11501341.0,2020,2,18,7,3,6,4,2,0,1,1,0,0,0,1,0
11,3,3500933.0,2020,2,17,2,3,6,4,2,0,1,1,0,0,0,1,0
11,6,6100204.0,2020,2,15,4,3,2,6,0,1,1,0,0,0,0,0,0
11,9,9502043.0,2020,2,17,7,2,6,4,1,0,1,1,0,0,0,1,0
11,8,8300935.0,2020,2,19,6,3,5,5,2,0,1,0,0,0,0,0,0
11,12,12601032.0,2020,2,19,2,3,5,3,2,0,1,0,0,0,0,1,0
11,4,4501040.0,2020,2,19,6,3,2,6,2,0,1,0,0,0,0,0,0
11,7,7601545.0,2020,2,8,3,3,3,6,0,1,1,0,0,0,0,0,0
11,9,9501737.0,2020,2,22,1,1,0,7,2,1,0,0,0,0,0,1,0
11,9,9200715.0,2020,2,6,6,3,1,5,2,0,1,0,0,0,1,0,0
11,12,12400619.0,2020,2,16,7,3,8,1,1,0,1,0,0,0,0,1,0
11,1,1100308.0,2020,2,18,2,2,6,4,2,0,1,1,0,0,0,1,0
11,6,6200311.0,2020,2,12,3,3,5,3,0,0,1,0,0,0,0,0,0
11,5,4200308.0,2020,2,16,2,3,2,6,0,0,1,0,0,0,1,1,0
11,7,7501029.0,2020,2,18,6,3,2,6,2,0,1,0,0,0,0,0,0
11,2,2400623.0,2020,2,16,3,3,2,6,0,1,1,0,0,0,0,1,0
11,3,3400725.0,2020,2,17,2,3,6,2,2,0,1,1,0,0,0,1,0
11,1,1401045.0,2020,2,17,6,2,0,3,2,1,1,0,0,0,0,0,0
11,1,1100309.0,2020,2,19,3,2,0,6,2,1,0,0,0,0,1,1,0
11,4,4501042.0,2020,2,15,1,3,6,7,0,0,1,1,0,0,0,1,0
11,6,6200313.0,2020,2,17,6,3,5,2,2,0,1,0,1,0,0,0,0
11,12,12500930.0,2020,2,8,5,3,5,2,0,0,1,0,0,0,0,0,0
11,3,3601452.0,2020,2,12,7,3,5,3,0,0,1,0,0,0,0,1,0
11,3,3701554.0,2020,2,17,2,2,0,1,2,0,1,0,1,0,0,1,0
11,1,1200623.0,2020,2,10,3,3,1,5,0,1,1,0,0,0,0,0,0
11,6,6100205.0,2020,2,10,2,3,4,6,0,0,1,0,0,0,0,1,0
11,5,5100208.0,2020,2,16,6,3,2,6,1,0,1,0,0,0,0,0,0
11,8,8200832.0,2020,2,7,2,3,5,3,0,1,1,0,0,0,0,1,0
11,12,12400723.0,2020,2,14,3,2,5,3,0,0,1,0,0,0,1,1,0
11,3,3400725.0,2020,2,15,7,3,6,4,0,0,1,1,0,0,0,1,0
11,6,6200311.0,2020,2,15,6,3,2,2,0,0,1,0,0,0,1,1,0
11,6,6200317.0,2020,2,16,4,3,5,3,0,0,1,0,0,0,0,0,0
11,3,3601453.0,2020,2,15,7,3,5,2,0,0,1,0,0,0,0,1,0
11,1,1100310.0,2020,2,14,7,3,0,1,0,1,0,0,0,0,0,1,0
11,3,3601450.0,2020,2,14,6,3,2,6,0,0,1,0,0,0,0,0,0
11,9,9100408.0,2020,2,14,4,3,2,6,0,0,1,0,0,0,1,0,0
11,7,7501135.0,2020,2,12,7,3,5,2,0,0,1,0,0,0,0,1,0
11,7,7501029.0,2020,2,6,3,3,5,3,2,0,0,0,1,0,1,0,0
11,4,4501044.0,2020,2,9,2,3,5,2,0,1,1,0,0,0,0,1,0
11,5,5100104.0,2020,2,14,6,3,2,6,0,0,1,0,0,0,0,0,0
11,1,1300732.0,2020,2,16,1,3,0,5,1,0,1,0,0,0,1,0,0
11,2,2100105.0,2020,2,10,3,3,5,7,0,1,1,0,0,0,0,1,0
11,9,9100304.0,2020,2,12,7,3,5,3,0,1,1,0,0,0,0,1,0
11,3,3500936.0,2020,2,17,2,3,0,2,1,0,0,1,0,0,1,1,0
11,2,2400623.0,2020,2,16,4,3,5,3,1,1,1,0,0,0,0,0,0
11,6,6200421.0,2020,2,4,7,2,1,1,2,0,1,0,0,0,0,1,0
11,3,3100103.0,2020,2,16,2,3,6,4,0,0,1,1,0,0,0,1,0
11,4,4300619.0,2020,2,19,2,3,9,1,2,0,1,1,0,0,0,1,0
11,7,7300517.0,2020,2,11,3,3,2,2,0,0,1,0,1,0,0,0,0
11,3,3200204.0,2020,2,12,2,2,5,2,0,0,1,0,0,0,0,1,0
11,6,6100101.0,2020,2,8,2,3,6,4,0,0,1,1,0,0,0,1,0
11,2,2100106.0,2020,2,1,2,3,5,2,2,0,1,0,0,0,0,1,0
11,12,12100101.0,2020,2,14,6,3,5,3,0,0,1,0,1,0,0,0,0
11,1,1300835.0,2020,2,10,1,2,6,7,0,0,1,1,0,0,0,0,0
11,3,3400725.0,2020,2,7,2,2,6,4,1,0,1,1,0,0,0,1,0
11,3,3400620.0,2020,2,12,7,2,5,2,0,0,1,0,0,0,0,1,0
11,4,4501150.0,2020,2,15,4,3,5,3,0,1,1,0,0,0,0,0,0
11,10,10100207.0,2020,1,5,6,3,6,2,2,0,1,1,0,0,0,1,0
11,11,11200513.0,2020,2,14,6,3,5,2,0,1,1,0,0,0,0,0,0
11,6,6200421.0,2020,2,18,2,3,6,2,2,0,1,1,0,0,0,1,0
11,5,5200631.0,2020,2,12,6,3,0,5,0,0,1,0,0,0,1,0,0
11,9,9100305.0,2020,2,8,3,2,6,4,0,0,0,1,0,0,1,0,0
11,2,2500832.0,2020,2,23,1,3,5,2,2,0,1,0,1,0,0,1,0
11,4,4100101.0,2020,2,13,6,3,5,2,0,0,1,0,0,0,0,0,0
11,12,12500824.0,2020,1,23,6,3,1,5,2,1,1,0,0,0,0,0,0
11,10,10100312.0,2020,2,15,2,2,5,3,0,1,1,0,0,0,0,1,0
11,4,4300416.0,2020,2,12,6,3,0,3,0,0,1,0,1,0,0,0,0
11,7,7501029.0,2020,1,21,6,3,5,3,2,1,1,0,0,0,0,0,0
11,11,11300722.0,2020,2,7,4,3,5,2,0,1,0,0,0,0,1,1,0
11,4,4300517.0,2020,1,19,6,3,5,2,0,0,1,0,0,0,0,0,0
11,11,11200410.0,2020,2,17,2,3,5,3,2,1,1,0,0,0,0,1,0
11,9,9200511.0,2020,2,12,6,3,5,7,0,0,1,0,0,0,1,0,0
11,1,1300733.0,2020,2,15,3,3,5,3,0,0,1,0,0,0,0,1,0
11,4,4501153.0,2020,1,18,6,3,5,7,2,0,1,0,0,0,0,0,0
11,7,7501029.0,2020,2,12,6,3,5,3,0,0,1,0,0,0,0,0,0
11,2,2200208.0,2020,2,19,5,3,5,2,2,1,1,0,0,0,0,0,0
11,4,4501045.0,2020,1,17,6,3,5,3,2,1,1,0,0,0,0,0,0
11,1,1400938.0,2020,2,10,3,3,5,2,0,0,1,0,0,1,0,0,0
11,2,2100106.0,2020,2,10,2,3,0,7,0,0,0,0,0,1,0,1,0
11,9,9100407.0,2020,2,6,6,3,1,5,1,0,1,0,0,0,0,0,0
11,5,5100316.0,2020,2,15,3,2,0,6,0,0,1,0,0,0,1,0,0
11,11,11200514.0,2020,2,12,2,3,2,6,0,0,1,0,0,0,0,1,0
11,4,4300624.0,2020,2,15,6,1,3,1,0,1,1,0,0,0,0,0,0
11,7,7601544.0,2020,2,14,3,3,5,5,0,1,1,0,0,0,0,0,0
11,4,4400835.0,2020,1,15,6,3,6,4,0,0,1,1,0,0,0,0,0
11,4,4501148.0,2020,2,15,5,3,6,2,0,0,1,1,0,0,0,0,0
11,1,1400942.0,2020,2,14,4,3,2,2,0,0,1,0,0,0,0,0,0
11,12,12400619.0,2020,1,12,6,3,1,5,0,1,1,0,0,0,1,0,0
11,1,1100312.0,2020,2,14,2,3,2,6,0,0,1,0,0,0,0,1,0