LAND,BEZ,LOR_ab_2021,UJAHR,UMONAT,USTUNDE,UWOCHENTAG,UKATEGORIE,UART,UTYP1,ULICHTVERH,IstRad,IstPKW,IstFuss,IstKrad,IstGkfz,IstSonstige,USTRZUSTAND,lockdown
11,9,9401534.0,2020,3,14,1,2,5,3,0,1,1,0,0,0,0,0,1
11,7,7400927.0,2020,2,6,5,3,5,2,2,1,1,0,0,0,0,1,0
11,11,11300721.0,2020,2,5,5,3,2,6,2,0,1,0,0,1,0,1,0
11,3,3400829.0,2020,3,6,6,2,5,3,1,0,1,0,0,0,0,1,1
11,4,4200310.0,2020,3,16,3,3,5,3,0,0,1,0,1,0,0,1,1
11,4,4300623.0,2020,2,12,4,3,1,5,0,1,1,0,0,0,0,1,0
11,5,5100316.0,2020,2,14,4,3,6,7,0,0,0,1,0,0,1,1,0
11,4,4501040.0,2020,3,15,3,3,1,5,0,0,0,0,0,0,1,1,1
11,10,10300732.0,2020,2,15,4,3,2,7,0,0,1,0,0,0,1,1,0
11,3,3300516.0,2020,2,8,4,1,4,6,0,0,1,0,1,0,0,0,0
11,3,3400619.0,2020,3,12,7,3,5,3,0,0,1,0,0,0,0,0,1
11,4,4100101.0,2020,2,18,4,3,2,6,2,0,1,0,0,0,0,1,0
11,3,3601244.0,2020,3,22,6,3,6,6,2,0,1,1,0,0,0,1,1
11,12,12601031.0,2020,2,17,4,3,2,6,1,0,1,0,0,0,0,1,0
11,6,6100209.0,2020,3,20,7,3,6,6,2,0,1,1,0,0,0,0,1
11,11,11501340.0,2020,2,16,4,3,5,3,0,0,1,0,0,0,0,1,0
11,6,6200314.0,2020,3,13,6,3,5,3,0,0,1,0,0,0,0,1,1
11,6,6300632.0,2020,3,15,3,3,5,3,0,1,1,0,0,0,0,1,1
11,2,2300316.0,2020,2,15,4,3,5,3,0,1,1,0,0,0,1,1,0
11,7,7300517.0,2020,3,9,5,3,5,3,0,1,1,0,0,0,0,0,1
11,3,3500933.0,2020,2,15,4,3,0,1,0,0,0,0,1,0,0,1,0
11,9,9200715.0,2020,3,11,2,3,5,3,0,1,1,0,0,0,0,1,1
11,1,1100310.0,2020,3,17,5,3,6,4,0,0,1,1,0,0,0,0,1
11,1,1100102.0,2020,2,15,4,3,0,6,0,0,1,0,1,0,1,0,0
11,4,4501044.0,2020,2,17,4,3,5,7,0,0,1,0,0,0,0,1,0
11,3,3601449.0,2020,3,0,7,3,0,1,2,0,0,0,0,0,1,1,1
11,4,4200207.0,2020,3,16,5,3,0,4,0,0,1,1,0,0,0,0,1
11,1,1100312.0,2020,2,8,4,3,5,3,0,1,1,0,0,0,0,1,0
11,8,8100104.0,2020,3,14,3,3,2,6,0,0,1,0,0,0,0,0,1
11,6,6200420.0,2020,2,20,4,3,4,1,2,0,1,0,0,0,0,1,0
11,9,9501838.0,2020,3,19,6,3,2,6,2,0,1,0,0,0,0,1,1
11,7,7100103.0,2020,3,10,5,3,1,5,0,1,1,0,0,0,0,1,1
11,4,4300416.0,2020,3,12,4,2,1,5,0,1,1,0,0,0,0,0,1
11,1,1401045.0,2020,3,17,4,3,1,5,0,1,1,0,0,0,0,0,1
11,7,7601341.0,2020,3,11,7,2,5,3,0,1,1,0,0,0,0,0,1
11,1,1100309.0,2020,3,12,2,3,5,3,0,1,1,0,0,0,0,0,1
11,3,3300514.0,2020,3,11,5,3,5,3,0,1,1,0,0,0,0,0,1
11,8,8100102.0,2020,3,0,7,3,5,3,2,1,1,0,0,0,0,0,1
11,8,8200727.0,2020,3,11,4,3,2,6,0,0,1,0,0,0,0,0,1
11,1,1100311.0,2020,3,9,4,3,5,2,0,1,0,0,0,0,1,0,1
11,11,11300721.0,2020,3,12,6,3,5,2,0,1,1,0,0,0,0,1,1
11,5,5100104.0,2020,3,11,4,2,1,5,0,0,1,0,0,0,0,0,1
11,6,6200316.0,2020,3,17,2,3,2,6,0,0,1,0,0,0,0,0,1
11,2,2500833.0,2020,3,18,3,3,0,3,2,0,1,0,0,0,1,0,1
11,11,11300722.0,2020,3,10,4,2,5,3,0,0,1,0,0,0,1,0,1
11,2,2100101.0,2020,3,14,7,3,5,2,0,0,1,0,0,0,0,0,1
11,3,3200206.0,2020,3,8,2,3,5,3,0,1,1,0,0,0,0,0,1
11,1,1400939.0,2020,3,15,7,3,5,2,0,0,1,0,1,0,0,0,1
11,7,7400721.0,2020,3,15,4,3,2,6,0,0,1,0,0,0,0,0,1
11,2,2100104.0,2020,3,20,4,3,5,3,2,1,1,0,0,0,0,0,1
11,1,1300733.0,2020,3,18,7,3,1,5,2,1,1,0,0,0,0,0,1
11,11,11300620.0,2020,3,15,4,3,6,7,0,0,1,1,0,0,0,0,1
11,12,12200307.0,2020,3,21,4,3,0,3,2,1,1,0,0,0,0,0,1
11,9,9300922.0,2020,3,10,6,3,5,2,0,1,1,0,0,0,0,1,1
11,3,3601141.0,2020,3,8,4,3,5,3,0,1,1,0,0,0,0,0,1
11,4,4400835.0,2020,3,13,2,3,2,6,0,0,1,0,0,0,0,0,1
11,2,2400623.0,2020,3,22,3,3,5,2,2,1,1,0,0,0,0,0,1
11,8,8100206.0,2020,3,8,4,2,6,4,0,0,1,1,0,0,0,0,1
11,12,12500929.0,2020,3,13,6,2,6,4,0,0,1,1,0,0,0,0,1
11,3,3500933.0,2020,3,17,2,3,5,3,0,1,1,0,0,0,0,0,1
11,12,12601032.0,2020,3,13,7,3,0,3,0,0,1,0,1,0,0,0,1
11,12,12200411.0,2020,3,12,4,3,3,6,0,0,1,0,0,1,0,0,1
11,1,1100415.0,2020,3,17,4,2,0,1,0,1,0,0,0,0,0,0,1
11,4,4501040.0,2020,3,15,5,3,5,2,0,1,1,0,0,0,0,0,1
11,12,12400618.0,2020,3,17,3,3,5,2,1,0,1,0,1,0,0,1,1
11,11,11501341.0,2020,3,17,4,3,2,6,1,0,1,0,0,0,0,0,1
11,7,7601236.0,2020,3,16,1,3,5,3,0,1,1,0,0,0,0,0,1
11,11,11401135.0,2020,3,7,3,3,5,3,0,1,1,0,0,0,0,0,1
11,6,6100209.0,2020,3,23,3,2,0,7,2,0,1,0,0,0,0,1,1
11,1,1100103.0,2020,3,19,5,3,5,2,2,0,1,0,0,0,1,0,1
11,9,9200818.0,2020,3,12,3,3,3,3,0,0,1,0,0,0,0,1,1
11,5,5200528.0,2020,3,7,2,3,2,6,0,0,1,0,0,1,0,0,1
11,12,12200309.0,2020,3,8,3,3,1,5,0,0,1,0,0,0,1,0,1
11,2,2500833.0,2020,3,23,3,3,5,3,2,0,1,0,0,0,0,1,1
11,7,7601544.0,2020,3,19,6,2,1,5,2,0,1,0,0,1,0,0,1
11,6,6300633.0,2020,3,7,2,3,2,6,0,0,1,0,0,1,0,0,1
11,1,1401047.0,2020,3,12,7,3,5,2,0,1,1,0,0,0,0,0,1
11,11,11300619.0,2020,3,16,3,2,6,4,0,0,1,1,0,0,0,0,1
11,5,5300737.0,2020,3,15,4,3,5,2,0,0,1,0,1,0,0,0,1
11,7,7100102.0,2020,3,13,5,3,5,2,0,0,1,0,0,0,1,0,1
11,1,1300732.0,2020,3,20,3,3,6,4,2,1,0,1,0,0,0,1,1
11,7,7200307.0,2020,3,17,4,3,1,5,0,1,1,0,0,0,0,0,1
11,11,11401034.0,2020,3,11,1,3,0,1,0,0,0,0,1,0,0,0,1
11,7,7601339.0,2020,3,13,2,3,5,3,0,0,1,0,1,0,0,0,1
11,11,11200410.0,2020,3,14,5,2,5,2,0,0,1,0,1,0,0,0,1
11,8,8200623.0,2020,3,2,1,3,5,2,2,0,1,0,0,0,0,0,1
11,1,1401048.0,2020,3,20,3,3,2,5,2,0,1,0,0,0,0,1,1
11,8,8200730.0,2020,3,16,5,2,5,3,0,0,0,0,1,0,1,0,1
11,8,8100417.0,2020,3,15,6,3,2,6,0,0,1,0,1,0,0,0,1
11,10,10300732.0,2020,3,15,5,3,5,3,0,1,1,0,0,0,0,0,1
11,6,6300634.0,2020,3,12,2,2,3,6,0,1,0,0,0,1,0,0,1
11,1,1300836.0,2020,3,11,5,3,2,2,0,0,1,0,1,0,0,0,1
11,11,11400927.0,2020,3,17,6,2,6,4,1,0,1,1,0,0,0,1,1
11,2,2400623.0,2020,3,12,3,2,6,4,0,1,0,1,0,0,0,0,1
11,7,7400822.0,2020,3,11,4,2,5,3,0,1,1,0,0,0,0,0,1
11,9,9200510.0,2020,3,10,5,3,2,6,0,0,1,0,0,0,0,0,1
11,1,1300733.0,2020,3,16,3,3,5,2,0,1,1,0,0,0,0,1,1
11,4,4501045.0,2020,3,16,4,3,6,4,0,0,1,1,0,0,0,0,1
11,3,3601450.0,2020,3,5,7,3,0,1,2,1,0,0,0,0,0,0,1
11,2,2200210.0,2020,3,11,2,3,6,4,0,1,0,1,0,0,0,0,1
11,6,6200313.0,2020,3,17,7,3,3,6,0,1,1,0,0,0,0,0,1
11,1,1200517.0,2020,3,22,3,3,0,6,2,0,0,0,0,0,1,1,1
11,7,7400927.0,2020,3,6,4,3,5,2,0,1,0,0,0,1,0,0,1
11,7,7400928.0,2020,3,5,6,2,1,5,2,0,1,0,0,0,1,0,1
11,7,7501030.0,2020,3,9,3,3,0,1,0,1,0,0,0,0,0,1,1
11,2,2400521.0,2020,3,17,2,3,5,3,0,1,1,0,0,0,0,0,1
11,11,11400930.0,2020,3,15,3,3,2,6,0,0,1,0,0,0,0,0,1
11,5,5200630.0,2020,3,19,3,2,5,2,2,1,1,0,0,0,0,1,1
11,12,12601031.0,2020,3,19,3,2,6,2,2,0,1,1,0,0,0,1,1
11,7,7400928.0,2020,3,5,2,2,5,3,2,0,1,0,1,0,0,0,1
11,8,8200624.0,2020,3,4,4,3,5,2,2,0,0,0,1,0,1,0,1
11,4,4400728.0,2020,3,14,4,3,2,2,0,0,1,0,0,0,0,1,1
11,12,12100204.0,2020,3,19,3,3,6,4,2,0,1,1,0,0,0,1,1
11,10,10200421.0,2020,3,17,7,3,6,4,0,0,1,1,0,0,0,0,1
11,12,12100205.0,2020,3,9,2,3,3,6,0,0,1,0,0,0,0,0,1
11,4,4501041.0,2020,3,16,7,3,2,6,0,0,1,0,1,0,0,0,1
11,2,2200208.0,2020,3,19,4,3,5,2,2,1,1,0,0,0,0,0,1
11,4,4200310.0,2020,3,11,4,3,5,2,0,1,1,0,0,0,0,0,1
11,4,4500937.0,2020,3,1,6,3,2,6,2,0,1,0,0,0,0,0,1
11,2,2200210.0,2020,3,19,3,3,5,3,2,1,1,0,0,0,0,1,1
11,3,3400619.0,2020,3,10,2,3,5,2,0,1,1,0,0,0,0,0,1
11,10,10400938.0,2020,3,19,3,3,2,2,2,0,1,0,1,0,0,0,1
11,1,1100207.0,2020,3,19,3,2,5,3,2,1,1,0,0,0,0,1,1
11,12,12200307.0,2020,3,13,6,3,3,6,0,0,1,0,1,0,0,0,1
11,6,6100206.0,2020,3,16,2,3,6,4,0,0,1,1,0,0,0,0,1
11,3,3100103.0,2020,3,12,7,3,5,2,0,1,1,0,0,0,0,0,1
11,3,3601245.0,2020,3,23,6,3,5,2,2,0,1,0,0,0,0,0,1
11,9,9401534.0,2020,3,8,2,3,1,5,0,1,1,0,0,0,0,0,1
11,12,12400720.0,2020,3,15,7,3,5,3,0,0,1,0,1,0,0,0,1
11,6,6200317.0,2020,3,14,4,3,1,5,0,1,1,0,0,0,0,0,1
11,9,9200511.0,2020,3,19,4,3,6,2,2,0,1,1,0,0,0,0,1
11,4,4300619.0,2020,3,18,5,2,6,4,2,0,1,1,0,0,0,0,1
11,7,7601236.0,2020,3,19,3,2,6,2,2,0,1,1,0,0,0,1,1
11,5,5400942.0,2020,3,16,2,3,0,1,0,0,0,0,1,0,0,0,1
11,5,5100315.0,2020,3,15,3,3,1,5,0,0,1,0,0,0,0,0,1
11,12,12500928.0,2020,3,18,3,2,6,2,2,0,1,1,0,0,0,1,1
11,7,7300515.0,2020,3,8,5,3,3,6,0,1,1,0,0,0,0,0,1
11,10,10100102.0,2020,3,14,2,3,5,2,0,0,1,0,0,0,0,0,1
11,1,1100205.0,2020,3,14,5,3,0,1,0,1,0,0,0,0,0,0,1
11,3,3601348.0,2020,3,20,6,2,5,3,2,0,1,0,0,0,0,1,1
11,9,9100408.0,2020,3,14,3,2,0,7,0,0,1,0,0,0,0,0,1
11,7,7501134.0,2020,3,13,4,2,6,4,0,0,1,1,0,0,0,0,1
11,7,7601341.0,2020,3,12,5,3,3,6,0,0,1,0,0,0,0,1,1
11,1,1300835.0,2020,3,18,3,3,5,3,2,1,1,0,0,0,0,1,1
11,6,6200423.0,2020,3,16,4,3,0,7,0,0,1,0,0,0,0,0,1
11,3,3100102.0,2020,3,11,7,3,5,2,0,1,1,0,0,0,0,0,1
11,3,3500934.0,2020,3,12,2,3,5,3,0,1,1,0,0,0,0,0,1
11,1,1400937.0,2020,3,12,3,3,5,2,0,1,1,0,0,0,0,0,1
11,5,5300838.0,2020,3,15,4,2,5,2,0,0,1,0,1,0,0,0,1
11,6,6100207.0,2020,3,13,5,2,5,2,0,0,0,0,1,0,1,0,1
11,1,1100207.0,2020,3,18,3,3,5,2,2,1,1,0,0,0,0,1,1
11,7,7400927.0,2020,3,15,4,2,1,5,0,0,0,0,1,0,1,0,1
11,9,9200717.0,2020,3,14,1,3,2,6,0,1,0,0,0,0,0,0,1
11,12,12500930.0,2020,3,13,3,3,6,7,0,1,0,1,0,0,0,0,1
11,9,9100101.0,2020,3,15,5,3,5,3,0,1,0,0,0,0,0,0,1
11,12,12200413.0,2020,3,16,1,3,5,3,0,1,0,0,0,0,0,0,1
11,6,6400838.0,2020,3,8,5,3,5,3,0,0,1,0,0,0,1,0,1
11,4,4200310.0,2020,3,8,4,3,2,6,0,0,1,0,0,0,1,0,1
11,7,7501031.0,2020,3,15,6,3,2,6,0,0,1,0,0,0,0,0,1
11,4,4300623.0,2020,3,11,3,3,2,6,0,0,1,0,0,0,0,0,1
11,11,11501339.0,2020,3,12,4,3,1,5,0,1,1,0,0,0,0,0,1
11,3,3300412.0,2020,3,9,5,3,1,5,0,1,1,0,0,0,0,0,1
11,1,1200517.0,2020,3,20,3,3,5,5,2,0,1,0,0,0,1,1,1
11,1,2400520.0,2020,3,14,4,3,6,4,0,0,1,0,0,0,1,0,1
11,12,12100102.0,2020,3,20,7,3,5,3,2,0,1,0,0,0,0,0,1
11,4,4500939.0,2020,3,11,2,3,2,6,0,0,0,0,1,0,1,0,1
11,2,2100105.0,2020,3,8,4,3,5,3,0,1,1,0,0,0,0,0,1
11,1,1200517.0,2020,3,20,7,3,2,2,2,0,1,0,0,0,0,0,1
11,3,3300514.0,2020,3,7,4,3,5,3,0,1,1,0,0,0,0,1,1
11,6,6200423.0,2020,3,14,5,3,5,3,0,0,1,0,1,0,0,0,1
11,1,1400938.0,2020,3,11,7,3,5,2,0,0,1,0,0,0,0,0,1
11,1,1100101.0,2020,3,16,3,3,2,6,1,0,1,0,0,0,0,1,1
11,3,3500936.0,2020,3,9,4,3,3,5,0,0,1,0,0,0,0,0,1
11,8,8200727.0,2020,3,11,6,3,2,7,0,0,1,0,0,0,0,1,1
11,5,5100316.0,2020,3,16,3,3,6,7,1,0,1,1,0,0,0,1,1
11,11,11200411.0,2020,3,17,2,3,5,3,0,1,1,0,0,0,0,0,1
11,4,4200310.0,2020,3,15,3,3,5,2,0,1,1,0,0,0,0,0,1
11,1,1100310.0,2020,3,8,4,3,0,5,0,1,1,0,0,0,0,0,1
11,3,3601243.0,2020,3,15,3,3,8,1,0,0,1,0,0,0,0,1,1
11,6,6200317.0,2020,3,15,7,2,0,1,0,1,0,0,0,0,0,0,1
11,3,3601347.0,2020,3,18,2,3,2,6,1,0,1,0,0,0,0,0,1
11,10,10100209.0,2020,3,7,4,2,5,3,0,1,1,0,0,0,0,0,1
11,5,5300840.0,2020,3,15,7,3,4,1,0,0,1,0,1,0,0,0,1
11,7,7100206.0,2020,3,16,4,3,0,1,0,0,0,0,1,0,0,0,1
11,12,12100103.0,2020,3,19,4,2,0,1,2,1,0,0,0,0,0,0,1
11,2,2300316.0,2020,3,15,5,3,0,7,0,1,0,0,0,0,0,0,1
11,4,4100101.0,2020,3,15,3,3,0,7,0,0,1,0,1,1,0,1,1
11,5,5100316.0,2020,3,8,2,3,5,7,0,0,1,0,1,0,0,0,1
11,1,1100416.0,2020,3,9,3,3,5,3,0,1,1,0,0,0,0,0,1
11,9,9100305.0,2020,3,6,4,2,5,3,0,1,1,0,0,0,0,0,1
11,10,10300731.0,2020,3,10,5,3,5,2,0,0,1,0,0,0,0,0,1
11,8,8100417.0,2020,3,9,6,3,2,5,0,0,1,0,0,0,1,0,1
11,4,4400830.0,2020,3,7,3,3,5,3,0,1,1,0,0,0,0,1,1
11,9,9200819.0,2020,3,14,2,3,3,6,0,0,1,0,0,1,0,0,1
11,8,8300934.0,2020,3,15,3,3,0,7,0,0,0,0,0,0,1,0,1
11,9,9501736.0,2020,3,15,3,3,2,7,0,0,1,0,0,0,0,1,1
11,2,2100101.0,2020,3,16,6,3,6,4,0,0,0,1,1,0,0,0,1
11,6,6100103.0,2020,3,18,2,3,6,7,1,1,0,1,0,0,0,0,1
11,6,6200315.0,2020,3,7,4,3,2,6,0,0,1,0,0,0,0,1,1
11,12,12500825.0,2020,3,14,7,3,5,2,0,1,1,0,0,0,0,0,1
11,3,3400830.0,2020,3,13,4,3,0,7,0,1,0,0,0,0,0,0,1
11,9,9502043.0,2020,3,18,4,3,5,3,1,1,1,0,0,0,0,0,1
11,11,11300724.0,2020,3,16,5,3,5,3,0,1,1,0,0,0,0,0,1
11,8,8401243.0,2020,3,14,3,2,0,7,0,1,0,0,0,0,0,1,1
11,12,12200309.0,2020,3,14,4,3,6,4,0,0,1,1,0,0,0,0,1
11,1,1100310.0,2020,3,19,1,2,0,7,2,0,1,0,0,0,0,0,1
11,12,12500930.0,2020,3,7,3,3,2,6,0,0,1,0,0,0,1,0,1
11,1,1401045.0,2020,3,14,3,3,3,6,0,0,1,0,0,0,1,1,1
11,9,9301126.0,2020,3,17,5,3,1,5,0,0,1,0,0,0,0,0,1
11,3,3601450.0,2020,3,1,2,3,7,7,2,1,0,0,0,0,0,0,1
11,1,1200518.0,2020,3,12,5,3,6,4,0,0,1,1,0,0,0,0,1
11,5,5300840.0,2020,3,12,3,3,5,2,0,0,1,0,0,0,0,1,1
11,3,3601141.0,2020,3,13,6,3,5,3,0,1,1,0,0,0,0,0,1
11,7,7501135.0,2020,3,16,2,3,6,4,0,0,0,1,0,0,1,0,1
11,10,10100311.0,2020,3,12,7,3,5,2,0,0,1,0,0,0,1,0,1
11,1,1100103.0,2020,3,20,3,3,5,3,2,1,1,0,0,0,0,0,1
11,1,1300733.0,2020,3,16,4,3,5,2,0,0,1,0,0,0,0,0,1
11,5,5100208.0,2020,3,13,5,3,1,5,0,0,1,0,0,0,1,0,1
11,6,6100102.0,2020,3,12,3,3,0,4,0,0,0,1,0,0,1,1,1
11,11,11100309.0,2020,3,14,4,2,2,6,0,0,1,0,0,0,0,0,1
11,9,9100202.0,2020,3,13,1,3,9,1,0,0,0,0,1,0,0,0,1
11,3,3501038.0,2020,3,11,3,3,1,5,0,1,1,0,0,0,0,0,1
11,5,5100316.0,2020,3,6,4,3,2,6,0,0,1,0,0,0,0,0,1
11,5,5100316.0,2020,3,0,5,2,2,2,2,0,1,0,0,0,0,0,1
11,6,6400735.0,2020,3,12,1,2,4,6,0,0,1,0,1,0,0,0,1
11,5,5100314.0,2020,3,15,5,2,0,1,0,1,0,0,0,0,0,0,1
11,12,12200515.0,2020,3,14,4,3,0,7,0,1,0,0,0,0,0,0,1
11,7,7501032.0,2020,3,14,6,3,6,4,0,0,1,1,0,0,0,0,1
11,6,6200423.0,2020,3,18,3,3,1,7,1,0,1,0,1,0,0,0,1
11,6,6100208.0,2020,3,10,4,3,0,4,0,0,1,1,0,0,0,0,1
11,2,2100101.0,2020,3,5,5,3,5,3,2,1,1,0,0,0,0,1,1
11,3,3300516.0,2020,3,18,6,3,0,1,2,0,0,0,1,0,0,1,1
11,3,3601346.0,2020,3,12,3,3,5,7,0,0,1,0,0,0,1,0,1
11,2,2200210.0,2020,3,12,4,3,5,2,0,0,1,0,0,1,0,0,1
11,4,4200311.0,2020,3,10,5,2,4,5,0,0,1,0,0,0,0,1,1
11,2,2300417.0,2020,3,12,3,3,5,3,0,0,1,0,0,0,0,1,1
11,8,8301036.0,2020,3,14,4,3,6,4,0,0,1,1,0,0,0,0,1
11,6,6400736.0,2020,3,11,7,3,6,4,0,0,1,1,0,0,0,0,1
11,8,8200624.0,2020,3,12,2,3,5,2,0,0,1,0,0,0,0,0,1
11,6,6100209.0,2020,3,11,5,3,1,7,0,0,1,0,0,0,0,0,1
11,2,2500836.0,2020,3,0,7,3,0,1,2,0,0,0,0,0,1,0,1
11,3,3400725.0,2020,3,11,3,3,5,3,0,0,1,0,0,0,0,1,1
11,8,8100521.0,2020,3,9,4,3,5,7,0,0,1,0,1,0,0,0,1
11,9,9501737.0,2020,3,11,6,3,6,2,0,0,1,1,0,0,0,0,1
11,4,4100101.0,2020,3,11,3,3,5,2,0,0,1,0,0,0,1,1,1
11,2,2300316.0,2020,3,17,2,3,0,6,0,0,1,0,1,0,0,0,1
11,3,3601244.0,2020,3,16,3,3,6,4,0,1,0,1,0,0,0,0,1
11,2,2400522.0,2020,3,7,3,3,3,6,1,1,1,0,0,0,0,0,1
11,7,7100102.0,2020,3,12,7,2,5,3,0,1,1,0,0,0,0,0,1
11,6,6200421.0,2020,3,8,2,3,2,6,0,0,1,0,0,0,0,0,1
11,4,4300621.0,2020,3,20,4,3,1,5,2,1,1,0,0,0,0,0,1
11,4,4200310.0,2020,3,10,3,3,2,6,0,0,1,0,1,0,1,1,1
11,12,12500929.0,2020,3,18,7,2,5,3,1,0,1,0,1,0,0,0,1
11,4,4300623.0,2020,3,10,2,3,0,7,0,1,0,0,0,0,0,0,1
11,5,5200629.0,2020,3,17,7,3,5,3,0,0,1,0,0,0,0,0,1
11,1,1100308.0,2020,3,21,4,3,9,1,2,0,0,0,1,0,0,0,1
11,1,1300836.0,2020,3,18,4,3,0,7,2,0,0,0,1,0,1,1,1
11,1,1100102.0,2020,3,2,6,3,8,1,2,0,1,0,0,0,0,0,1
11,5,5300840.0,2020,3,9,3,3,5,7,0,0,1,0,1,0,0,1,1
11,4,4300620.0,2020,3,11,2,2,5,7,0,0,1,0,0,1,0,0,1
11,8,8200831.0,2020,3,21,3,3,1,5,2,0,1,0,1,0,0,0,1
11,12,12200412.0,2020,3,8,3,3,6,4,0,0,1,1,0,0,0,0,1
11,4,4300623.0,2020,3,13,6,3,2,7,0,0,0,0,1,0,1,0,1
11,10,10100316.0,2020,3,16,2,3,2,6,0,0,1,0,0,0,0,0,1
11,3,3500934.0,2020,3,13,7,3,5,3,0,1,1,0,0,0,0,0,1
11,1,1100101.0,2020,3,10,4,3,5,3,0,0,1,0,0,0,0,0,1
11,7,7100102.0,2020,3,15,4,3,5,3,0,0,1,0,0,0,1,0,1
11,2,2500729.0,2020,3,14,5,3,5,5,0,0,1,0,0,0,0,0,1
11,4,4300415.0,2020,3,8,3,3,0,5,0,1,1,0,0,0,0,0,1
11,12,12200412.0,2020,3,15,7,3,5,2,0,1,1,0,0,0,0,0,1
11,6,6400840.0,2020,3,15,4,3,8,1,0,0,1,0,0,0,0,0,1
11,5,5100211.0,2020,3,19,4,3,2,6,2,0,1,0,1,0,0,0,1
11,4,4300620.0,2020,3,18,5,3,1,5,2,1,0,0,0,0,1,0,1
11,3,3100103.0,2020,3,7,3,3,5,3,0,1,1,0,0,0,0,0,1
11,7,7501133.0,2020,3,5,2,2,0,1,1,0,0,0,1,0,0,0,1
11,4,4400830.0,2020,3,14,3,2,1,5,0,1,1,0,0,0,0,0,1
11,5,5300840.0,2020,3,9,2,3,2,6,0,0,1,0,0,0,0,1,1
11,7,7300619.0,2020,3,16,5,3,3,6,0,0,1,0,1,0,0,0,1
11,1,1300836.0,2020,3,15,2,3,5,3,0,0,1,0,0,0,0,0,1
11,3,3601245.0,2020,3,19,4,3,5,2,2,0,1,0,0,0,0,0,1
11,10,10100104.0,2020,3,22,6,2,6,4,2,0,1,1,0,0,0,0,1
11,1,1401049.0,2020,3,15,3,3,2,6,0,0,1,0,0,0,0,0,1
11,9,9200819.0,2020,3,14,4,3,5,7,0,1,0,0,0,0,1,0,1
11,1,1100102.0,2020,3,11,5,3,0,7,0,1,0,0,0,0,0,1,1
11,7,7100102.0,2020,3,20,2,3,5,2,2,0,1,0,0,0,0,0,1
11,4,4501153.0,2020,3,14,4,3,2,2,0,0,1,0,0,0,0,0,1
11,12,12400618.0,2020,3,0,1,3,8,1,2,0,1,0,0,0,0,0,1
11,5,5200629.0,2020,3,11,2,3,0,3,0,0,1,0,1,0,0,0,1
11,10,10300733.0,2020,3,14,5,3,2,6,0,0,1,0,0,0,0,0,1
11,7,7601236.0,2020,3,11,7,3,1,5,0,0,1,0,0,0,0,0,1
11,9,9100304.0,2020,3,13,4,3,5,2,0,0,1,0,0,0,0,0,1
11,11,11300826.0,2020,3,16,1,2,6,7,0,0,1,1,0,0,0,0,1
11,9,9200511.0,2020,3,5,3,3,5,2,0,1,1,0,0,0,0,0,1
11,3,3501038.0,2020,3,16,5,2,5,3,0,0,1,0,1,0,0,0,1
11,2,2300314.0,2020,3,17,1,3,2,1,0,1,1,0,0,0,0,0,1
11,10,10400940.0,2020,3,10,5,3,5,2,0,1,1,0,0,0,0,0,1
11,3,3501038.0,2020,3,15,6,3,2,6,0,0,1,0,0,0,0,0,1
11,6,6100102.0,2020,3,12,3,3,5,3,0,1,1,0,0,0,0,0,1
11,1,7100101.0,2020,3,10,4,3,3,2,0,0,1,0,1,0,0,0,1
11,4,4200308.0,2020,3,9,5,3,5,2,0,0,1,0,0,0,0,1,1
11,3,3701657.0,2020,3,18,2,2,0,1,2,0,0,0,0,0,1,0,1
11,7,7100101.0,2020,3,13,4,3,2,6,0,1,1,0,0,0,0,0,1
11,12,1300730.0,2020,3,20,7,3,2,6,2,0,1,0,0,0,0,0,1
11,7,7300618.0,2020,3,11,2,3,1,5,0,1,1,0,0,0,0,0,1
11,1,1100308.0,2020,3,22,7,3,5,3,2,0,1,0,0,0,0,0,1
11,10,10100311.0,2020,3,8,4,3,2,6,0,0,0,0,0,0,1,0,1
11,9,9301228.0,2020,3,7,6,3,4,6,0,0,1,0,0,0,0,0,1
11,10,10300732.0,2020,3,16,2,3,3,6,1,0,1,0,0,0,0,1,1
11,7,7200412.0,2020,3,15,2,2,5,3,0,1,0,0,0,0,1,0,1
11,1,1100308.0,2020,3,16,4,3,0,3,0,1,1,0,0,0,0,0,1
11,8,8100209.0,2020,3,13,6,3,6,2,0,0,0,1,0,0,1,0,1
11,9,9100304.0,2020,3,15,2,3,6,4,0,0,1,1,0,0,0,0,1
11,7,7501134.0,2020,3,17,2,3,2,6,1,0,1,0,0,0,0,0,1
11,8,8200831.0,2020,3,12,3,3,1,5,0,0,1,0,0,0,0,0,1
11,4,4300619.0,2020,3,12,4,3,0,6,0,0,1,0,1,0,0,0,1
11,12,12500927.0,2020,3,15,2,3,1,5,0,0,1,0,1,0,0,1,1
11,4,4501150.0,2020,3,21,7,3,6,7,2,1,0,1,0,0,0,0,1
11,2,2100106.0,2020,3,20,2,3,5,2,2,0,1,0,0,0,0,0,1
11,3,3200204.0,2020,3,15,7,3,5,2,0,0,1,0,0,0,0,0,1
11,4,4200310.0,2020,3,17,4,2,6,4,0,0,1,1,0,0,0,0,1
11,2,2200211.0,2020,3,16,4,3,5,3,0,1,1,0,0,0,0,0,1
11,7,7300619.0,2020,3,14,5,3,2,6,0,0,1,0,0,0,0,0,1
11,12,12500824.0,2020,3,15,2,3,5,3,0,1,1,0,0,0,0,1,1