LAND,BEZ,LOR_ab_2021,UJAHR,UMONAT,USTUNDE,UWOCHENTAG,UKATEGORIE,UART,UTYP1,ULICHTVERH,IstRad,IstPKW,IstFuss,IstKrad,IstGkfz,IstSonstige,USTRZUSTAND,lockdown
11,2,2100106.0,2020,3,8,2,3,5,3,0,0,1,0,0,0,0,0,1
11,2,2400521.0,2020,3,17,3,3,5,2,1,1,1,0,0,0,0,0,1
11,6,6200422.0,2020,3,13,2,3,5,7,0,0,1,0,0,0,0,1,1
11,11,11400927.0,2020,3,10,6,3,5,2,0,0,1,0,1,0,0,0,1
11,4,4300416.0,2020,3,7,2,3,0,1,0,0,0,0,1,0,0,0,1
11,1,1400942.0,2020,3,15,2,3,2,6,0,0,1,0,0,0,1,0,1
11,12,12500824.0,2020,3,15,3,3,0,2,0,0,1,0,1,0,0,0,1
11,3,3500934.0,2020,3,12,2,3,0,3,0,0,0,0,0,0,1,1,1
11,5,5200420.0,2020,3,21,6,3,5,3,2,1,1,0,0,0,0,0,1
11,11,11300722.0,2020,3,7,2,3,5,2,0,1,1,0,0,0,0,0,1
11,9,9200715.0,2020,3,14,7,3,5,2,0,1,1,0,0,0,0,0,1
11,7,7100206.0,2020,3,13,4,3,6,4,0,0,1,1,0,0,0,0,1
11,1,1100313.0,2020,3,18,4,2,5,2,1,1,1,0,0,0,0,0,1
11,9,9200716.0,2020,3,18,5,3,5,3,2,0,1,0,0,0,1,0,1
11,12,12200412.0,2020,3,12,2,3,2,6,0,0,1,0,0,1,0,1,1
11,2,2100101.0,2020,3,19,2,3,0,1,2,1,0,0,0,0,0,0,1
11,6,6200313.0,2020,3,8,3,3,2,6,0,0,1,0,0,0,0,0,1
11,12,12200309.0,2020,3,22,2,3,5,3,2,0,1,0,0,0,1,0,1
11,1,1200517.0,2020,3,12,5,3,5,3,0,1,1,0,0,0,0,0,1
11,8,8401241.0,2020,3,14,2,3,3,5,0,1,1,0,0,0,0,0,1
11,8,8401243.0,2020,3,14,5,3,5,2,0,1,1,0,0,0,0,0,1
11,5,5100210.0,2020,3,18,6,3,5,7,2,0,1,0,0,0,0,1,1
11,11,11300722.0,2020,3,15,3,3,5,3,0,0,1,0,0,0,0,0,1
11,3,3200204.0,2020,3,13,4,2,8,1,0,0,0,0,1,0,0,0,1
11,1,1100101.0,2020,3,12,7,3,5,3,0,0,1,0,0,0,0,0,1
11,1,1100415.0,2020,3,18,3,3,6,4,1,0,1,1,0,0,0,0,1
11,3,3400620.0,2020,3,15,4,3,5,2,0,1,1,0,0,0,0,0,1
11,7,7300516.0,2020,3,13,5,2,6,7,0,0,0,1,0,0,1,0,1
11,6,6200316.0,2020,3,12,2,3,2,7,0,0,1,0,0,0,0,0,1
11,4,4400725.0,2020,3,13,4,3,5,2,0,1,1,0,0,0,0,0,1
11,11,11300620.0,2020,3,14,1,3,6,7,0,0,1,1,0,0,0,0,1
11,3,3601245.0,2020,3,13,3,2,5,2,0,1,1,0,0,0,0,0,1
11,7,7601238.0,2020,3,19,4,3,2,6,2,0,1,0,1,0,0,0,1
11,10,10400836.0,2020,3,2,5,3,4,7,2,1,0,0,0,0,0,0,1
11,5,5100103.0,2020,3,13,1,3,5,3,0,1,1,0,0,0,0,0,1
11,6,6400838.0,2020,3,17,5,3,5,3,0,0,1,0,0,0,0,0,1
11,3,3200309.0,2020,3,19,4,3,6,4,2,0,1,1,0,0,0,0,1
11,5,5200420.0,2020,3,15,6,3,5,3,0,0,1,0,0,0,0,0,1
11,7,7300619.0,2020,3,8,3,3,5,2,0,0,1,0,0,0,0,0,1
11,6,6200311.0,2020,3,11,4,3,1,1,0,0,1,0,1,0,1,0,1
11,12,12200414.0,2020,3,5,5,3,2,6,1,0,1,0,0,0,0,0,1
11,10,10100206.0,2020,3,11,2,2,1,5,0,0,1,0,0,0,0,1,1
11,2,2100102.0,2020,3,19,7,3,1,7,2,0,1,0,0,0,1,0,1
11,6,6300631.0,2020,3,10,2,3,2,1,0,1,0,0,0,1,0,0,1
11,8,8100209.0,2020,4,17,5,3,5,3,0,0,0,0,1,0,0,0,1
11,3,3400828.0,2020,4,18,4,3,5,3,1,1,1,0,0,0,0,0,1
11,7,7400823.0,2020,4,17,6,3,5,2,0,1,1,0,0,0,0,0,1
11,1,1300836.0,2020,4,19,5,3,6,4,2,0,1,1,0,0,0,0,1
11,5,5100317.0,2020,4,16,4,2,5,2,0,1,0,0,0,1,0,0,1
11,1,1200517.0,2020,4,15,6,3,0,7,0,1,0,0,0,0,0,0,1
11,7,7400823.0,2020,4,19,5,3,2,7,0,0,0,0,1,0,1,0,1
11,8,8401139.0,2020,4,17,1,3,3,6,0,1,1,0,0,0,0,0,1
11,9,9401329.0,2020,4,16,4,3,3,6,0,1,0,0,0,0,1,0,1
11,7,7400927.0,2020,4,18,5,2,6,7,0,0,0,1,0,0,1,0,1
11,11,11300722.0,2020,4,16,4,3,5,7,0,0,1,0,0,0,1,0,1
11,1,1401046.0,2020,4,9,5,2,3,6,0,0,1,0,0,0,0,0,1
11,6,6200421.0,2020,4,17,5,3,2,6,0,0,1,0,0,0,0,0,1
11,9,9100203.0,2020,4,15,4,3,5,2,0,1,1,0,0,0,0,0,1
11,1,1100309.0,2020,4,9,5,3,5,7,0,1,0,0,0,0,1,0,1
11,3,3601244.0,2020,4,22,3,3,2,7,2,0,1,0,1,0,0,0,1
11,3,3601140.0,2020,4,13,5,3,5,2,0,0,1,0,0,0,0,0,1
11,9,9301025.0,2020,4,15,1,3,5,3,0,1,1,0,0,0,0,0,1
11,9,9501939.0,2020,4,9,5,3,6,2,0,0,1,1,0,0,0,0,1
11,2,2200209.0,2020,4,18,5,3,5,2,0,0,1,0,1,0,0,0,1
11,8,8200832.0,2020,4,16,1,2,0,1,0,0,0,0,1,0,0,0,1
11,8,8200726.0,2020,4,18,5,3,2,6,0,0,1,0,0,0,0,0,1
11,3,3500936.0,2020,4,14,5,3,0,2,0,1,0,0,0,0,1,0,1
11,7,7601341.0,2020,4,15,4,3,1,5,0,1,1,0,0,0,0,0,1
11,7,7400721.0,2020,4,17,5,2,0,1,0,1,0,0,0,0,0,0,1
11,2,2200209.0,2020,4,16,5,3,5,2,0,1,1,0,0,0,0,0,1
11,6,6400841.0,2020,4,15,4,3,2,6,0,0,1,0,0,0,0,0,1
11,2,2100106.0,2020,4,17,5,3,5,2,0,1,1,0,0,0,0,0,1
11,3,3400826.0,2020,4,16,3,3,5,2,0,1,1,0,0,0,0,0,1
11,7,7400826.0,2020,4,16,5,3,2,7,0,1,1,0,0,0,0,0,1
11,4,4200311.0,2020,4,18,7,2,5,3,0,0,1,0,0,0,0,0,1
11,1,1200522.0,2020,4,15,5,2,5,2,0,1,1,0,0,0,0,0,1
11,9,9200715.0,2020,4,15,5,3,5,2,0,0,1,0,0,0,0,0,1
11,7,7601442.0,2020,4,13,4,3,5,2,0,0,1,0,1,0,0,0,1
11,4,4200204.0,2020,4,16,6,3,5,2,0,1,1,0,0,0,0,0,1
11,1,1400939.0,2020,4,15,5,3,5,3,0,0,1,0,0,0,0,0,1
11,9,9200510.0,2020,4,10,4,3,0,2,0,1,0,0,0,0,1,0,1
11,2,2200212.0,2020,4,17,6,3,2,6,0,0,1,0,1,0,0,0,1
11,9,9501939.0,2020,4,13,4,3,5,2,0,0,1,0,1,0,0,0,1
11,8,8200624.0,2020,4,15,5,3,6,4,0,0,1,1,0,0,0,0,1
11,10,10200418.0,2020,4,12,4,3,0,1,0,0,0,0,1,0,0,0,1
11,4,4100101.0,2020,4,15,5,3,5,2,0,0,1,0,0,0,0,0,1
11,8,8401243.0,2020,4,13,5,3,0,2,0,0,0,0,1,1,0,0,1
11,9,9200716.0,2020,4,10,4,3,6,2,0,0,1,1,0,0,0,0,1
11,2,2300315.0,2020,4,13,5,3,2,6,0,0,1,0,1,0,0,0,1
11,1,1100312.0,2020,4,13,3,3,2,6,0,0,1,0,0,0,0,0,1
11,5,5200524.0,2020,4,12,5,3,5,2,0,0,1,0,0,0,0,0,1
11,2,2500727.0,2020,4,12,5,3,2,6,0,0,1,0,0,0,0,0,1
11,6,6200313.0,2020,4,17,4,3,3,6,0,1,0,0,0,0,1,0,1
11,1,1100311.0,2020,4,10,4,3,5,3,0,1,1,0,0,0,0,0,1
11,3,3400619.0,2020,4,14,6,3,1,5,0,1,1,0,0,0,0,0,1
11,4,4300621.0,2020,4,17,4,3,6,4,0,1,0,1,0,0,0,0,1
11,6,6200313.0,2020,4,18,4,3,1,5,0,1,1,0,0,0,0,0,1
11,3,3601451.0,2020,4,15,6,3,5,2,0,1,1,0,0,0,0,0,1
11,4,4501043.0,2020,4,22,4,3,0,1,2,1,0,0,0,0,0,0,1
11,6,6200317.0,2020,4,9,1,2,5,3,0,0,1,0,1,0,0,0,1
11,5,5100315.0,2020,4,9,4,3,6,2,0,0,1,1,0,0,0,0,1
11,1,1100311.0,2020,4,20,4,3,3,3,2,0,1,0,1,0,0,0,1
11,12,12601133.0,2020,4,18,4,2,0,1,0,0,0,0,0,0,1,0,1
11,8,8200730.0,2020,4,14,2,2,5,2,0,1,0,0,0,0,0,0,1
11,1,1100310.0,2020,4,17,4,3,5,2,0,1,1,0,0,0,0,0,1
11,7,7501031.0,2020,4,16,4,3,2,6,0,0,1,0,0,1,1,0,1
11,9,9501737.0,2020,4,10,4,3,1,5,0,0,1,0,0,0,0,0,1
11,9,9502043.0,2020,4,16,4,3,0,7,0,1,0,0,0,0,0,0,1
11,6,6400736.0,2020,4,9,6,3,4,2,0,0,1,0,0,0,1,0,1
11,8,8100521.0,2020,4,15,4,3,0,6,0,1,1,0,0,0,0,0,1
11,12,12200309.0,2020,4,13,4,3,6,7,0,0,1,1,0,0,0,0,1
11,8,8200727.0,2020,4,9,6,3,2,6,0,0,1,0,0,0,0,0,1
11,10,10300731.0,2020,4,14,4,3,5,3,0,1,1,0,0,0,0,0,1
11,1,1400941.0,2020,4,19,1,3,4,6,0,0,1,0,1,0,0,0,1
11,10,10300733.0,2020,3,9,3,2,0,1,0,1,0,0,0,0,0,0,1
11,9,9200717.0,2020,4,14,4,3,1,5,0,1,1,0,0,0,0,0,1
11,12,12100205.0,2020,3,12,3,3,2,6,0,0,1,0,0,0,0,0,1
11,12,12500930.0,2020,4,14,4,3,5,3,0,0,1,0,0,0,0,0,1
11,4,4200310.0,2020,4,16,5,3,0,7,0,1,1,0,0,0,0,1,1
11,12,12601235.0,2020,3,9,3,2,6,4,0,0,1,1,0,0,0,0,1
11,4,4200207.0,2020,3,8,3,3,2,7,0,0,1,0,1,0,0,0,1
11,11,11200512.0,2020,4,14,4,3,5,2,0,1,1,0,0,0,0,0,1
11,6,6400735.0,2020,4,14,4,3,5,3,0,1,1,0,0,0,0,0,1
11,10,10100206.0,2020,3,7,3,3,5,3,0,0,1,0,0,0,1,0,1
11,4,4300412.0,2020,4,13,4,3,2,6,0,0,1,0,0,0,1,0,1
11,9,9502043.0,2020,4,12,3,3,2,6,0,0,1,0,0,0,0,0,1
11,12,12500926.0,2020,4,20,5,3,5,3,1,1,1,0,0,0,0,0,1
11,2,2400521.0,2020,4,13,4,3,5,7,0,0,1,0,1,0,0,0,1
11,8,8100419.0,2020,4,15,1,2,3,6,0,1,0,0,1,0,0,0,1
11,5,5100208.0,2020,4,12,4,3,2,6,0,0,1,0,0,0,0,0,1
11,3,3300517.0,2020,4,12,4,3,5,7,0,1,1,0,0,0,0,0,1
11,11,11300721.0,2020,3,17,3,3,5,3,0,1,0,0,0,0,0,0,1
11,1,1401049.0,2020,4,12,4,3,2,6,0,0,1,0,0,0,0,0,1
11,1,1200628.0,2020,4,15,5,3,5,2,0,1,1,0,0,0,0,0,1
11,3,3300412.0,2020,3,15,3,3,5,3,0,0,1,0,0,0,0,0,1
11,4,4501150.0,2020,4,11,4,3,6,7,0,0,1,1,0,0,0,0,1
11,3,3300411.0,2020,4,15,3,3,5,3,0,0,1,0,1,0,0,0,1
11,11,11200411.0,2020,4,9,4,3,5,3,0,0,1,0,0,0,0,0,1
11,4,4500939.0,2020,4,7,4,3,5,2,0,0,1,0,0,0,0,0,1
11,1,1100102.0,2020,4,17,3,3,0,1,0,1,0,0,0,0,0,0,1
11,1,1100207.0,2020,4,7,4,3,5,3,0,1,0,0,0,0,1,0,1
11,9,9502043.0,2020,4,22,7,3,8,1,2,0,1,0,0,0,0,0,1
11,11,11300620.0,2020,4,4,4,3,5,2,2,0,1,0,1,0,0,0,1
11,2,1100311.0,2020,4,17,3,3,3,6,0,1,1,0,0,0,0,0,1
11,10,10100311.0,2020,3,15,3,3,2,6,0,0,1,0,0,1,1,0,1
11,9,9502043.0,2020,4,8,3,2,5,2,0,0,1,0,1,0,0,0,1
11,5,5200423.0,2020,4,9,5,3,2,1,0,0,1,0,0,0,0,0,1
11,1,1100310.0,2020,4,17,6,3,1,6,0,1,1,0,0,0,0,0,1
11,4,4200311.0,2020,3,12,3,3,6,7,0,1,0,1,0,0,0,0,1
11,11,11400931.0,2020,4,16,3,3,2,7,0,1,1,0,0,0,0,0,1
11,1,1100311.0,2020,4,14,2,3,5,3,0,1,1,0,0,0,0,0,1
11,5,5200528.0,2020,4,15,3,3,5,3,0,1,0,0,0,0,1,0,1
11,12,12200411.0,2020,4,14,3,2,5,3,0,1,1,0,0,0,0,0,1
11,12,12601134.0,2020,4,13,3,3,0,1,0,0,0,0,1,0,0,0,1
11,6,6200313.0,2020,3,11,3,3,2,2,0,0,1,0,0,0,0,0,1
11,1,1300731.0,2020,4,2,6,3,1,5,2,0,1,0,0,0,0,0,1
11,4,4100101.0,2020,4,16,3,2,5,3,0,1,1,0,0,0,0,0,1
11,8,8100312.0,2020,4,17,4,3,6,4,0,1,0,1,0,0,0,0,1
11,1,1100205.0,2020,4,16,3,3,5,3,0,1,1,0,0,0,0,0,1
11,8,8300935.0,2020,4,16,3,3,0,2,0,0,1,0,1,0,0,0,1
11,6,6200313.0,2020,3,17,2,3,5,3,0,0,1,0,0,0,0,1,1
11,6,6400839.0,2020,4,0,6,3,8,1,2,0,1,0,0,0,0,0,1
11,7,7501133.0,2020,4,17,3,3,5,3,0,1,1,0,0,0,0,0,1
11,8,8100104.0,2020,4,20,4,3,1,5,2,1,1,0,0,0,1,0,1
11,2,2300316.0,2020,4,16,6,3,6,7,0,0,1,1,0,0,0,0,1
11,6,6200422.0,2020,4,18,3,3,5,3,0,1,1,0,0,0,0,0,1
11,10,10400837.0,2020,4,14,1,3,1,5,0,1,1,0,0,0,0,0,1
11,9,9100306.0,2020,4,16,7,3,2,2,0,0,1,0,0,0,0,0,1
11,11,11100204.0,2020,4,22,3,3,5,3,2,1,1,0,0,0,0,0,1
11,12,12400618.0,2020,4,12,3,3,1,5,0,1,1,0,0,0,0,0,1
11,2,2100101.0,2020,4,12,3,3,5,2,0,1,1,0,0,0,0,0,1
11,3,3100103.0,2020,3,13,2,3,5,3,0,1,1,0,0,0,0,1,1
11,9,9502043.0,2020,4,17,5,3,2,6,0,0,1,0,0,0,0,0,1
11,12,12100205.0,2020,4,12,3,3,0,7,0,0,1,0,0,0,1,0,1
11,4,4200308.0,2020,4,12,4,3,5,2,0,0,1,0,1,0,0,0,1
11,9,9100306.0,2020,4,13,5,2,2,6,0,0,1,0,1,0,0,0,1
11,7,7501133.0,2020,4,14,7,3,6,4,0,0,1,1,0,0,0,0,1
11,11,11300722.0,2020,4,11,3,3,5,3,0,0,1,0,0,0,0,0,1
11,3,3400618.0,2020,4,17,1,3,3,6,0,1,0,0,0,0,0,0,1
11,1,1400938.0,2020,4,14,6,3,5,2,0,1,1,0,0,0,0,0,1
11,12,12100206.0,2020,4,13,7,3,6,4,0,0,1,1,0,0,0,0,1
11,2,2500833.0,2020,4,11,3,3,0,3,0,0,1,0,1,0,0,0,1
11,9,9401635.0,2020,4,20,1,2,0,7,2,0,0,0,1,0,0,1,1
11,8,8200623.0,2020,3,11,2,2,0,7,0,1,0,0,0,0,0,0,1
11,5,5300736.0,2020,4,10,3,3,5,3,0,0,1,0,1,0,0,0,1
11,4,4100101.0,2020,3,11,2,2,8,1,0,0,1,0,0,0,0,0,1
11,11,11401137.0,2020,4,10,3,3,9,1,0,0,1,0,0,0,0,0,1
11,7,7501031.0,2020,4,17,5,3,0,3,0,0,1,0,1,0,0,0,1
11,4,4300623.0,2020,4,9,3,2,6,4,0,1,0,1,0,0,0,0,1
11,10,10100205.0,2020,3,9,2,3,5,2,0,1,1,0,0,0,0,0,1
11,9,9300920.0,2020,4,9,3,3,1,5,0,1,1,0,0,0,0,0,1
11,12,12500825.0,2020,4,7,3,2,5,3,0,0,1,0,0,0,0,0,1
11,2,2100106.0,2020,4,13,7,2,5,2,0,0,1,0,1,0,0,0,1
11,1,1401047.0,2020,4,16,2,3,3,6,0,1,1,0,0,1,0,0,1
11,9,9501939.0,2020,4,15,1,2,5,2,0,1,1,0,0,0,0,0,1
11,11,11300721.0,2020,4,13,2,3,0,1,0,0,0,0,1,0,0,1,1
11,11,11300724.0,2020,4,13,2,3,5,3,0,1,1,0,0,0,0,0,1
11,1,1200519.0,2020,3,9,2,2,0,1,0,0,0,0,1,0,0,0,1
11,12,12400723.0,2020,4,13,2,2,6,4,0,1,0,1,0,0,0,0,1
11,8,8100521.0,2020,4,14,5,2,5,7,0,0,1,0,1,0,0,0,1
11,1,1300732.0,2020,4,12,2,3,5,2,0,1,1,0,0,0,0,0,1
11,8,8300934.0,2020,4,11,2,3,0,6,0,0,1,0,0,0,1,0,1
11,6,6300630.0,2020,3,8,2,3,5,7,0,1,1,0,0,0,0,0,1
11,12,12200413.0,2020,4,11,2,3,5,3,0,0,1,0,0,0,0,0,1
11,12,12500930.0,2020,4,16,5,3,6,7,0,0,1,1,0,0,0,0,1
11,7,7601545.0,2020,3,8,2,3,5,2,0,1,1,0,0,0,0,0,1
11,2,2500726.0,2020,4,20,2,3,6,4,1,0,0,1,0,0,1,0,1
11,6,6300633.0,2020,4,16,3,3,6,2,0,0,1,1,0,0,0,0,1
11,12,12601031.0,2020,4,12,7,3,5,3,0,1,1,0,0,0,0,0,1
11,10,10100311.0,2020,4,11,2,3,5,2,0,1,1,0,0,0,0,0,1
11,7,7300619.0,2020,4,18,7,2,0,5,0,1,1,0,0,0,0,0,1
11,5,5100211.0,2020,4,11,2,3,5,3,0,1,1,0,0,0,0,0,1
11,5,5300735.0,2020,4,19,2,3,6,4,1,0,1,1,0,0,0,0,1
11,7,7400927.0,2020,3,10,2,1,4,6,0,0,0,0,1,1,0,0,1
11,12,12100205.0,2020,4,8,5,3,0,3,0,1,0,0,0,0,1,0,1
11,11,11200514.0,2020,4,11,2,3,5,2,0,0,1,0,0,0,0,0,1
11,7,7501030.0,2020,4,7,5,3,6,4,0,0,1,1,0,0,0,0,1
11,11,11400927.0,2020,4,16,6,3,5,3,0,1,1,0,0,0,0,0,1
11,5,5100209.0,2020,3,17,1,3,1,5,0,1,1,0,0,0,0,0,1
11,4,4400728.0,2020,4,10,2,3,6,2,0,0,1,1,0,0,0,0,1
11,9,9301126.0,2020,4,9,2,3,0,7,0,0,1,0,1,0,0,1,1
11,7,7100102.0,2020,3,0,1,3,5,2,2,0,1,0,0,0,0,0,1
11,5,5200629.0,2020,4,10,2,3,1,5,0,0,1,0,1,0,0,0,1
11,4,4200308.0,2020,4,15,3,3,2,6,0,0,1,0,0,0,0,0,1
11,2,2400522.0,2020,4,6,2,3,5,2,0,0,1,0,1,0,0,0,1
11,7,7501134.0,2020,4,18,2,3,5,2,1,0,1,0,1,0,0,0,1
11,10,10100205.0,2020,4,18,2,3,5,3,0,1,1,0,0,0,0,0,1
11,4,6400737.0,2020,3,11,7,3,0,1,0,1,0,0,0,0,0,0,1
11,1,1100308.0,2020,4,17,5,3,2,6,0,0,1,0,1,0,0,0,1
11,1,1400942.0,2020,4,2,2,3,8,1,2,0,1,0,0,0,0,0,1
11,2,2300314.0,2020,4,19,4,2,5,3,1,0,1,0,0,0,0,0,1
11,1,1400938.0,2020,4,15,6,3,2,6,0,0,1,0,1,0,0,0,1
11,6,6400838.0,2020,4,11,7,3,0,2,0,1,1,0,0,0,0,0,1
11,12,12601235.0,2020,4,18,2,3,5,7,0,0,1,0,1,0,0,0,1
11,6,6300527.0,2020,4,10,1,3,1,5,0,1,1,0,0,0,0,0,1
11,4,4200310.0,2020,4,9,7,3,5,3,0,0,1,0,0,0,0,0,1
11,2,2200208.0,2020,4,2,2,2,5,3,2,1,1,0,0,0,0,0,1
11,3,3501038.0,2020,4,17,2,3,2,6,0,0,1,0,0,0,0,0,1
11,5,5300736.0,2020,4,16,2,3,0,6,0,0,1,0,0,0,1,0,1
11,4,4300517.0,2020,4,17,2,3,5,7,0,1,1,0,0,0,0,0,1
11,6,6400841.0,2020,4,15,2,3,1,5,0,0,1,0,0,0,0,0,1
11,9,9200510.0,2020,4,15,2,3,5,2,0,1,0,0,0,1,0,0,1
11,1,1100310.0,2020,3,13,7,3,0,2,0,0,0,0,1,0,1,0,1
11,10,10400940.0,2020,4,11,5,3,2,2,0,0,1,0,0,0,1,0,1
11,6,6400840.0,2020,4,14,2,3,8,1,0,0,1,0,0,0,0,0,1
11,4,4501042.0,2020,4,15,4,3,5,2,0,0,1,0,0,0,0,0,1
11,1,1200519.0,2020,4,19,6,3,5,3,0,1,1,0,0,0,0,0,1
11,9,9100101.0,2020,4,13,2,2,5,2,0,0,1,0,1,0,0,0,1
11,2,2300316.0,2020,4,19,1,3,5,3,1,0,1,0,1,0,0,0,1
11,6,6400842.0,2020,3,15,7,2,5,3,0,1,1,0,0,0,0,0,1
11,9,9100304.0,2020,4,17,1,3,3,6,0,1,1,0,0,0,0,0,1
11,5,5200631.0,2020,3,16,7,3,5,3,0,1,0,0,0,0,0,0,1
11,4,4400728.0,2020,4,14,1,3,5,3,0,1,0,0,1,0,0,0,1
11,1,1200628.0,2020,4,17,5,3,5,2,0,1,1,0,0,0,0,0,1
11,7,7400928.0,2020,3,18,7,3,1,5,0,0,1,0,0,0,0,0,1
11,4,4300518.0,2020,4,14,1,3,0,3,0,0,1,0,1,0,0,0,1
11,8,8200727.0,2020,4,18,3,3,5,3,0,1,1,0,0,0,0,0,1
11,6,6200422.0,2020,4,7,7,3,0,1,0,0,0,0,1,0,0,0,1
11,6,6400735.0,2020,3,18,7,2,0,6,1,1,0,0,0,0,1,0,1
11,6,6400735.0,2020,4,13,1,3,5,2,0,1,1,0,0,0,0,0,1
11,3,3601142.0,2020,4,11,3,3,6,2,0,0,1,1,0,0,0,0,1
11,11,11100206.0,2020,4,8,5,3,6,4,0,0,1,1,0,0,0,0,1
11,10,10400941.0,2020,4,12,1,3,1,3,0,1,1,0,0,0,1,0,1
11,1,1100416.0,2020,4,15,1,3,0,1,0,1,0,0,0,0,0,0,1
11,4,4100101.0,2020,4,12,1,3,2,6,0,0,1,0,0,0,0,0,1
11,2,2500831.0,2020,4,19,1,3,0,1,1,1,0,0,0,0,0,0,1
11,1,1100309.0,2020,3,12,7,3,1,5,0,0,1,0,0,0,0,0,1
11,8,8100104.0,2020,4,19,1,3,5,7,1,1,1,0,0,0,0,0,1
11,1,1100103.0,2020,4,15,5,3,5,2,0,0,1,0,0,0,0,0,1
11,12,12100102.0,2020,3,12,7,2,5,3,0,0,1,0,1,0,0,0,1
11,8,8100208.0,2020,4,17,1,3,5,3,0,1,1,0,0,0,0,0,1
11,1,1400942.0,2020,4,15,3,3,2,6,0,0,1,0,0,0,0,0,1
11,2,2500727.0,2020,4,16,7,3,3,6,0,0,1,0,1,0,0,0,1
11,12,12200411.0,2020,4,17,7,3,2,6,0,0,1,0,0,0,1,0,1
11,12,12500926.0,2020,4,10,7,3,5,2,0,1,0,0,0,0,1,0,1
11,9,9401433.0,2020,4,13,7,3,0,5,0,0,1,0,0,0,0,0,1
11,8,8200726.0,2020,3,12,7,3,5,2,0,1,1,0,0,0,0,0,1
11,12,12100103.0,2020,4,17,7,3,1,6,0,1,1,0,0,0,0,0,1
11,1,1300730.0,2020,4,21,7,3,2,6,2,0,1,0,1,0,0,0,1
11,11,11300620.0,2020,4,18,7,2,5,2,0,1,1,0,0,0,0,0,1
11,3,3601452.0,2020,4,17,7,3,4,6,0,1,0,0,0,0,0,0,1
11,6,6100208.0,2020,3,10,7,3,5,2,0,0,1,0,1,0,0,0,1
11,12,12100206.0,2020,4,16,7,2,1,7,0,0,1,0,1,0,0,0,1
11,9,9501939.0,2020,4,11,5,3,5,3,0,0,1,0,0,0,0,0,1
11,4,4300415.0,2020,4,18,6,3,0,3,0,1,1,0,0,0,0,0,1
11,12,12200310.0,2020,3,7,7,3,5,3,0,0,1,0,0,0,0,0,1
11,2,2400521.0,2020,4,16,7,2,5,3,0,1,1,0,0,0,0,0,1
11,4,4300412.0,2020,4,12,3,3,6,2,0,0,1,1,0,0,0,0,1
11,6,6200314.0,2020,4,23,6,3,1,5,2,1,1,0,0,0,0,0,1
11,9,9200613.0,2020,4,16,7,3,2,6,0,0,1,0,0,0,0,0,1
11,2,2500833.0,2020,4,15,7,3,2,1,0,1,1,0,0,0,0,0,1
11,11,11401137.0,2020,4,15,7,3,0,1,0,1,0,0,0,0,0,0,1
11,8,8200728.0,2020,3,2,7,2,1,5,2,0,1,0,1,0,0,0,1
11,10,10200421.0,2020,4,11,5,3,3,6,0,0,0,0,0,1,1,0,1
11,2,2400521.0,2020,4,14,7,3,5,2,0,1,1,0,0,0,0,0,1
11,4,4501041.0,2020,4,17,4,3,6,7,0,1,0,1,0,0,0,0,1
11,7,7200414.0,2020,4,15,6,3,5,2,0,1,1,0,0,0,0,0,1
11,4,4200207.0,2020,4,13,7,3,5,7,0,1,0,0,0,0,0,0,1
11,7,7501133.0,2020,4,2,1,2,1,1,2,0,1,0,0,0,0,0,1
11,10,10400938.0,2020,4,11,5,3,5,3,0,1,1,0,0,0,0,0,1
11,5,5200633.0,2020,4,13,7,3,2,6,0,0,1,0,0,0,0,0,1
11,5,5100210.0,2020,4,21,4,2,0,3,2,1,0,0,0,0,1,0,1
11,4,4500937.0,2020,4,16,6,3,2,6,0,0,1,0,0,0,0,0,1
11,2,2400521.0,2020,4,13,7,3,2,2,0,1,1,0,0,0,0,0,1
11,9,9100203.0,2020,4,12,1,3,5,2,0,0,1,0,0,0,0,0,1
11,9,9501838.0,2020,4,10,7,3,0,1,0,1,0,0,0,0,0,0,1
11,6,6200316.0,2020,4,9,7,3,1,5,0,1,1,0,0,0,0,0,1
11,8,8100418.0,2020,4,15,6,3,3,6,0,1,0,0,0,0,0,0,1
11,6,6100102.0,2020,3,10,6,3,0,3,0,0,1,0,0,0,1,0,1
11,6,6300633.0,2020,4,11,5,3,2,6,0,0,1,0,0,0,0,0,1
11,2,2200210.0,2020,4,9,6,3,5,2,0,1,1,0,0,0,0,0,1
11,6,6300634.0,2020,4,13,4,2,5,2,0,0,1,0,0,0,0,0,1
11,6,6100208.0,2020,4,11,5,3,0,3,0,1,0,0,0,0,1,0,1
11,2,2200213.0,2020,4,21,6,3,5,3,2,1,1,0,0,0,0,0,1
11,10,10200418.0,2020,4,18,1,3,5,2,0,0,1,0,0,0,0,0,1
11,1,1100206.0,2020,4,11,6,3,6,7,0,0,0,1,0,0,1,0,1
11,6,6200422.0,2020,3,10,6,3,0,6,0,0,1,0,0,0,1,0,1
11,3,3701660.0,2020,3,9,6,3,0,5,0,1,1,0,0,0,0,0,1
11,1,1100310.0,2020,4,11,6,3,1,5,0,1,1,0,0,0,0,0,1
11,11,11400931.0,2020,3,7,6,3,5,2,0,0,1,0,0,0,0,0,1
11,8,8301036.0,2020,4,10,6,3,5,3,0,1,1,0,0,0,0,0,1
11,1,1400942.0,2020,4,18,5,3,5,3,0,0,1,0,0,0,1,0,1