LAND,BEZ,LOR_ab_2021,UJAHR,UMONAT,USTUNDE,UWOCHENTAG,UKATEGORIE,UART,UTYP1,ULICHTVERH,IstRad,IstPKW,IstFuss,IstKrad,IstGkfz,IstSonstige,USTRZUSTAND,lockdown
11,11,11200513.0,2020,8,20,2,2,5,2,0,0,1,0,1,0,0,0,0
11,7,7300618.0,2020,8,20,6,3,0,7,1,0,1,0,0,0,0,0,0
11,1,1400939.0,2020,8,15,2,3,5,2,0,1,1,0,0,0,0,0,0
11,3,3400721.0,2020,8,8,6,3,1,5,0,1,1,0,0,0,0,0,0
11,6,6100209.0,2020,8,9,3,3,5,3,0,1,1,0,0,0,0,0,0
11,4,4300412.0,2020,8,6,4,3,2,6,0,0,1,0,0,1,0,0,0
11,4,4200309.0,2020,8,18,2,3,5,3,0,0,1,0,0,0,0,0,0
11,5,5200629.0,2020,8,13,2,3,2,6,0,0,1,0,0,0,0,1,0
11,6,6400737.0,2020,8,17,5,3,2,6,0,0,1,0,0,0,0,0,0
11,1,1100312.0,2020,8,17,2,2,5,3,0,1,1,0,0,0,0,0,0
11,5,5100207.0,2020,8,7,7,3,5,3,0,1,1,0,0,0,0,0,0
11,1,1100310.0,2020,8,18,3,3,6,7,0,1,0,1,0,0,0,0,0
11,10,10400941.0,2020,8,13,2,3,1,7,0,0,1,0,0,0,0,0,0
11,9,9501838.0,2020,8,17,2,3,0,1,0,0,0,0,1,0,0,1,0
11,4,4501042.0,2020,8,20,7,3,5,2,1,0,1,0,1,0,0,0,0
11,8,8100105.0,2020,8,18,4,3,3,6,0,0,1,0,0,0,0,0,0
11,4,4501146.0,2020,8,17,2,3,1,5,0,0,1,0,0,0,0,1,0
11,6,6400842.0,2020,8,18,6,3,3,6,0,1,0,0,0,0,0,0,0
11,11,11501238.0,2020,8,13,2,3,4,6,0,1,0,0,0,0,0,0,0
11,4,4500937.0,2020,8,18,5,3,3,6,0,1,0,0,0,0,1,0,0
11,7,7300517.0,2020,8,22,3,2,0,1,2,1,0,0,0,0,0,0,0
11,8,8401243.0,2020,8,6,4,3,1,5,0,1,1,0,0,0,0,0,0
11,5,5200630.0,2020,8,17,2,3,5,3,0,0,1,0,0,0,0,1,0
11,11,11501340.0,2020,8,16,1,3,2,6,0,0,1,0,0,0,0,0,0
11,9,9200510.0,2020,8,11,2,3,6,7,0,1,0,1,0,0,0,0,0
11,1,1300733.0,2020,8,15,5,3,5,2,0,1,1,0,0,0,0,0,0
11,11,11300619.0,2020,8,17,2,3,0,2,0,1,1,0,0,0,0,1,0
11,11,11300725.0,2020,8,11,7,3,6,4,0,0,1,1,0,0,0,0,0
11,1,1300836.0,2020,8,23,3,3,5,3,2,0,1,0,0,0,1,0,0
11,4,4400727.0,2020,8,16,2,2,5,3,0,1,1,0,0,0,0,0,0
11,2,2400521.0,2020,8,16,6,3,5,2,0,1,1,0,0,0,0,0,0
11,7,7100103.0,2020,8,23,3,3,5,2,2,1,1,0,0,0,0,0,0
11,4,4200308.0,2020,8,16,2,2,2,6,0,0,0,0,0,1,0,1,0
11,3,3400721.0,2020,8,8,5,3,5,3,0,1,1,0,0,0,0,0,0
11,5,5100316.0,2020,8,21,3,3,5,2,1,1,1,0,0,0,0,0,0
11,5,5100211.0,2020,8,17,6,3,5,7,0,1,1,0,0,0,0,0,0
11,3,3400723.0,2020,8,21,3,3,6,2,1,0,1,1,0,0,0,0,0
11,7,7601544.0,2020,8,11,2,3,0,6,0,0,1,0,0,0,1,0,0
11,12,12200515.0,2020,8,10,5,3,5,3,0,0,1,0,0,0,0,0,0
11,7,7400822.0,2020,8,19,3,3,5,3,0,0,1,0,0,0,0,0,0
11,12,12500926.0,2020,8,10,2,3,0,3,0,0,1,0,0,0,0,0,0
11,8,8100104.0,2020,8,21,1,3,2,6,2,0,1,0,0,0,0,0,0
11,4,4501041.0,2020,8,14,1,2,2,6,0,0,1,0,0,0,0,0,0
11,7,7300517.0,2020,8,14,5,3,5,2,0,1,1,0,0,0,0,0,0
11,1,1400937.0,2020,8,10,1,3,5,2,0,0,1,0,1,0,0,0,0
11,2,2500832.0,2020,8,15,7,2,2,6,0,0,1,0,0,0,0,0,0
11,9,9100407.0,2020,8,7,1,3,0,7,0,0,1,1,0,0,0,0,0
11,1,1401047.0,2020,8,14,6,3,5,3,0,1,1,0,0,0,0,0,0
11,9,9200511.0,2020,8,19,3,3,5,3,0,1,1,0,0,0,0,0,0
11,2,2500726.0,2020,8,22,1,3,5,3,2,0,1,0,0,0,0,0,0
11,9,9401330.0,2020,8,22,1,2,0,1,2,1,0,0,0,0,0,1,0
11,6,6200317.0,2020,8,20,5,3,5,3,1,0,1,0,0,0,0,0,0
11,1,1200624.0,2020,8,11,3,3,2,6,0,0,1,0,0,0,0,0,0
11,2,2500728.0,2020,8,21,1,3,1,5,2,0,1,0,0,0,1,0,0
11,3,3500934.0,2020,8,10,1,3,3,6,0,1,1,0,0,0,0,0,0
11,5,5300737.0,2020,8,22,4,3,5,2,2,0,1,0,0,0,0,0,0
11,3,3601141.0,2020,8,18,1,2,5,3,0,1,1,0,0,0,0,0,0
11,1,1300730.0,2020,8,22,6,2,6,4,2,0,1,1,0,0,0,0,0
11,7,7100205.0,2020,8,3,1,2,8,1,2,0,0,0,0,0,1,0,0
11,1,1300733.0,2020,8,10,1,3,2,6,0,0,1,0,0,0,0,0,0
11,4,4300622.0,2020,8,12,5,3,2,6,0,0,1,0,1,0,0,0,0
11,9,9301126.0,2020,8,13,1,3,2,6,0,1,1,0,0,0,0,0,0
11,1,1300836.0,2020,8,20,7,3,0,7,1,1,0,0,0,0,0,0,0
11,1,1100311.0,2020,8,12,1,3,0,7,0,1,0,0,0,0,0,0,0
11,8,8300934.0,2020,8,13,6,3,0,6,0,0,1,0,0,0,1,0,0
11,6,6300629.0,2020,8,9,3,3,5,3,0,1,1,0,0,0,0,0,0
11,7,7100102.0,2020,8,11,2,3,5,2,0,1,1,0,0,0,0,0,0
11,2,2500727.0,2020,8,13,1,3,0,7,0,0,0,0,0,0,1,0,0
11,8,8100418.0,2020,8,9,1,2,0,3,0,1,1,0,0,0,0,0,0
11,9,9401432.0,2020,8,18,5,3,5,3,0,1,1,0,0,0,0,0,0
11,1,1100206.0,2020,8,8,3,3,1,5,0,1,1,0,0,0,0,0,0
11,1,1300836.0,2020,8,7,1,3,1,5,0,1,1,0,0,0,0,0,0
11,4,4501041.0,2020,8,0,1,3,5,2,2,0,1,0,1,0,0,0,0
11,2,2500831.0,2020,8,19,4,3,2,6,0,1,1,0,0,0,0,0,0
11,4,4300624.0,2020,8,2,1,3,1,5,2,1,1,0,0,0,0,0,0
11,1,1100308.0,2020,8,18,6,3,3,6,0,1,0,0,1,0,0,0,0
11,1,1200628.0,2020,8,1,1,3,5,2,2,0,1,0,1,0,0,0,0
11,11,11401137.0,2020,8,7,6,3,5,3,0,1,1,0,0,0,0,0,0
11,1,1200522.0,2020,8,7,3,3,5,2,0,1,1,0,0,0,0,0,0
11,2,2500833.0,2020,8,5,4,3,5,3,1,0,1,0,1,0,0,0,0
11,5,5200528.0,2020,8,16,1,3,5,2,0,0,1,0,0,0,0,0,0
11,9,9200715.0,2020,8,15,1,3,0,1,0,1,0,0,0,0,0,0,0
11,9,9501737.0,2020,8,9,6,2,0,7,0,1,0,0,0,0,0,0,0
11,9,9401432.0,2020,8,7,3,3,2,6,0,1,1,0,0,0,0,0,0
11,6,6300528.0,2020,8,15,4,3,3,6,0,0,1,0,1,0,0,0,0
11,6,6100205.0,2020,8,17,1,2,5,2,0,1,1,0,0,0,0,0,0
11,5,5300841.0,2020,8,15,1,2,5,3,0,0,1,0,1,0,0,0,0
11,2,2300315.0,2020,8,16,1,3,5,3,0,1,1,0,0,0,0,0,0
11,9,9100202.0,2020,8,18,5,2,2,6,0,1,1,0,0,0,0,0,0
11,3,3601450.0,2020,8,14,1,3,0,7,0,0,0,0,1,0,0,1,0
11,10,10100209.0,2020,8,13,7,2,6,4,0,0,1,1,0,0,0,0,0
11,12,12200309.0,2020,8,17,4,3,5,2,0,1,0,0,0,0,1,0,0
11,6,6300634.0,2020,8,16,4,3,5,3,0,1,1,0,0,0,0,0,0
11,11,11200512.0,2020,8,14,1,2,5,2,0,1,1,0,0,0,0,0,0
11,3,3400725.0,2020,8,18,6,3,2,3,0,1,1,0,0,0,0,0,0
11,4,4100101.0,2020,8,21,1,3,0,5,1,0,1,0,1,0,0,1,0
11,12,12400722.0,2020,8,11,5,3,5,3,0,0,1,0,0,0,0,0,0
11,2,2200208.0,2020,8,7,3,3,5,2,0,0,1,0,1,0,0,0,0
11,7,7400721.0,2020,8,14,4,3,1,7,0,0,1,0,1,0,0,0,0
11,1,1100206.0,2020,8,13,1,3,5,3,0,1,1,0,0,0,0,0,0
11,4,4300416.0,2020,8,13,1,3,5,2,0,0,1,0,1,0,0,0,0
11,2,2500833.0,2020,8,20,1,3,1,5,1,1,1,0,0,0,0,1,0
11,6,6100206.0,2020,8,15,5,3,2,6,0,0,1,0,1,0,0,0,0
11,9,9401635.0,2020,8,16,4,3,5,7,0,0,1,0,0,0,0,0,0
11,9,9100304.0,2020,8,19,1,3,4,6,1,0,1,0,1,0,1,0,0
11,3,3200205.0,2020,8,13,7,3,5,3,0,0,1,0,0,0,0,0,0
11,1,1300732.0,2020,8,17,1,3,3,6,0,0,1,0,1,0,0,0,0
11,1,1200623.0,2020,8,19,1,3,5,7,1,0,1,0,1,0,0,0,0
11,10,10300734.0,2020,8,6,5,3,0,6,0,0,1,0,0,0,1,0,0
11,3,3400827.0,2020,8,16,4,3,5,3,0,0,1,0,0,0,0,0,0
11,8,8100312.0,2020,8,18,1,2,6,4,0,0,1,1,1,0,0,0,0
11,4,4501040.0,2020,8,9,7,3,5,2,0,0,1,0,1,0,0,0,0
11,1,1100416.0,2020,8,4,3,3,8,1,2,0,1,0,0,0,0,0,0
11,1,1100309.0,2020,8,18,1,3,6,4,0,0,1,1,0,0,0,0,0
11,5,5100211.0,2020,8,16,6,3,5,2,0,0,1,0,0,0,0,0,0
11,8,8300934.0,2020,8,13,3,3,2,6,0,0,1,0,0,0,0,0,0
11,2,2200212.0,2020,8,16,1,3,2,7,0,1,1,0,0,0,0,0,0
11,12,12500824.0,2020,8,9,5,2,0,6,0,0,1,0,1,0,0,0,0
11,9,9501941.0,2020,8,13,3,3,5,2,0,1,1,0,0,0,0,0,0
11,6,6100206.0,2020,8,23,7,3,1,5,2,1,1,0,0,0,0,0,0
11,10,10100311.0,2020,8,10,1,2,0,1,0,1,0,0,0,0,0,0,0
11,2,2500833.0,2020,8,23,5,3,0,5,2,1,1,0,0,0,0,0,0
11,5,5100316.0,2020,8,15,4,3,2,6,0,0,1,0,0,0,0,0,0
11,5,5300841.0,2020,8,7,7,3,5,3,0,1,1,0,0,0,0,0,0
11,4,4501045.0,2020,8,15,7,3,5,2,0,0,1,0,0,0,1,0,0
11,9,9200715.0,2020,8,0,7,3,9,1,2,0,0,0,1,0,0,0,0
11,12,12100205.0,2020,8,14,6,2,5,2,0,0,1,0,1,0,0,0,0
11,1,1400942.0,2020,8,12,3,3,3,6,0,1,0,0,0,0,0,0,0
11,2,2400521.0,2020,8,19,7,3,3,6,0,0,1,0,1,0,0,0,0
11,9,9200715.0,2020,8,22,7,3,5,2,2,1,1,0,0,0,0,0,0
11,7,7400823.0,2020,8,15,6,2,0,2,0,0,1,0,1,0,0,0,0
11,10,10100316.0,2020,8,12,3,3,0,3,0,0,1,0,0,0,1,0,0
11,4,4400834.0,2020,8,21,7,3,5,3,2,0,1,0,0,0,0,0,0
11,7,7300619.0,2020,8,21,7,2,1,5,2,1,1,0,0,0,0,0,0
11,3,3200309.0,2020,8,7,5,3,5,2,0,1,0,0,0,0,0,0,0
11,1,1100309.0,2020,8,11,3,3,5,2,0,1,1,0,0,0,0,0,0
11,4,4400834.0,2020,8,21,7,3,6,4,2,1,1,1,0,0,0,0,0
11,1,1200626.0,2020,8,19,1,3,9,1,0,0,1,0,0,0,0,0,0
11,3,3400722.0,2020,8,8,4,3,1,5,0,1,1,0,0,0,0,0,0
11,3,3601450.0,2020,8,16,4,2,3,6,0,0,1,0,1,0,0,0,0
11,7,7601545.0,2020,8,21,7,3,0,7,1,1,0,0,0,0,0,0,0
11,3,3601142.0,2020,8,21,6,3,5,2,0,1,1,0,0,0,0,0,0
11,1,1100206.0,2020,8,18,7,3,5,7,0,0,1,0,1,0,0,0,0
11,11,11501341.0,2020,8,13,6,3,5,3,0,0,1,0,0,0,0,0,0
11,1,1200522.0,2020,8,12,3,3,5,2,0,1,1,0,0,0,0,0,0
11,7,7501031.0,2020,8,14,4,3,2,6,0,0,1,0,0,1,1,0,0
11,3,3501038.0,2020,8,9,2,3,5,3,0,0,1,0,0,0,0,0,0
11,10,10400835.0,2020,8,3,7,3,9,1,2,0,1,0,0,0,0,0,0
11,2,2100104.0,2020,8,13,7,3,5,3,0,0,1,0,1,0,0,0,0
11,2,2500833.0,2020,8,18,5,3,2,6,0,1,1,0,0,0,0,0,0
11,1,1100102.0,2020,8,12,3,3,0,2,0,0,1,0,1,0,0,0,0
11,6,6400737.0,2020,8,13,7,2,5,2,0,1,1,0,0,0,0,0,0
11,5,5300737.0,2020,8,0,7,2,5,2,2,0,1,0,1,0,0,0,0
11,2,2300316.0,2020,8,18,4,3,0,3,0,1,0,1,0,0,0,0,0
11,6,6400844.0,2020,8,12,7,3,1,5,0,1,1,0,0,0,0,0,0
11,3,3601245.0,2020,8,18,5,3,5,3,0,1,1,0,0,0,0,0,0
11,8,8301036.0,2020,8,11,3,3,2,6,0,0,1,0,0,0,0,0,0
11,12,12400722.0,2020,8,12,7,3,2,6,0,0,1,0,0,0,0,0,0
11,6,6300632.0,2020,8,9,1,3,5,2,0,1,1,0,0,0,0,0,0
11,6,6300631.0,2020,8,14,4,3,1,5,0,0,1,0,0,0,0,0,0
11,7,7400825.0,2020,8,11,7,3,5,2,0,1,1,0,0,0,0,0,0
11,8,8100311.0,2020,8,20,6,3,5,2,0,0,1,0,1,0,0,1,0
11,2,2400522.0,2020,8,11,7,3,2,6,0,1,1,0,0,0,0,0,0
11,8,8100521.0,2020,8,8,6,3,0,7,0,0,1,0,1,0,0,0,0
11,12,12100204.0,2020,8,11,3,3,5,2,0,0,1,0,0,0,0,0,0
11,3,3200205.0,2020,8,13,4,3,5,3,0,0,1,0,1,0,0,0,0
11,5,5100105.0,2020,8,21,7,3,5,3,1,0,1,0,1,0,0,0,0
11,6,6200313.0,2020,8,10,7,3,1,5,0,1,1,0,0,0,0,0,0
11,8,8100311.0,2020,8,17,5,3,5,3,0,1,0,0,0,0,1,0,0
11,6,6100102.0,2020,8,16,4,3,1,5,0,1,1,0,0,0,0,0,0
11,12,12500928.0,2020,8,21,7,3,1,5,1,1,1,0,0,0,0,0,0
11,5,5200420.0,2020,8,7,7,3,3,6,0,0,1,0,0,0,0,0,0
11,6,6400839.0,2020,8,15,4,3,1,5,0,0,1,0,0,0,0,0,0
11,1,1100207.0,2020,8,1,7,3,5,2,2,0,1,0,1,0,0,0,0
11,8,8100104.0,2020,8,17,6,3,5,2,0,1,1,0,0,0,0,0,0
11,7,7400720.0,2020,8,20,7,3,5,2,1,0,1,0,1,0,0,0,0
11,8,8300934.0,2020,8,9,7,3,5,2,0,0,1,0,0,0,0,0,0
11,1,1100311.0,2020,8,1,6,3,7,1,2,1,0,0,0,0,0,1,0
11,4,4400726.0,2020,8,8,7,3,6,4,0,1,0,1,0,0,0,0,0
11,1,1400939.0,2020,8,9,5,3,3,6,0,1,1,0,0,0,0,0,0
11,7,7100103.0,2020,8,10,3,3,2,6,0,1,0,0,0,0,0,0,0
11,9,9501939.0,2020,8,13,4,3,6,7,0,0,0,1,0,0,1,0,0
11,3,3601245.0,2020,8,8,7,3,5,3,0,1,1,0,0,0,0,0,0
11,7,7300517.0,2020,8,17,1,3,5,2,0,1,1,0,0,0,0,0,0
11,1,1100310.0,2020,8,13,7,2,3,6,0,1,0,0,0,0,0,0,0
11,6,6300634.0,2020,8,16,5,3,5,3,0,0,1,0,1,0,0,0,0
11,1,1100102.0,2020,8,18,7,3,5,3,0,1,1,0,0,0,0,0,0
11,1,1300836.0,2020,8,11,7,3,5,3,0,1,1,0,0,0,0,0,0
11,4,4300416.0,2020,8,10,3,3,0,7,0,0,1,0,0,0,0,0,0
11,1,1200517.0,2020,8,17,7,3,5,2,0,1,1,0,0,0,0,0,0
11,7,7100103.0,2020,8,16,6,3,5,2,0,1,1,0,0,0,0,0,0
11,3,3400618.0,2020,8,10,3,3,5,3,0,1,1,0,0,0,0,0,0
11,6,6400842.0,2020,8,16,7,2,5,3,0,1,1,0,0,0,0,0,0
11,6,6200317.0,2020,8,8,5,3,5,3,0,0,1,0,1,0,0,0,0
11,2,2100106.0,2020,8,10,3,3,5,3,0,0,1,0,0,0,0,0,0
11,11,11100307.0,2020,8,16,7,2,0,7,0,0,1,0,0,0,0,0,0
11,4,4501043.0,2020,8,20,1,3,2,7,1,0,1,0,0,0,0,0,0
11,4,4300416.0,2020,8,12,5,3,1,5,0,1,0,0,0,1,0,0,0
11,1,1100308.0,2020,8,16,4,2,2,6,0,0,1,0,1,0,0,0,0
11,4,4300624.0,2020,8,10,5,3,5,5,0,0,1,0,1,0,0,0,0
11,1,1100206.0,2020,8,10,3,3,5,3,0,1,1,0,0,0,0,0,0
11,4,4400726.0,2020,8,16,7,3,3,6,0,1,1,0,0,0,0,0,0
11,12,12100101.0,2020,8,13,1,3,0,6,0,0,1,0,1,0,0,0,0
11,7,7100101.0,2020,8,15,7,3,5,2,0,1,1,0,0,0,0,0,0
11,11,11300725.0,2020,8,15,5,3,0,1,0,1,0,0,0,0,0,0,0
11,3,3200205.0,2020,8,15,7,3,5,3,0,0,1,0,0,0,0,0,0
11,12,12601236.0,2020,8,13,7,3,0,6,0,0,0,0,1,0,0,0,0
11,7,7100205.0,2020,8,15,7,3,2,6,0,0,1,0,0,0,0,0,0
11,5,5100105.0,2020,8,15,6,3,2,6,0,0,1,0,0,0,1,0,0
11,6,6200314.0,2020,8,9,3,3,6,4,0,0,1,1,0,0,0,0,0
11,9,9401534.0,2020,8,10,6,3,2,6,0,0,1,0,0,0,1,0,0
11,9,9501737.0,2020,8,3,6,3,1,6,2,1,1,0,0,0,0,0,0
11,4,4300624.0,2020,8,22,5,3,0,7,2,0,0,0,1,0,0,0,0
11,3,3501038.0,2020,8,9,3,3,0,6,0,0,0,0,1,1,0,0,0
11,8,8100417.0,2020,8,17,6,3,0,2,0,0,1,0,0,0,1,0,0
11,1,1401049.0,2020,8,18,1,3,2,6,0,0,1,0,0,0,0,0,0
11,2,2200209.0,2020,8,10,4,3,5,2,0,1,1,0,0,0,0,0,0
11,1,1100310.0,2020,8,23,6,3,5,2,2,1,1,0,0,0,0,0,0
11,8,8100311.0,2020,8,22,6,3,5,3,2,0,0,0,1,0,1,0,0
11,2,2200210.0,2020,8,23,6,3,6,4,2,0,1,1,0,0,0,0,0
11,8,8100206.0,2020,8,11,6,3,0,6,0,0,1,0,1,0,0,0,0
11,11,11501340.0,2020,8,9,3,3,5,3,0,0,1,0,0,0,0,0,0
11,11,11200411.0,2020,8,22,6,3,5,2,2,1,1,0,0,0,0,0,0
11,9,9501737.0,2020,8,16,7,3,2,7,0,0,1,0,1,0,0,0,0
11,1,1300730.0,2020,8,21,6,2,3,2,1,0,0,0,1,0,0,0,0
11,4,4100101.0,2020,8,13,6,2,5,2,0,1,1,0,0,0,0,0,0
11,1,1100101.0,2020,8,18,3,3,2,2,0,1,1,0,0,0,0,0,0
11,9,9100409.0,2020,8,11,2,3,0,3,0,0,1,0,0,0,1,0,0
11,2,2500832.0,2020,8,21,6,3,0,5,1,0,1,0,1,0,0,0,0
11,6,4200207.0,2020,8,20,6,3,8,1,0,0,1,0,0,0,0,0,0
11,11,11501339.0,2020,8,18,5,3,1,5,0,1,1,0,0,0,0,0,0
11,1,1300733.0,2020,8,18,3,3,1,5,0,1,1,0,0,0,0,0,0
11,11,11200410.0,2020,8,14,6,3,2,2,0,0,1,0,0,0,0,0,0
11,1,1100308.0,2020,8,1,1,3,3,6,2,0,1,0,0,0,1,0,0
11,1,1100310.0,2020,8,8,4,3,3,6,0,1,0,0,0,0,0,0,0
11,6,6300528.0,2020,8,14,4,3,5,3,0,1,1,0,0,0,0,0,0
11,3,3701658.0,2020,8,16,6,3,0,7,0,0,0,0,1,0,1,0,0
11,11,11300620.0,2020,8,19,6,3,2,2,0,0,1,0,0,0,0,0,0
11,9,9200819.0,2020,8,7,6,3,0,1,0,1,0,0,0,0,0,0,0
11,8,8200726.0,2020,8,7,6,3,6,4,0,0,1,1,0,0,0,0,0
11,6,6100208.0,2020,8,19,3,3,0,5,0,1,1,0,0,0,0,0,0
11,2,2200213.0,2020,8,12,4,3,6,7,0,1,0,1,0,0,0,0,0
11,9,9501737.0,2020,8,3,6,3,0,1,2,1,0,0,0,0,0,0,0
11,2,2200209.0,2020,8,13,6,3,1,5,0,1,1,0,0,0,0,0,0
11,9,9501838.0,2020,8,9,5,3,3,7,0,1,0,0,0,0,0,0,0
11,1,1100104.0,2020,8,13,6,3,5,3,0,1,1,0,0,0,0,0,0
11,2,2400521.0,2020,8,12,4,2,5,3,0,0,1,0,1,0,0,0,0
11,2,2500726.0,2020,8,13,1,3,2,6,0,0,1,0,0,0,0,0,0
11,4,4300412.0,2020,8,7,6,3,5,2,0,1,1,0,0,0,0,0,0
11,1,1100101.0,2020,8,12,6,2,5,2,0,1,1,0,0,0,0,0,0
11,5,5200630.0,2020,8,18,5,2,0,7,0,0,1,0,0,0,1,0,0
11,6,6400838.0,2020,8,12,6,2,3,6,0,1,0,0,0,0,0,0,0
11,2,2200212.0,2020,8,19,7,3,9,7,0,0,1,1,0,0,0,0,0
11,2,2500833.0,2020,8,18,4,3,5,2,0,1,0,0,1,0,0,0,0
11,4,4100102.0,2020,8,11,6,3,3,6,0,0,1,0,0,1,0,0,0
11,5,5100314.0,2020,8,18,6,3,6,4,0,0,1,1,0,0,0,0,0
11,9,9100101.0,2020,8,11,6,3,0,1,0,1,0,0,0,0,0,0,0
11,1,1300834.0,2020,8,16,5,3,5,3,0,1,1,0,0,0,0,0,0
11,9,9200819.0,2020,8,15,3,3,0,5,0,0,1,0,1,0,0,0,0
11,2,2200208.0,2020,8,11,4,3,0,1,0,1,0,0,0,0,0,0,0
11,4,4400835.0,2020,8,10,6,3,3,6,0,0,1,0,1,0,0,0,0
11,5,5100105.0,2020,8,14,1,2,5,3,0,0,1,0,0,0,0,0,0
11,8,8301036.0,2020,8,10,6,2,2,6,0,0,1,0,0,0,0,0,0
11,1,1100102.0,2020,8,15,5,3,2,2,0,1,1,0,0,0,0,0,0
11,9,9200819.0,2020,8,9,6,3,2,6,0,1,0,0,0,0,0,0,0
11,8,8100209.0,2020,8,12,7,3,2,6,0,0,1,0,0,0,0,0,0
11,7,7200414.0,2020,8,19,6,2,5,7,1,0,1,0,0,0,0,0,0
11,3,3100103.0,2020,8,16,6,3,2,6,0,0,1,0,0,0,1,0,0
11,9,9200715.0,2020,8,18,3,3,5,2,0,0,1,0,1,0,0,0,0
11,5,5200528.0,2020,8,8,7,3,2,2,0,0,1,0,1,0,0,0,0
11,6,6400841.0,2020,8,18,3,3,5,3,0,1,1,0,0,0,0,0,0
11,7,7400823.0,2020,8,19,6,3,5,3,0,1,1,0,0,0,0,0,0
11,8,8401241.0,2020,8,17,6,3,5,3,0,0,1,0,0,0,0,0,0
11,7,7400822.0,2020,8,17,3,2,8,1,0,0,0,0,1,0,0,0,0
11,4,4500936.0,2020,8,19,6,3,6,7,0,1,0,1,0,0,0,0,0
11,2,2100104.0,2020,8,9,5,3,5,3,0,0,1,0,1,0,0,0,0
11,9,9100306.0,2020,8,16,3,3,2,6,0,0,1,0,0,0,0,0,0
11,7,7100205.0,2020,8,18,6,3,3,6,0,0,1,0,1,0,0,0,0
11,4,4501045.0,2020,8,11,1,3,5,2,0,1,1,0,0,0,0,0,0
11,4,4500936.0,2020,8,18,6,3,3,6,0,1,1,0,0,0,0,0,0
11,3,3500936.0,2020,8,14,5,3,0,6,0,0,1,0,1,0,0,0,0
11,2,2500832.0,2020,8,18,6,3,5,2,0,1,1,0,0,0,0,0,0
11,2,2400521.0,2020,8,15,7,3,5,2,0,0,1,0,1,0,0,0,0
11,5,5300736.0,2020,8,17,6,3,2,6,0,0,1,0,0,0,0,0,0
11,10,10200417.0,2020,8,14,6,3,5,2,0,0,1,0,0,0,0,0,0
11,7,7501029.0,2020,8,16,3,3,2,6,0,1,1,0,0,0,0,0,0
11,5,5300736.0,2020,8,16,6,3,5,3,0,1,1,0,0,0,0,0,0
11,5,5100317.0,2020,8,16,6,3,5,2,0,0,1,0,0,0,0,0,0
11,12,12200515.0,2020,8,19,5,3,5,2,0,0,1,0,1,0,0,0,0
11,1,1200623.0,2020,8,16,3,3,5,2,0,1,0,0,1,0,0,0,0
11,7,7400927.0,2020,8,15,6,3,3,6,0,1,0,0,0,1,0,0,0
11,6,6200421.0,2020,8,9,1,3,5,2,0,1,1,0,0,0,0,0,0
11,1,1100206.0,2020,8,15,6,2,6,4,0,1,0,1,0,0,0,0,0
11,7,7400927.0,2020,8,14,6,3,5,1,0,0,1,0,0,0,0,0,0
11,7,7601443.0,2020,8,7,5,3,0,3,0,0,1,0,1,0,0,0,0
11,1,1100308.0,2020,8,15,3,3,3,6,0,1,0,0,0,0,0,0,0
11,4,4300622.0,2020,8,14,6,3,3,6,0,0,1,0,0,0,0,0,0
11,3,3500935.0,2020,8,20,1,3,5,3,1,1,1,0,0,0,0,0,0
11,8,8100209.0,2020,8,14,4,3,5,2,0,1,1,0,0,0,0,0,0
11,1,1200626.0,2020,8,14,6,3,5,2,0,0,1,0,0,0,0,0,0
11,1,1100102.0,2020,8,16,6,3,2,6,0,0,1,0,0,0,0,0,0
11,7,7400824.0,2020,8,13,6,3,2,6,0,0,1,0,0,0,1,0,0
11,5,5200629.0,2020,8,12,6,3,3,6,0,0,1,0,1,0,0,0,0
11,11,11300620.0,2020,8,15,3,3,5,3,0,1,1,0,0,0,0,0,0
11,12,12500930.0,2020,8,11,2,2,5,2,0,0,1,0,0,0,0,0,0
11,8,8200624.0,2020,8,14,5,3,2,6,0,0,1,0,0,0,0,0,0
11,12,12100102.0,2020,8,21,5,3,1,5,1,1,1,0,0,0,0,0,0
11,1,1400942.0,2020,8,8,5,3,5,2,0,1,1,0,0,0,0,0,0
11,8,8100415.0,2020,8,15,3,3,5,3,0,0,1,0,0,0,0,0,0
11,4,4501148.0,2020,8,18,5,3,5,2,0,0,0,0,1,0,0,0,0
11,8,8100104.0,2020,8,17,7,3,1,5,0,1,1,0,0,0,0,0,0
11,11,11200513.0,2020,8,18,4,3,0,7,0,0,1,0,1,0,0,0,0
11,5,5300736.0,2020,8,18,5,3,2,7,0,0,0,0,1,0,1,0,0
11,1,1100102.0,2020,8,14,6,3,4,6,0,1,0,0,0,0,0,0,0
11,9,9200511.0,2020,8,21,4,3,0,1,2,1,0,0,0,0,0,0,0
11,12,12200412.0,2020,8,18,5,2,5,2,0,1,1,0,0,0,0,0,0
11,2,2300314.0,2020,8,22,6,3,2,6,2,0,1,0,0,0,1,0,0
11,7,7200411.0,2020,8,23,5,2,1,5,2,1,1,0,0,0,0,0,0
11,1,1100308.0,2020,8,9,6,3,5,2,0,1,1,0,0,0,0,0,0
11,1,1300836.0,2020,8,15,3,3,0,6,0,0,1,0,1,0,0,0,0
11,10,10100209.0,2020,8,11,4,2,5,3,0,0,1,0,1,0,0,0,0
11,4,4200311.0,2020,8,23,5,2,3,6,2,0,1,0,0,0,0,0,0
11,9,9501737.0,2020,8,22,5,3,4,6,2,1,0,0,0,0,0,0,0