LAND,BEZ,LOR_ab_2021,UJAHR,UMONAT,USTUNDE,UWOCHENTAG,UKATEGORIE,UART,UTYP1,ULICHTVERH,IstRad,IstPKW,IstFuss,IstKrad,IstGkfz,IstSonstige,USTRZUSTAND,lockdown
11,6,6200313.0,2020,8,17,5,3,5,2,0,0,1,0,0,0,0,0,0
11,8,8100312.0,2020,8,23,4,3,1,1,2,1,1,0,0,0,0,0,0
11,8,8100520.0,2020,8,18,5,3,5,3,0,0,1,0,1,0,0,0,0
11,1,1400942.0,2020,8,8,7,3,5,2,0,0,1,0,0,0,1,0,0
11,9,9200511.0,2020,8,7,4,3,5,3,0,0,1,0,0,0,0,0,0
11,10,10100311.0,2020,8,18,5,3,5,2,0,1,1,0,0,0,0,0,0
11,3,3200205.0,2020,8,18,6,3,5,3,0,0,1,0,1,0,0,0,0
11,1,1300836.0,2020,8,18,5,3,1,5,0,1,1,0,0,0,0,0,0
11,5,5300736.0,2020,8,11,5,3,5,2,0,1,1,0,0,0,0,0,0
11,1,1200628.0,2020,8,14,3,3,5,2,0,1,0,0,0,0,1,0,0
11,9,9200511.0,2020,8,22,5,3,0,1,2,1,0,0,0,0,0,0,0
11,4,4400835.0,2020,8,13,1,3,5,2,0,1,1,0,0,0,0,0,0
11,8,8100209.0,2020,8,21,5,3,5,2,2,1,1,0,0,0,0,0,0
11,1,1100308.0,2020,8,17,4,3,5,7,0,1,1,0,0,0,0,0,0
11,4,4300416.0,2020,8,12,3,3,0,2,0,0,1,0,1,0,0,1,0
11,4,4501149.0,2020,8,7,3,3,4,7,0,1,1,0,0,0,0,1,0
11,4,4300414.0,2020,8,17,1,2,6,2,0,0,1,1,0,0,0,0,0
11,11,11501238.0,2020,8,15,6,3,4,5,0,0,1,0,1,0,0,0,0
11,12,12200412.0,2020,8,14,4,3,1,5,0,1,1,0,0,0,0,1,0
11,4,4501043.0,2020,8,7,4,3,2,2,0,0,1,0,1,0,0,0,0
11,12,12200309.0,2020,8,8,7,3,0,1,0,0,0,0,1,0,0,1,0
11,8,8200730.0,2020,8,19,5,3,5,3,0,1,1,0,0,0,0,0,0
11,7,7400721.0,2020,8,17,4,3,0,4,0,1,0,1,0,0,0,0,0
11,1,1300836.0,2020,8,16,3,3,0,1,0,0,0,0,1,0,0,0,0
11,9,9200716.0,2020,8,19,3,3,0,1,0,1,0,0,0,0,0,0,0
11,5,5100103.0,2020,8,9,5,3,4,2,0,1,1,0,0,0,0,0,0
11,4,4500939.0,2020,8,12,3,3,0,5,0,0,1,0,1,0,0,1,0
11,8,8100415.0,2020,8,12,2,3,3,6,0,1,1,0,0,0,0,0,0
11,7,7601442.0,2020,8,15,4,3,5,2,0,1,1,0,0,0,0,0,0
11,2,2300315.0,2020,8,18,3,3,5,2,0,0,1,0,0,0,1,0,0
11,6,6400737.0,2020,8,0,1,3,9,1,2,0,1,0,0,0,0,0,0
11,9,9200819.0,2020,8,7,6,3,5,3,0,1,1,0,0,0,0,0,0
11,7,7400825.0,2020,8,16,4,2,5,2,0,0,1,0,1,0,0,1,0
11,1,1300730.0,2020,8,21,3,3,5,3,1,0,1,0,0,0,0,0,0
11,8,8100415.0,2020,8,14,3,3,2,6,0,1,1,0,0,0,0,0,0
11,4,4500939.0,2020,8,1,6,3,5,2,2,0,1,0,0,0,0,0,0
11,1,1100308.0,2020,8,16,5,3,3,6,0,1,0,0,1,0,0,0,0
11,11,11401136.0,2020,8,11,4,2,6,4,0,0,1,1,0,0,0,1,0
11,3,3400725.0,2020,8,7,3,2,0,1,0,1,0,0,0,0,0,0,0
11,3,3501037.0,2020,8,12,5,3,4,7,0,1,0,0,0,0,1,0,0
11,1,1300733.0,2020,8,15,7,3,3,6,0,1,1,0,0,0,0,0,0
11,12,12200412.0,2020,8,17,5,2,5,2,0,1,1,0,0,0,0,0,0
11,4,4400726.0,2020,8,13,4,3,5,3,0,0,1,0,0,0,0,1,0
11,4,4300416.0,2020,8,9,3,3,2,6,0,0,1,0,0,0,0,0,0
11,5,5100316.0,2020,8,13,5,3,6,4,0,0,0,0,1,0,1,0,0
11,9,9100407.0,2020,8,12,3,3,0,2,0,1,0,0,1,0,0,0,0
11,5,5200420.0,2020,8,22,2,3,1,7,2,0,1,0,0,0,0,0,0
11,5,5100105.0,2020,8,14,4,3,1,5,0,1,1,0,0,0,0,0,0
11,5,5100316.0,2020,8,12,3,3,0,1,0,0,1,0,1,0,0,1,0
11,6,6400737.0,2020,8,13,1,2,5,2,0,0,1,0,1,0,0,0,0
11,8,8200730.0,2020,8,5,6,3,1,7,1,0,1,0,0,0,0,0,0
11,1,1100415.0,2020,8,9,3,3,2,6,0,1,0,0,0,1,0,0,0
11,2,2100106.0,2020,8,20,3,3,2,2,1,1,0,0,1,0,0,1,0
11,12,12601236.0,2020,8,20,3,3,2,6,1,0,1,0,1,0,0,1,0
11,11,11100307.0,2020,8,15,5,3,5,3,0,1,1,0,0,0,0,0,0
11,4,4200310.0,2020,8,10,4,3,5,3,0,0,1,0,0,0,0,1,0
11,12,12100101.0,2020,8,15,2,3,2,6,0,0,1,0,1,0,0,1,0
11,6,6400842.0,2020,8,19,4,3,5,2,0,1,0,0,0,0,1,0,0
11,4,4400834.0,2020,8,18,3,3,5,3,0,1,1,0,0,0,0,0,0
11,4,4300416.0,2020,8,7,3,3,5,7,0,1,1,0,0,0,0,1,0
11,8,8401243.0,2020,8,16,2,3,5,3,0,1,1,0,0,0,0,0,0
11,6,6300528.0,2020,8,10,4,3,2,6,0,0,1,0,0,1,0,0,0
11,4,4400831.0,2020,8,12,3,3,5,3,0,0,1,0,0,0,0,1,0
11,1,1200520.0,2020,8,11,3,3,2,6,0,0,1,0,0,0,1,1,0
11,3,3200308.0,2020,8,8,2,3,2,6,0,0,1,0,1,0,0,0,0
11,1,1100415.0,2020,8,13,4,3,5,3,0,1,1,0,0,0,0,1,0
11,7,7400721.0,2020,8,18,3,3,5,3,0,1,1,0,0,0,0,0,0
11,11,11300722.0,2020,8,19,7,3,5,2,1,1,1,0,0,0,0,1,0
11,4,4300416.0,2020,8,12,6,3,2,6,0,0,1,0,0,0,0,0,0
11,2,2200208.0,2020,8,8,3,3,5,2,0,1,1,0,0,0,0,1,0
11,1,1100206.0,2020,8,19,3,3,0,1,0,1,0,0,0,0,0,0,0
11,8,8100520.0,2020,8,10,5,3,0,1,0,1,0,0,0,0,0,0,0
11,9,9401433.0,2020,8,8,4,3,5,3,0,1,1,0,0,0,0,1,0
11,1,2100102.0,2020,8,14,2,3,5,2,0,1,0,0,0,0,1,0,0
11,2,2500832.0,2020,8,18,4,3,2,6,0,1,1,0,0,0,0,0,0
11,2,2100105.0,2020,8,17,3,3,0,3,0,1,1,0,0,0,0,0,0
11,4,4501042.0,2020,8,4,3,3,2,6,2,0,1,0,0,0,0,0,0
11,9,9501737.0,2020,8,12,1,3,0,6,0,1,0,0,0,0,0,0,0
11,9,9301126.0,2020,8,18,6,3,0,1,0,1,0,0,0,0,0,0,0
11,1,1200517.0,2020,8,8,4,3,5,2,0,0,1,0,0,0,0,0,0
11,6,6300632.0,2020,8,12,7,2,1,5,0,1,1,0,0,0,0,0,0
11,12,12100204.0,2020,8,19,5,3,5,3,0,0,1,0,0,0,0,0,0
11,2,2400625.0,2020,8,17,4,3,5,3,0,1,0,0,0,0,1,1,0
11,8,8100311.0,2020,8,17,3,3,1,5,0,1,1,0,0,0,0,0,0
11,11,11501340.0,2020,8,17,3,2,5,2,0,1,1,0,0,0,0,0,0
11,9,9200511.0,2020,8,10,5,3,0,7,0,0,1,1,0,0,0,0,0
11,6,6200313.0,2020,8,18,7,3,5,2,0,1,1,0,0,0,0,1,0
11,1,1100415.0,2020,8,13,5,3,0,1,0,1,0,0,0,0,0,0,0
11,9,9200512.0,2020,8,20,4,3,5,3,2,1,1,0,0,0,0,1,0
11,5,5100314.0,2020,8,10,3,3,5,2,0,1,1,0,0,0,0,0,0
11,1,1100309.0,2020,8,3,5,3,8,1,2,0,0,0,0,0,1,0,0
11,5,5300735.0,2020,8,16,4,3,2,2,0,0,1,0,0,0,0,1,0
11,6,6100206.0,2020,8,13,2,3,5,3,0,1,0,0,0,0,0,0,0
11,2,2200213.0,2020,8,17,4,3,6,7,0,0,1,1,0,0,0,0,0
11,5,5100211.0,2020,8,17,3,2,2,7,0,0,1,0,0,0,0,0,0
11,3,3601245.0,2020,8,2,3,2,0,1,2,1,0,0,0,0,0,0,0
11,9,9200510.0,2020,8,17,1,3,5,2,0,1,1,0,0,0,0,0,0
11,4,4200309.0,2020,8,0,6,3,2,7,2,0,1,0,1,0,0,0,0
11,1,1300836.0,2020,8,13,4,3,2,6,0,0,1,0,1,0,0,1,0
11,1,1100102.0,2020,8,0,4,3,2,6,2,0,1,0,0,0,0,1,0
11,5,5100211.0,2020,8,7,7,3,5,3,0,1,1,0,0,0,0,1,0
11,1,1300732.0,2020,8,18,5,3,5,2,0,1,1,0,0,0,0,0,0
11,3,3601450.0,2020,8,17,4,3,5,2,0,1,1,0,0,0,0,1,0
11,5,5200629.0,2020,8,7,3,3,5,2,0,1,1,0,0,0,0,0,0
11,6,6400841.0,2020,8,16,3,3,5,2,0,1,1,0,0,0,0,0,0
11,8,8100521.0,2020,8,9,5,3,5,3,0,1,1,0,0,0,0,0,0
11,7,7601546.0,2020,8,15,3,3,5,3,0,1,1,0,0,0,0,0,0
11,7,7601545.0,2020,8,22,2,3,1,5,2,0,1,0,0,1,0,0,0
11,3,3601244.0,2020,8,15,4,3,5,3,0,1,1,0,0,0,0,0,0
11,9,9200613.0,2020,8,15,3,2,5,3,0,1,0,0,0,0,1,0,0
11,4,4501152.0,2020,8,16,1,3,5,3,0,1,1,0,0,0,0,0,0
11,5,5100315.0,2020,8,6,6,3,5,3,0,1,1,0,0,0,0,0,0
11,9,9100101.0,2020,8,15,3,3,5,3,0,1,0,0,0,0,0,0,0
11,4,4300517.0,2020,8,15,4,3,5,7,0,0,1,0,1,0,0,1,0
11,3,3300516.0,2020,8,13,2,3,5,2,0,1,1,0,0,0,0,0,0
11,8,8300934.0,2020,8,16,4,2,5,2,0,0,1,0,1,0,0,0,0
11,3,3500934.0,2020,8,15,2,3,5,3,0,0,1,0,0,0,0,0,0
11,6,6400844.0,2020,8,10,1,3,3,6,0,1,1,0,0,0,0,0,0
11,2,2400521.0,2020,8,8,6,3,5,2,0,1,1,0,0,0,0,0,0
11,12,12200411.0,2020,8,13,4,3,2,6,0,0,1,0,0,0,0,1,0
11,7,7100205.0,2020,8,22,3,3,5,3,2,1,1,0,0,0,0,1,0
11,9,9200613.0,2020,8,15,3,2,6,4,0,0,1,1,0,0,0,0,0
11,10,10100311.0,2020,8,20,7,3,0,7,0,1,0,0,0,0,0,0,0
11,4,4200207.0,2020,8,17,5,3,2,6,0,1,1,0,0,0,0,0,0
11,1,1200626.0,2020,8,12,4,3,5,3,0,0,1,0,1,0,0,1,0
11,3,3601141.0,2020,8,8,3,3,5,3,0,1,0,0,0,0,1,0,0
11,5,5100316.0,2020,8,13,5,3,3,6,0,0,1,0,1,0,0,0,0
11,5,5100316.0,2020,8,13,2,1,5,3,0,1,1,0,0,0,0,0,0
11,1,1300834.0,2020,8,20,2,3,5,3,2,1,1,0,0,0,0,0,0
11,1,1100308.0,2020,8,14,4,3,5,2,0,0,1,0,1,0,0,0,0
11,2,2400521.0,2020,8,9,2,2,0,2,0,1,0,0,0,0,1,0,0
11,12,12601235.0,2020,8,13,1,3,5,5,0,0,1,0,0,0,0,0,0
11,11,11300618.0,2020,8,12,6,3,5,2,0,1,1,0,0,0,0,0,0
11,1,1100313.0,2020,8,12,3,3,5,2,0,1,1,0,0,0,0,0,0
11,5,5200634.0,2020,8,19,3,3,3,2,0,0,1,0,1,0,0,1,0
11,7,7400721.0,2020,8,12,3,3,2,6,0,0,1,0,0,0,0,0,0
11,1,1100310.0,2020,8,15,5,3,6,4,0,1,0,1,0,0,0,0,0
11,1,1100313.0,2020,8,15,3,3,5,2,0,1,1,0,0,0,0,0,0
11,7,7300619.0,2020,8,20,3,3,5,2,0,0,1,0,0,0,0,1,0
11,12,12100101.0,2020,8,22,3,3,5,2,2,0,1,0,0,0,0,0,0
11,1,1300834.0,2020,8,21,6,3,1,5,2,0,1,0,0,0,0,0,0
11,12,12100101.0,2020,8,15,5,3,5,3,0,0,1,0,0,0,0,0,0
11,9,9200511.0,2020,8,11,4,3,2,6,0,0,1,0,0,0,0,1,0
11,1,1400942.0,2020,8,19,2,3,5,7,0,1,0,0,0,0,0,0,0
11,12,12200515.0,2020,8,7,4,3,6,7,0,0,1,1,0,0,0,0,0
11,5,5200631.0,2020,8,11,2,1,6,4,0,0,0,1,0,0,1,0,0
11,2,2200208.0,2020,8,7,2,3,5,2,0,1,0,0,0,0,1,0,0
11,1,1401045.0,2020,8,11,4,3,2,2,0,0,1,0,1,0,0,0,0
11,3,3601245.0,2020,8,9,2,3,5,2,0,0,1,0,0,0,0,0,0
11,8,8100312.0,2020,8,18,7,3,5,3,0,1,0,0,0,0,1,1,0
11,9,9100407.0,2020,8,10,6,3,5,3,0,0,1,0,1,0,0,0,0
11,1,1401045.0,2020,8,12,3,3,2,6,0,0,0,0,1,0,1,0,0
11,2,2200210.0,2020,8,8,5,3,0,1,0,1,0,0,0,0,0,0,0
11,7,7400823.0,2020,8,8,4,3,2,6,0,0,1,0,0,0,0,0,0
11,9,9100304.0,2020,8,13,2,3,5,2,0,0,1,0,0,0,0,0,0
11,8,8100418.0,2020,8,17,4,3,5,3,0,1,1,0,0,0,0,0,0
11,2,2400625.0,2020,8,10,2,3,3,2,0,1,0,0,0,1,0,0,0
11,2,2100102.0,2020,8,14,3,3,2,7,0,1,0,0,0,0,1,0,0
11,10,10100103.0,2020,8,16,1,3,6,7,0,0,1,1,0,0,0,0,0
11,8,8401242.0,2020,8,15,6,3,5,3,0,0,1,0,0,0,0,0,0
11,4,4500936.0,2020,8,10,4,3,5,3,0,0,1,0,0,0,0,1,0
11,9,9100306.0,2020,8,14,2,3,6,7,0,1,0,1,0,0,0,0,0
11,6,6400736.0,2020,8,19,4,2,0,1,0,1,0,0,0,0,0,0,0
11,2,2500835.0,2020,8,9,2,3,5,2,0,0,1,0,1,0,0,0,0
11,10,10100311.0,2020,8,13,3,3,0,3,0,0,0,0,0,0,1,0,0
11,1,1400942.0,2020,8,7,2,3,3,6,0,1,1,0,0,0,0,0,0
11,4,4100101.0,2020,8,19,6,3,5,2,0,1,1,0,0,0,0,0,0
11,1,1100310.0,2020,8,8,4,3,1,5,0,0,1,0,1,0,0,0,0
11,6,6300632.0,2020,8,17,7,3,0,3,0,0,1,0,1,0,0,0,0
11,11,11401136.0,2020,8,8,5,3,0,1,0,0,0,0,1,0,0,0,0
11,4,4400834.0,2020,8,18,4,3,1,5,0,1,1,0,0,0,0,1,0
11,4,4501152.0,2020,8,18,3,3,5,3,0,1,1,0,0,0,0,0,0
11,1,1300835.0,2020,8,10,3,3,0,1,0,0,0,0,1,0,0,1,0
11,3,3300411.0,2020,8,12,5,3,1,5,0,1,1,0,0,0,0,0,0
11,12,12601236.0,2020,8,15,4,3,5,3,0,0,1,0,0,0,0,1,0
11,11,11200513.0,2020,8,13,2,3,6,4,0,1,0,1,0,0,0,0,0
11,1,1100102.0,2020,8,16,4,2,2,6,0,0,1,0,1,0,0,0,0
11,2,2400521.0,2020,8,22,2,2,0,1,2,1,0,0,0,0,0,0,0
11,7,7400823.0,2020,8,19,3,3,5,2,2,0,0,0,1,0,1,1,0
11,1,1100103.0,2020,8,11,1,3,5,3,0,0,1,0,0,0,1,0,0
11,12,12400720.0,2020,8,13,6,3,5,3,0,1,1,0,0,0,0,0,0
11,9,9301126.0,2020,8,13,4,3,5,3,0,0,1,0,0,0,0,1,0
11,1,1400937.0,2020,8,8,3,3,0,6,0,1,0,0,0,0,0,0,0
11,4,4100101.0,2020,8,9,3,3,5,2,0,0,1,0,0,0,0,1,0
11,1,1100308.0,2020,8,21,7,3,1,5,2,1,1,0,0,0,0,0,0
11,4,4500939.0,2020,8,17,5,3,0,3,0,0,1,0,1,0,0,0,0
11,1,1300732.0,2020,8,13,4,3,2,6,0,0,1,0,0,0,0,1,0
11,2,2500726.0,2020,8,4,3,3,0,7,2,1,0,0,0,0,0,0,0
11,9,9200510.0,2020,8,14,4,3,5,2,0,1,1,0,0,0,0,1,0
11,10,10400941.0,2020,8,7,4,3,5,3,0,1,1,0,0,0,0,0,0
11,1,1200625.0,2020,8,10,3,3,5,7,0,0,1,0,0,0,1,1,0
11,11,11200513.0,2020,8,9,7,2,6,2,0,0,1,1,0,0,0,1,0
11,4,4500937.0,2020,8,19,5,3,5,2,0,1,1,0,0,0,0,0,0
11,8,8100104.0,2020,8,17,4,3,3,6,0,0,1,0,0,0,1,1,0
11,3,3601142.0,2020,8,16,3,3,5,3,0,1,0,0,0,0,0,0,0
11,3,3400619.0,2020,8,9,2,3,0,1,0,0,0,0,1,0,0,0,0
11,12,12200515.0,2020,8,9,5,3,6,2,0,0,0,1,0,0,1,0,0
11,9,9100305.0,2020,8,20,2,2,5,2,0,1,1,0,0,0,0,0,0
11,2,2100104.0,2020,8,7,2,3,5,7,0,1,0,0,1,0,0,0,0
11,5,5100316.0,2020,8,15,4,2,4,7,0,0,1,0,0,0,0,0,0
11,1,1300733.0,2020,8,20,2,3,5,3,0,1,1,0,0,0,0,0,0
11,2,2300316.0,2020,8,3,1,3,0,1,2,1,0,0,0,0,0,0,0
11,8,8401139.0,2020,8,7,6,3,3,6,2,1,1,0,0,0,0,0,0
11,9,9200818.0,2020,8,6,4,3,2,6,0,0,1,0,0,0,0,1,0
11,2,2400623.0,2020,8,21,3,3,3,6,1,0,1,0,1,0,0,1,0
11,9,9100407.0,2020,8,15,3,3,5,3,0,1,0,0,0,0,1,0,0
11,11,11100102.0,2020,8,10,3,2,5,3,0,0,1,0,1,0,0,1,0
11,2,2300315.0,2020,8,15,6,2,6,7,0,1,0,1,0,0,0,0,0
11,3,3200205.0,2020,8,16,5,2,0,1,0,1,0,0,0,0,0,0,0
11,1,1300835.0,2020,8,12,4,3,0,1,0,0,1,0,1,0,0,1,0
11,3,3500936.0,2020,8,7,3,3,6,4,0,0,0,1,0,0,1,0,0
11,4,4500937.0,2020,8,12,5,3,5,2,0,1,1,0,0,0,1,0,0
11,3,3400620.0,2020,8,19,2,3,5,3,0,1,1,0,0,0,0,0,0
11,1,1300733.0,2020,8,9,2,3,5,3,0,1,0,0,0,0,1,0,0
11,8,8100104.0,2020,8,13,4,3,2,7,0,0,1,0,0,0,1,0,0
11,4,4200203.0,2020,8,14,5,3,2,3,0,1,1,0,0,0,0,0,0
11,2,2100101.0,2020,8,18,2,3,2,6,0,1,0,0,0,0,0,0,0
11,2,2100106.0,2020,8,11,2,3,5,3,0,0,1,0,1,0,0,0,0
11,12,12100204.0,2020,8,15,4,3,2,6,0,0,1,0,0,0,0,0,0
11,10,10400939.0,2020,8,18,2,2,5,3,0,0,1,0,0,0,0,0,0
11,10,10100316.0,2020,8,15,1,3,5,3,0,0,1,0,0,0,0,0,0
11,5,5100105.0,2020,8,5,6,3,5,3,0,0,1,0,0,0,1,0,0
11,1,1401045.0,2020,8,15,3,3,5,2,0,1,1,0,0,0,0,0,0
11,6,6300632.0,2020,8,20,3,2,5,2,0,1,1,0,0,0,0,1,0
11,1,1401046.0,2020,8,13,3,3,0,3,0,1,0,0,1,0,0,0,0
11,5,5200629.0,2020,8,9,3,3,5,2,0,0,0,0,0,1,1,1,0
11,2,2300314.0,2020,8,20,6,3,1,5,0,1,1,0,0,0,0,0,0
11,4,4501045.0,2020,8,15,5,3,5,2,0,1,1,0,0,0,0,0,0
11,9,9200819.0,2020,8,10,4,3,4,6,0,0,1,0,0,0,0,1,0
11,4,4400726.0,2020,8,16,2,3,5,3,0,1,1,0,0,0,0,0,0
11,1,1100416.0,2020,8,20,4,3,4,6,1,1,0,0,0,0,1,0,0
11,3,3601450.0,2020,8,15,2,2,5,2,0,1,1,0,0,0,0,0,0
11,1,1401046.0,2020,8,14,3,3,6,4,0,0,1,1,0,0,0,0,0
11,4,4400832.0,2020,8,18,2,3,6,7,0,1,0,1,0,0,0,0,0
11,2,2100102.0,2020,8,9,4,3,1,5,0,1,1,0,0,0,0,0,0
11,11,11100204.0,2020,8,17,2,2,6,4,0,0,1,1,0,0,0,0,0
11,4,4501153.0,2020,8,18,7,3,5,2,0,0,1,0,0,0,0,1,0
11,5,5100315.0,2020,8,19,5,2,9,1,0,0,0,0,1,0,0,0,0
11,9,9100305.0,2020,8,21,4,3,5,2,2,0,1,0,0,0,0,1,0
11,11,11400930.0,2020,8,11,3,3,2,6,0,0,1,0,1,0,0,0,0
11,4,4400727.0,2020,8,17,2,3,5,2,0,0,1,0,1,0,0,0,0
11,9,9100306.0,2020,8,16,7,2,0,3,0,0,1,0,0,0,1,0,0
11,2,2500835.0,2020,8,12,6,3,0,1,0,0,0,0,1,0,0,0,0
11,2,2300314.0,2020,8,9,3,3,0,5,0,1,1,0,0,0,0,1,0
11,11,11400927.0,2020,8,20,3,3,5,2,1,1,1,0,0,0,0,1,0
11,12,12100205.0,2020,8,14,5,2,6,4,0,0,1,1,0,0,0,0,0
11,8,8100314.0,2020,8,9,4,3,6,7,0,0,0,1,0,0,1,1,0
11,4,4500939.0,2020,8,15,2,3,5,3,0,0,1,0,1,0,0,0,0
11,1,1100206.0,2020,8,17,4,3,3,6,0,1,0,0,0,0,1,0,0
11,11,11300620.0,2020,8,17,2,3,5,2,0,1,0,0,0,0,1,0,0
11,7,7100101.0,2020,8,13,3,3,2,6,0,1,0,0,0,0,0,0,0
11,8,8401241.0,2020,8,7,2,3,5,3,0,0,1,0,0,0,0,0,0
11,11,11501339.0,2020,8,18,6,3,5,3,0,1,1,0,0,0,0,0,0
11,6,6300527.0,2020,8,8,4,2,5,2,0,1,1,0,0,0,0,0,0
11,7,7400927.0,2020,8,9,3,3,5,3,0,0,1,0,0,0,0,1,0
11,8,8300935.0,2020,8,14,7,3,2,6,0,0,1,0,0,0,0,0,0
11,9,9200818.0,2020,8,19,5,3,5,3,0,1,1,0,0,0,0,0,0
11,1,1200624.0,2020,8,18,4,3,0,6,0,0,1,0,0,0,1,1,0
11,10,10400837.0,2020,8,17,3,3,5,3,0,0,1,0,1,0,0,0,0
11,4,4501149.0,2020,8,9,3,3,0,5,0,1,1,0,0,0,0,1,0
11,11,11400931.0,2020,8,10,5,3,5,7,0,0,1,0,0,0,1,0,0
11,4,4300619.0,2020,8,15,4,3,5,2,0,1,1,0,0,0,0,1,0
11,2,2100101.0,2020,8,13,2,3,8,1,0,0,1,0,0,0,0,0,0
11,8,8401139.0,2020,8,15,4,3,5,3,0,0,1,0,0,0,0,0,0
11,1,1100206.0,2020,8,5,5,2,5,2,0,0,0,0,1,0,1,0,0
11,7,7601545.0,2020,8,16,4,3,0,7,0,1,0,0,0,0,1,1,0
11,10,10100210.0,2020,8,7,2,3,0,5,0,1,1,0,0,0,0,0,0
11,4,4400835.0,2020,8,17,4,2,5,2,0,0,1,0,1,0,1,0,0
11,11,11100102.0,2020,8,17,2,3,4,6,0,0,1,0,0,0,0,0,0
11,8,8401241.0,2020,8,13,3,3,5,3,0,0,1,0,0,0,0,0,0
11,1,1100415.0,2020,8,16,1,2,0,1,0,0,0,0,1,0,0,0,0
11,2,2300316.0,2020,8,15,6,3,0,7,0,0,0,0,1,0,0,0,0
11,1,1100415.0,2020,8,14,4,3,5,3,0,1,0,0,0,0,1,1,0
11,8,8401241.0,2020,8,7,4,3,5,3,0,1,1,0,0,0,0,0,0
11,5,5200631.0,2020,8,8,7,3,5,2,0,0,1,0,1,0,0,1,0
11,1,1200626.0,2020,8,18,5,2,6,4,0,1,0,1,0,0,0,0,0
11,8,8100206.0,2020,8,17,4,3,0,7,0,0,0,1,0,0,1,1,0
11,1,1100207.0,2020,8,6,3,2,8,1,0,0,1,0,0,0,0,0,0
11,1,1100207.0,2020,8,16,2,3,5,2,0,0,1,0,1,0,0,0,0
11,7,7100206.0,2020,8,9,5,3,0,5,0,0,0,0,1,0,1,0,0
11,1,1300733.0,2020,8,16,2,3,2,6,0,0,1,0,1,0,0,0,0
11,12,12200412.0,2020,8,11,2,3,0,2,0,0,0,0,0,1,1,0,0
11,1,1100207.0,2020,8,15,4,3,0,2,0,1,1,0,0,0,0,0,0
11,2,2400522.0,2020,8,16,2,3,0,1,0,0,1,0,1,0,0,0,0
11,11,11501341.0,2020,8,12,1,3,5,3,0,1,0,0,0,0,0,0,0
11,10,10100311.0,2020,8,7,6,3,4,6,0,1,0,0,0,0,0,0,0
11,6,6300528.0,2020,8,16,4,2,3,6,0,1,0,0,0,0,0,1,0
11,8,8100209.0,2020,8,20,3,3,1,5,1,0,1,0,1,0,0,1,0
11,5,5400942.0,2020,8,14,3,3,2,6,0,0,1,0,1,0,0,0,0
11,2,2400521.0,2020,8,8,3,3,5,2,0,1,1,0,0,0,0,0,0
11,3,3300514.0,2020,8,8,6,3,0,2,0,1,1,0,0,0,0,0,0
11,3,3701554.0,2020,8,16,5,3,5,2,0,1,1,0,0,0,0,0,0
11,4,4200206.0,2020,8,15,2,3,1,5,0,0,1,0,1,0,0,0,0
11,3,3400721.0,2020,8,11,1,3,2,2,0,0,1,0,0,0,0,0,0
11,8,8200624.0,2020,8,9,6,3,6,4,0,0,1,1,0,0,0,0,0
11,2,2500834.0,2020,8,13,4,3,6,4,0,1,0,1,0,0,0,1,0
11,1,1100101.0,2020,8,16,3,3,6,7,0,1,0,1,0,0,0,1,0
11,9,9501838.0,2020,8,15,3,3,5,3,0,1,1,0,0,0,0,0,0
11,6,6200423.0,2020,8,20,7,3,1,5,0,1,1,0,0,0,0,1,0
11,8,8200726.0,2020,8,14,5,3,0,7,0,0,0,0,1,0,0,1,0
11,4,4300623.0,2020,8,13,4,3,2,6,0,0,1,0,0,0,0,1,0
11,7,7400928.0,2020,8,9,3,3,5,2,0,1,1,0,0,0,0,0,0
11,8,8401241.0,2020,8,13,5,3,2,6,0,0,1,0,0,0,0,0,0
11,9,9501838.0,2020,8,15,2,3,0,3,0,0,1,0,1,0,0,0,0
11,4,4300416.0,2020,8,20,2,3,5,2,2,1,1,0,0,0,0,0,0
11,7,7100102.0,2020,8,14,4,3,0,4,0,0,0,1,0,0,1,0,0
11,9,9300920.0,2020,8,15,2,3,5,3,0,1,1,0,0,0,0,0,0
11,11,11100206.0,2020,8,13,1,2,6,4,0,0,1,1,0,0,0,0,0
11,8,8100417.0,2020,8,12,6,3,5,2,0,1,1,0,0,0,0,0,0
11,1,1100416.0,2020,8,17,3,3,1,1,0,1,1,0,0,0,0,0,0
11,5,5200526.0,2020,8,19,3,3,0,6,0,0,0,0,0,1,1,1,0
11,9,9100101.0,2020,8,20,3,3,0,3,2,1,1,0,0,0,0,1,0
11,6,6100204.0,2020,8,15,5,3,6,6,0,0,1,1,0,0,0,0,0
11,8,8100209.0,2020,8,10,4,3,5,3,0,1,1,0,0,0,0,1,0
11,1,1100207.0,2020,8,15,2,3,5,3,0,0,0,0,1,0,1,0,0
11,2,2400624.0,2020,8,19,4,3,2,6,0,1,1,0,0,0,0,0,0
11,8,8100102.0,2020,8,15,2,3,5,7,0,0,1,0,0,0,0,0,0
11,7,7400822.0,2020,8,11,4,3,8,1,0,0,1,0,0,0,0,1,0
11,10,10400938.0,2020,8,7,3,3,5,3,0,0,1,0,0,0,0,0,0
11,5,5100316.0,2020,8,8,5,1,6,4,0,0,1,1,0,0,0,0,0
11,1,1100206.0,2020,8,14,2,3,5,3,0,0,1,0,1,0,0,0,0
11,11,11300617.0,2020,8,8,2,3,1,5,0,1,1,0,0,0,0,0,0
11,4,4200310.0,2020,8,13,4,3,5,7,0,0,1,0,0,0,1,0,0