LAND,BEZ,LOR_ab_2021,UJAHR,UMONAT,USTUNDE,UWOCHENTAG,UKATEGORIE,UART,UTYP1,ULICHTVERH,IstRad,IstPKW,IstFuss,IstKrad,IstGkfz,IstSonstige,USTRZUSTAND,lockdown
11,7,7601340.0,2020,9,16,1,2,1,5,0,1,1,0,0,0,0,0,0
11,1,1400938.0,2020,9,13,5,3,5,3,0,1,1,0,0,0,0,0,0
11,10,10100206.0,2020,8,21,2,3,9,1,2,0,1,0,0,0,0,1,0
11,5,5100211.0,2020,8,20,6,3,5,2,1,0,1,0,0,0,0,0,0
11,2,2100106.0,2020,9,22,7,2,5,3,2,0,1,0,1,0,0,0,0
11,3,3200308.0,2020,9,14,4,3,2,6,0,0,1,0,0,0,0,0,0
11,11,11200513.0,2020,8,20,2,3,2,7,2,1,1,0,0,0,0,1,0
11,10,10300731.0,2020,8,10,6,3,6,4,0,0,0,1,1,0,0,1,0
11,3,11300617.0,2020,8,10,6,2,6,4,0,0,0,1,1,0,0,0,0
11,3,3701660.0,2020,9,12,6,3,1,5,0,1,0,0,0,0,1,1,0
11,6,6200315.0,2020,8,8,6,2,5,3,0,1,1,0,0,0,0,0,0
11,4,4100101.0,2020,9,14,3,3,2,6,0,0,1,0,0,0,0,0,0
11,12,12100205.0,2020,8,8,6,3,5,2,0,1,1,0,0,0,0,0,0
11,4,4500936.0,2020,9,15,2,3,2,2,0,0,1,0,0,0,1,0,0
11,11,11200514.0,2020,9,18,5,3,2,6,0,0,1,0,0,0,0,0,0
11,6,6400844.0,2020,8,7,6,3,2,7,0,0,1,0,0,0,0,1,0
11,4,4300517.0,2020,9,13,1,3,6,4,0,0,1,1,0,0,0,0,0
11,2,2400623.0,2020,9,9,5,3,5,3,0,1,1,0,0,0,0,0,0
11,1,1300834.0,2020,8,19,2,3,5,2,0,0,1,0,0,0,0,0,0
11,3,3601244.0,2020,9,14,3,3,1,5,0,1,1,0,0,0,0,0,0
11,9,9401534.0,2020,8,7,6,3,0,1,0,0,0,0,1,0,0,1,0
11,8,8200832.0,2020,9,11,7,3,5,2,0,0,1,0,1,0,0,1,0
11,11,11100204.0,2020,9,12,4,3,0,7,0,1,0,0,0,0,0,0,0
11,8,8100314.0,2020,8,19,2,3,5,2,0,1,1,0,0,0,0,0,0
11,10,10100316.0,2020,8,7,6,3,5,2,0,0,1,0,0,0,0,1,0
11,5,5300737.0,2020,9,7,6,3,5,2,0,1,0,0,0,0,1,1,0
11,12,12200412.0,2020,8,6,6,3,5,3,0,0,1,0,0,0,1,1,0
11,4,4501041.0,2020,9,13,4,3,0,2,0,1,0,0,0,0,0,1,0
11,5,5100316.0,2020,8,19,2,3,2,6,0,0,1,0,0,0,0,0,0
11,10,10400837.0,2020,8,5,6,3,5,3,1,0,1,0,1,0,0,0,0
11,6,6300526.0,2020,9,10,6,3,2,6,0,0,1,0,1,0,0,1,0
11,7,7300619.0,2020,8,4,6,3,1,5,2,0,1,0,0,0,0,1,0
11,4,4501043.0,2020,9,13,2,3,2,2,0,0,1,0,0,0,0,0,0
11,6,6200314.0,2020,9,17,5,3,6,7,0,1,0,1,0,0,0,0,0
11,11,11200513.0,2020,8,17,6,2,6,4,0,1,0,1,0,0,0,0,0
11,2,2100105.0,2020,9,10,1,2,5,3,0,1,1,0,0,0,0,0,0
11,9,9100407.0,2020,9,15,4,3,5,3,0,1,1,0,0,0,0,1,0
11,4,4300416.0,2020,8,18,2,3,2,6,0,1,1,0,0,0,0,0,0
11,5,5100317.0,2020,9,14,3,3,5,3,0,0,1,0,0,0,0,0,0
11,1,1401045.0,2020,8,17,6,3,5,2,0,1,1,0,0,0,0,0,0
11,4,4100101.0,2020,9,15,7,3,5,3,0,0,1,0,0,0,0,0,0
11,4,4501041.0,2020,9,12,3,3,3,6,0,1,1,0,0,0,0,0,0
11,4,4100101.0,2020,8,17,6,2,5,2,0,0,1,0,0,0,0,0,0
11,11,11100102.0,2020,9,21,6,2,1,5,2,0,1,0,0,0,1,0,0
11,3,3200205.0,2020,8,16,6,3,6,4,0,0,1,1,0,0,0,0,0
11,4,4300518.0,2020,9,7,3,3,5,3,0,1,1,0,0,0,0,0,0
11,1,1300835.0,2020,9,13,2,3,0,1,0,0,0,0,1,0,0,1,0
11,2,2500832.0,2020,9,8,5,3,3,6,0,1,1,0,0,0,0,1,0
11,11,11400929.0,2020,8,16,6,3,1,5,0,1,1,0,0,0,0,0,0
11,9,9200715.0,2020,9,18,1,3,2,6,0,1,1,0,0,0,0,0,0
11,7,7200409.0,2020,9,9,2,3,5,3,0,1,0,0,0,0,0,0,0
11,8,8100520.0,2020,9,15,5,2,6,7,0,0,0,1,1,0,0,0,0
11,9,9300920.0,2020,8,15,6,3,1,5,0,1,1,0,0,0,0,0,0
11,2,2100101.0,2020,9,2,1,2,0,1,2,0,0,0,0,0,1,0,0
11,7,7100103.0,2020,9,18,4,2,2,6,0,1,1,0,0,0,0,1,0
11,6,6200311.0,2020,8,17,2,3,2,2,0,0,1,0,0,0,0,0,0
11,8,8200832.0,2020,9,13,3,3,5,2,0,1,1,0,0,0,0,0,0
11,4,4501045.0,2020,8,14,6,3,5,2,0,1,1,0,0,0,0,0,0
11,1,1401049.0,2020,8,14,6,3,2,6,0,0,1,0,0,0,0,0,0
11,3,3500935.0,2020,9,14,6,3,4,6,0,1,1,0,0,0,0,0,0
11,12,12200412.0,2020,8,14,6,3,2,2,0,0,1,0,0,0,1,0,0
11,1,1100206.0,2020,9,18,2,3,5,3,0,1,1,0,0,0,0,0,0
11,4,4300416.0,2020,9,21,5,3,0,1,2,0,0,0,1,0,0,1,0
11,2,2200210.0,2020,8,14,6,3,5,2,0,1,1,0,0,0,0,0,0
11,1,1300733.0,2020,8,17,2,3,0,6,0,0,1,0,1,0,0,1,0
11,6,6100206.0,2020,9,11,1,3,0,7,0,0,1,0,0,0,0,0,0
11,12,12200515.0,2020,9,15,5,3,5,2,0,1,1,0,0,0,0,0,0
11,12,12200515.0,2020,8,17,2,2,0,1,0,1,0,0,0,0,0,1,0
11,3,3400619.0,2020,8,14,6,3,5,3,0,0,1,0,1,0,0,0,0
11,10,10400939.0,2020,9,22,7,3,5,2,2,0,1,0,0,0,0,0,0
11,9,9200512.0,2020,9,20,4,2,5,7,2,1,1,0,0,0,0,0,0
11,6,6200314.0,2020,8,17,2,3,5,3,0,1,1,0,0,0,0,0,0
11,8,8100209.0,2020,8,13,6,3,5,3,0,1,1,0,0,0,0,0,0
11,7,7300517.0,2020,8,13,6,3,1,5,0,1,1,0,0,0,0,0,0
11,8,8200622.0,2020,9,12,6,3,6,2,0,0,1,1,0,0,0,0,0
11,4,4300622.0,2020,8,13,6,3,2,6,0,0,1,0,0,0,0,1,0
11,3,3400721.0,2020,9,18,3,3,1,5,0,1,1,0,0,0,0,0,0
11,1,1100205.0,2020,8,13,6,3,2,6,0,0,1,0,1,0,0,0,0
11,4,4500937.0,2020,9,16,4,2,6,4,0,0,1,1,0,0,0,1,0
11,11,11300725.0,2020,8,17,2,3,0,4,0,1,0,1,0,0,0,1,0
11,11,11300725.0,2020,8,12,6,3,1,7,0,0,1,0,0,0,1,0,0
11,3,3200205.0,2020,8,12,6,2,5,2,0,0,1,0,1,0,0,0,0
11,3,3500934.0,2020,9,14,6,3,2,7,0,0,1,0,1,0,0,0,0
11,8,8100312.0,2020,8,11,6,3,1,5,0,1,1,0,0,0,0,0,0
11,1,1100206.0,2020,8,11,6,3,5,2,0,1,1,0,0,0,0,0,0
11,9,9501939.0,2020,9,18,2,3,5,7,0,0,1,0,0,0,1,0,0
11,1,1100308.0,2020,9,21,5,3,5,7,2,0,0,0,1,0,1,1,0
11,10,10200423.0,2020,8,10,6,3,0,1,0,0,0,0,1,0,0,1,0
11,10,10200417.0,2020,9,16,1,3,5,3,0,1,1,0,0,0,0,0,0
11,1,1100103.0,2020,9,13,5,3,5,3,0,0,1,0,1,0,0,0,0
11,10,10300731.0,2020,8,17,2,3,5,2,0,1,1,0,0,0,0,1,0
11,1,1300732.0,2020,8,10,6,3,6,4,0,0,1,1,0,0,0,0,0
11,1,1100415.0,2020,9,20,7,3,1,5,2,1,1,0,0,0,0,0,0
11,1,1401044.0,2020,9,14,4,3,5,3,0,0,1,0,0,0,0,1,0
11,12,12400723.0,2020,8,17,2,3,5,3,0,0,1,0,0,0,0,1,0
11,2,3601452.0,2020,8,8,5,3,3,6,0,0,1,0,0,0,0,0,0
11,1,1100308.0,2020,8,7,5,3,0,5,0,1,0,0,0,0,1,0,0
11,1,1100310.0,2020,9,11,6,3,1,5,0,1,0,0,0,0,1,1,0
11,8,8200623.0,2020,8,12,5,3,5,2,0,1,1,0,0,0,0,1,0
11,1,1400942.0,2020,9,22,2,3,5,3,2,0,1,0,0,0,1,0,0
11,3,3100102.0,2020,9,17,5,2,6,4,0,0,1,1,0,0,0,0,0
11,1,1100103.0,2020,8,18,5,3,5,2,0,1,1,0,0,0,0,0,0
11,4,4200206.0,2020,9,12,1,2,5,3,0,1,1,0,0,0,0,0,0
11,2,2200210.0,2020,9,8,5,3,5,3,0,1,1,0,0,0,0,0,0
11,5,5100105.0,2020,8,16,2,3,2,6,0,0,1,0,0,0,0,0,0
11,1,1100101.0,2020,9,15,2,3,5,2,0,0,1,0,0,0,0,0,0
11,10,10100316.0,2020,9,18,5,3,5,2,0,1,1,0,0,0,0,0,0
11,11,11300722.0,2020,8,14,5,2,5,3,0,0,1,0,0,0,1,0,0
11,9,9100306.0,2020,9,14,1,3,2,2,0,0,1,0,0,0,0,0,0
11,4,4200310.0,2020,9,11,5,3,5,3,0,0,1,0,0,0,0,0,0
11,9,9200715.0,2020,8,16,2,3,2,6,0,0,1,0,0,0,0,0,0
11,6,6200421.0,2020,8,20,5,3,2,2,1,0,1,0,0,0,0,0,0
11,11,11200411.0,2020,9,12,7,3,0,2,0,1,1,0,0,0,0,1,0
11,8,8100520.0,2020,9,8,4,3,0,2,0,1,1,0,0,0,0,0,0
11,3,3701554.0,2020,8,16,2,3,1,5,0,1,1,0,0,0,0,0,0
11,12,12400722.0,2020,8,20,5,3,0,3,1,0,1,0,1,0,0,0,0
11,1,1100206.0,2020,9,9,6,3,0,1,0,0,0,0,1,0,0,1,0
11,6,6300632.0,2020,8,19,5,3,5,3,0,1,1,0,0,0,0,0,0
11,1,1200522.0,2020,9,18,3,3,3,7,0,1,0,0,0,0,0,0,0
11,6,6400838.0,2020,9,11,2,2,3,6,0,1,0,0,0,0,0,0,0
11,3,3400829.0,2020,9,16,5,3,0,3,0,0,1,0,1,0,0,0,0
11,7,7100101.0,2020,8,19,5,2,5,2,0,1,1,0,0,0,0,0,0
11,11,11400927.0,2020,9,19,4,3,2,6,2,0,1,0,0,0,1,1,0
11,7,7400927.0,2020,8,15,2,3,5,2,0,1,0,0,0,0,1,0,0
11,5,5300736.0,2020,9,21,3,2,5,2,2,0,1,0,0,0,0,0,0
11,2,2500831.0,2020,8,15,5,3,0,1,0,1,0,0,0,0,0,0,0
11,1,1100311.0,2020,9,14,7,3,6,7,0,0,1,1,0,0,0,0,0
11,1,1100206.0,2020,8,11,5,3,0,2,0,1,0,0,0,0,0,0,0
11,1,2100101.0,2020,9,20,3,3,5,3,1,1,1,0,0,0,0,0,0
11,6,6400842.0,2020,8,17,5,3,2,7,0,0,1,0,1,0,0,0,0
11,9,9100101.0,2020,9,3,7,2,1,5,2,0,1,0,1,0,0,0,0
11,9,9200819.0,2020,9,7,4,3,6,4,0,0,1,1,0,0,0,1,0
11,11,11401137.0,2020,8,17,5,3,1,5,0,0,1,0,1,0,0,0,0
11,4,4300416.0,2020,9,6,6,3,5,3,1,1,0,0,1,0,0,1,0
11,11,11100204.0,2020,8,16,5,3,0,2,0,1,1,0,0,0,0,0,0
11,3,3601346.0,2020,9,0,2,2,1,5,2,1,1,0,0,0,0,0,0
11,8,8200726.0,2020,9,15,5,3,5,2,0,1,1,0,0,0,0,0,0
11,3,3200207.0,2020,8,16,5,2,5,3,0,0,1,0,0,0,0,0,0
11,7,7400927.0,2020,9,19,1,3,5,7,1,0,1,0,1,0,0,0,0
11,8,8200623.0,2020,9,17,4,3,2,6,0,0,1,0,0,0,0,1,0
11,1,1100310.0,2020,8,14,2,3,5,2,0,1,0,0,0,1,0,0,0
11,1,1100313.0,2020,9,19,3,3,5,2,1,1,0,0,0,0,0,0,0
11,10,10200418.0,2020,8,16,5,2,6,6,0,1,0,1,0,0,0,0,0
11,4,4300622.0,2020,8,16,5,3,5,7,0,1,0,0,1,0,0,0,0
11,1,1100207.0,2020,9,16,6,3,5,2,0,1,1,0,0,0,0,0,0
11,7,7400720.0,2020,8,16,5,3,5,2,0,1,0,0,1,0,0,0,0
11,11,11300722.0,2020,9,16,2,3,8,1,0,0,1,0,0,0,0,0,0
11,12,12400722.0,2020,9,7,5,3,5,3,0,1,1,0,0,0,0,0,0
11,1,1300834.0,2020,8,16,5,3,0,2,0,1,1,0,0,0,0,0,0
11,5,5200423.0,2020,9,16,1,3,5,2,0,0,1,0,0,0,0,0,0
11,11,11300620.0,2020,9,15,5,3,2,6,0,0,1,0,0,0,0,0,0
11,12,12200307.0,2020,8,14,2,3,6,4,0,0,0,1,0,0,1,0,0
11,8,8401243.0,2020,8,7,5,3,0,3,0,0,1,0,1,0,0,1,0
11,9,9100304.0,2020,9,10,6,3,5,2,0,1,1,0,0,0,0,0,0
11,2,2200209.0,2020,8,7,5,3,5,2,0,1,1,0,0,0,0,0,0
11,12,12200307.0,2020,8,12,2,3,5,2,0,0,1,0,1,0,0,0,0
11,1,1200627.0,2020,9,12,2,3,5,2,0,1,1,0,0,0,0,0,0
11,2,2200209.0,2020,9,6,5,3,0,5,0,0,1,0,1,0,0,1,0
11,2,2200208.0,2020,8,12,2,3,5,7,0,1,1,0,0,0,0,0,0
11,7,7400928.0,2020,8,0,5,3,2,2,2,1,1,0,0,0,0,1,0
11,12,12500927.0,2020,9,1,7,3,3,6,2,1,1,0,0,0,0,0,0
11,11,11200410.0,2020,9,15,4,3,4,6,0,1,0,0,0,0,0,0,0
11,4,4100101.0,2020,8,11,2,2,5,2,0,0,1,0,1,0,0,0,0
11,5,5100317.0,2020,8,15,5,3,2,6,0,0,1,0,0,0,1,0,0
11,1,1100101.0,2020,8,7,5,3,6,7,0,0,0,1,0,0,1,0,0
11,10,10200627.0,2020,9,14,6,2,6,4,0,0,1,1,0,0,0,0,0
11,3,3400619.0,2020,8,14,5,3,1,5,0,1,1,0,0,0,0,0,0
11,7,7601442.0,2020,8,0,5,3,5,3,2,0,1,0,0,0,0,1,0
11,4,4501042.0,2020,9,16,2,3,5,3,0,1,1,0,0,0,0,0,0
11,1,1200629.0,2020,9,20,5,3,5,2,2,1,1,0,0,0,0,0,0
11,5,5100105.0,2020,8,14,5,3,2,6,0,0,1,0,0,0,0,1,0
11,4,4200311.0,2020,9,15,1,3,0,1,0,0,1,0,1,0,0,0,0
11,3,3200205.0,2020,9,13,5,3,5,2,0,1,1,0,0,0,0,0,0
11,1,1100206.0,2020,8,11,2,3,5,3,0,0,1,0,0,0,0,0,0
11,5,5300839.0,2020,8,14,5,3,5,3,0,1,1,0,0,0,0,0,0
11,1,1100206.0,2020,9,18,7,3,2,7,0,0,0,0,1,0,1,1,0
11,10,10400836.0,2020,9,9,4,2,5,2,0,1,1,0,0,0,0,0,0
11,8,8200831.0,2020,8,10,2,3,5,3,0,1,1,0,0,0,0,0,0
11,1,1200626.0,2020,8,13,5,3,5,2,0,0,1,0,0,0,0,0,0
11,11,11400931.0,2020,9,10,6,3,6,7,0,0,1,1,0,0,0,1,0
11,1,1100415.0,2020,9,22,7,3,5,2,2,1,0,0,1,0,0,0,0
11,6,6400844.0,2020,9,14,4,3,5,3,0,0,1,0,0,0,0,1,0
11,8,8401243.0,2020,8,10,2,3,5,5,0,1,1,0,0,0,0,0,0
11,5,5100101.0,2020,8,13,5,3,0,1,0,1,0,0,0,0,0,0,0
11,6,6300525.0,2020,8,13,5,3,8,1,0,0,1,0,0,0,0,0,0
11,12,12400723.0,2020,9,12,6,3,0,3,0,1,0,0,1,0,0,1,0
11,7,7400826.0,2020,8,12,5,3,5,2,0,0,1,0,0,0,1,0,0
11,8,8100417.0,2020,8,12,5,3,6,4,0,0,1,1,0,0,0,0,0
11,6,6300527.0,2020,9,15,2,3,5,3,0,0,1,0,0,0,0,0,0
11,8,8100102.0,2020,9,18,5,2,2,6,0,0,1,0,0,0,0,0,0
11,6,6100103.0,2020,8,11,5,3,6,2,0,0,0,1,0,1,0,0,0
11,4,4501045.0,2020,9,13,1,2,3,6,0,0,1,0,0,0,1,0,0
11,7,7300517.0,2020,9,9,5,3,5,3,0,1,1,0,0,0,0,0,0
11,1,1100313.0,2020,8,10,2,3,1,5,0,1,1,0,0,0,0,0,0
11,12,12601236.0,2020,8,10,5,3,4,6,0,0,1,0,0,0,0,0,0
11,4,4300416.0,2020,9,12,7,3,2,6,0,1,1,0,0,0,0,1,0
11,9,9300920.0,2020,9,8,4,3,0,1,0,1,0,0,0,0,0,1,0
11,1,1300836.0,2020,8,10,2,2,5,3,0,0,1,0,1,0,0,0,0
11,4,4400727.0,2020,8,9,5,3,2,6,0,0,1,0,0,0,0,0,0
11,2,2300417.0,2020,9,8,6,3,3,6,0,0,1,0,1,0,0,1,0
11,4,4200308.0,2020,8,8,5,3,5,2,0,1,1,0,0,0,0,0,0
11,8,8100209.0,2020,9,11,2,3,5,3,0,0,1,0,0,0,0,0,0
11,7,7501029.0,2020,9,16,5,3,2,2,0,0,1,0,0,0,0,0,0
11,8,8200832.0,2020,8,7,5,3,5,2,0,1,0,0,0,1,0,0,0
11,2,2200210.0,2020,8,7,5,2,5,3,0,0,1,0,0,0,0,0,0
11,12,12400722.0,2020,9,13,2,3,5,3,0,1,1,0,0,0,0,0,0
11,4,4400833.0,2020,9,17,5,3,6,4,0,1,0,1,0,0,0,0,0
11,1,1100309.0,2020,8,5,5,3,5,2,2,1,1,0,0,0,0,0,0
11,1,1100206.0,2020,9,11,1,2,5,2,0,1,1,0,0,0,0,0,0
11,5,5300737.0,2020,9,16,4,3,6,4,0,0,1,1,0,0,0,1,0
11,11,11300620.0,2020,8,10,2,3,6,4,0,0,1,1,0,0,0,0,0
11,1,1100206.0,2020,9,12,3,3,5,3,0,1,1,0,0,0,0,0,0
11,4,4500937.0,2020,8,18,4,3,3,6,0,1,1,0,0,0,0,0,0
11,1,1200628.0,2020,9,0,7,3,0,2,2,0,1,0,1,0,0,0,0
11,3,3200207.0,2020,9,11,4,2,5,3,0,0,1,0,0,1,0,1,0
11,8,8401243.0,2020,9,18,3,3,3,6,0,1,0,0,0,0,1,0,0
11,1,1100415.0,2020,8,9,4,3,5,2,0,1,1,0,0,0,0,0,0
11,5,5300736.0,2020,9,13,6,3,2,6,0,0,1,0,0,0,0,0,0
11,2,2500727.0,2020,8,11,4,3,5,2,0,1,1,0,0,0,0,0,0
11,7,7300619.0,2020,9,18,3,3,2,6,0,0,1,0,0,0,0,0,0
11,3,3200310.0,2020,9,13,2,3,5,2,0,1,1,0,0,0,0,0,0
11,6,6200313.0,2020,9,8,5,3,5,2,0,1,0,0,0,0,1,1,0
11,1,1300733.0,2020,8,16,4,3,5,2,0,1,1,0,0,0,0,1,0
11,3,3500936.0,2020,9,18,1,3,1,5,0,1,1,0,0,0,0,0,0
11,4,4300624.0,2020,9,17,4,3,5,3,0,0,1,0,0,0,0,1,0
11,5,5100101.0,2020,8,16,2,3,1,5,0,0,1,0,1,0,0,1,0
11,9,9100407.0,2020,8,23,4,2,8,1,2,0,0,0,1,0,0,1,0
11,8,8300935.0,2020,8,21,4,3,2,6,2,1,1,0,0,0,0,1,0
11,1,1100103.0,2020,9,13,6,3,5,2,0,0,1,0,0,0,0,0,0
11,9,9100202.0,2020,9,11,4,3,5,2,0,1,1,0,0,0,0,1,0
11,2,2300314.0,2020,9,14,5,2,1,5,0,1,0,0,0,0,1,0,0
11,6,6100102.0,2020,9,17,4,3,2,6,0,0,1,0,0,0,0,0,0
11,9,9200715.0,2020,9,22,5,3,5,2,2,0,1,0,0,0,0,0,0
11,6,6200313.0,2020,9,17,1,3,5,2,0,1,1,0,0,0,0,0,0
11,2,2500727.0,2020,9,9,3,3,2,7,0,0,1,0,0,0,1,0,0
11,1,3701554.0,2020,9,14,7,3,3,6,0,1,1,0,0,0,0,0,0
11,3,3300413.0,2020,9,15,4,3,3,6,0,1,1,0,0,0,0,0,0
11,7,7200308.0,2020,9,14,6,3,5,2,0,1,1,0,0,0,0,0,0
11,9,9501939.0,2020,9,16,4,3,4,6,0,1,0,0,0,0,0,0,0
11,1,1100312.0,2020,9,8,2,2,5,2,0,1,0,0,0,1,0,0,0
11,11,11100205.0,2020,9,16,4,3,5,3,0,1,0,0,1,0,0,0,0
11,7,7200409.0,2020,9,12,1,3,0,7,0,0,1,0,0,0,1,0,0
11,4,4500937.0,2020,9,18,3,3,2,6,0,1,1,0,0,0,0,0,0
11,4,4501041.0,2020,9,21,6,3,0,1,2,0,0,0,1,0,0,0,0
11,6,6300525.0,2020,9,17,2,3,2,6,0,0,1,0,0,0,0,0,0
11,8,8200832.0,2020,9,12,3,3,1,5,0,1,1,0,0,0,0,0,0
11,12,12200309.0,2020,9,9,6,3,5,2,0,1,1,0,0,0,0,0,0
11,7,7400720.0,2020,9,20,2,2,4,6,1,0,1,0,0,0,0,0,0
11,3,3701556.0,2020,9,7,6,3,6,7,0,1,0,1,0,0,0,0,0
11,12,12400619.0,2020,9,15,4,3,4,6,0,0,1,0,0,0,0,0,0
11,12,12200515.0,2020,9,10,2,3,6,3,0,0,1,1,0,0,0,0,0
11,9,9200819.0,2020,9,14,4,3,3,6,0,1,0,0,0,0,0,0,0
11,9,9200819.0,2020,9,7,1,3,1,5,0,0,1,0,0,0,0,0,0
11,8,8100208.0,2020,9,16,3,3,0,7,0,0,1,0,1,0,0,0,0
11,5,5300737.0,2020,9,18,6,2,6,4,0,0,1,1,0,0,0,0,0
11,2,2400623.0,2020,9,18,2,3,1,5,0,1,1,0,0,0,0,0,0
11,11,11401136.0,2020,9,12,5,3,1,5,0,1,1,0,0,0,0,0,0
11,7,7300619.0,2020,9,21,4,2,5,3,2,1,1,0,0,0,0,0,0
11,2,2300315.0,2020,9,20,5,3,5,3,1,0,1,0,1,0,0,0,0
11,6,6400838.0,2020,9,12,1,3,5,3,0,0,1,0,0,0,0,0,0
11,8,8401139.0,2020,9,13,4,3,4,2,0,0,1,0,1,0,0,0,0
11,2,2200211.0,2020,9,2,6,3,1,5,2,0,1,0,0,0,1,0,0
11,4,4501042.0,2020,9,13,4,3,0,2,0,1,1,0,0,0,0,0,0
11,11,11200513.0,2020,9,13,2,3,0,2,0,1,1,0,0,0,0,0,0
11,2,2200210.0,2020,9,13,4,3,5,3,0,0,1,0,1,0,1,0,0
11,6,6400735.0,2020,9,14,7,2,5,3,0,1,1,0,0,0,0,0,0
11,7,7400822.0,2020,9,15,3,2,6,4,0,0,1,1,0,0,0,0,0
11,7,7100205.0,2020,9,13,6,2,2,2,0,0,1,0,1,0,0,0,0
11,1,1100207.0,2020,9,15,2,3,0,3,0,1,0,0,1,0,0,0,0
11,1,1100309.0,2020,9,15,5,3,1,5,0,0,1,0,0,0,1,0,0
11,9,9100304.0,2020,9,20,4,3,5,2,2,0,1,0,0,0,1,0,0
11,1,1300732.0,2020,9,20,5,3,6,4,1,0,1,1,0,0,0,0,0
11,2,2200210.0,2020,9,20,1,3,5,3,2,0,1,0,0,0,0,0,0
11,6,6200422.0,2020,9,9,3,3,5,3,0,0,1,0,0,0,0,0,0
11,9,9200512.0,2020,9,15,7,3,3,6,0,0,1,0,1,0,0,0,0
11,3,3701660.0,2020,9,11,4,3,0,7,0,1,0,0,0,0,0,0,0
11,3,3701554.0,2020,9,7,6,3,5,2,0,1,1,0,0,0,0,0,0
11,6,6300526.0,2020,9,18,7,2,5,3,0,1,1,0,0,0,0,0,0
11,3,3601141.0,2020,9,11,2,3,5,3,0,0,1,0,0,0,1,0,0
11,9,9100407.0,2020,9,14,6,3,0,3,0,0,1,0,0,0,1,0,0
11,11,11300826.0,2020,9,12,2,3,5,2,0,0,1,0,1,0,0,0,0
11,1,1100102.0,2020,9,13,5,3,6,4,0,0,1,1,0,0,0,0,0
11,1,1100102.0,2020,9,11,4,3,2,2,0,1,0,0,0,0,1,0,0
11,7,7400927.0,2020,9,19,5,3,5,7,1,0,1,0,0,0,0,0,0
11,12,12601032.0,2020,9,16,1,3,2,6,0,0,1,0,0,0,0,0,0
11,8,8300934.0,2020,9,11,3,3,2,6,0,0,1,0,0,0,0,0,0
11,5,5300735.0,2020,9,13,7,3,5,3,0,1,1,0,0,0,0,0,0
11,10,10100313.0,2020,9,10,4,3,5,2,0,0,1,0,0,0,1,0,0
11,3,3200205.0,2020,9,5,6,3,5,3,2,1,1,0,0,0,0,0,0
11,9,9100203.0,2020,9,9,4,3,5,2,0,0,1,0,0,0,0,0,0
11,8,8401244.0,2020,9,7,2,3,5,3,0,1,0,0,0,0,1,0,0
11,5,5200629.0,2020,9,9,4,3,6,4,0,0,0,1,0,0,1,0,0
11,7,7400720.0,2020,9,9,4,3,5,7,0,0,1,0,0,0,1,0,0
11,7,7300619.0,2020,9,9,2,3,0,1,0,1,0,0,0,0,0,0,0
11,2,2200213.0,2020,9,11,5,2,1,5,0,1,1,0,0,0,0,0,0
11,5,5200423.0,2020,9,8,4,3,2,2,0,0,1,0,0,0,0,0,0
11,2,2300418.0,2020,9,13,1,3,5,3,0,1,1,0,0,0,0,0,0
11,11,11300616.0,2020,9,17,3,2,0,1,0,1,0,0,0,0,0,0,0
11,9,9200819.0,2020,9,16,6,3,5,2,0,1,1,0,0,0,0,0,0
11,3,3300514.0,2020,9,18,2,2,5,2,0,0,1,0,1,0,0,0,0
11,1,1401049.0,2020,9,14,6,3,0,2,0,1,1,0,0,0,0,0,0
11,9,9100408.0,2020,9,8,4,3,5,3,0,0,1,0,0,0,1,0,0
11,6,6200312.0,2020,9,12,2,3,5,2,0,0,1,0,0,0,0,0,0
11,4,4300622.0,2020,9,8,4,2,2,6,0,0,1,0,0,0,1,0,0
11,8,8100313.0,2020,9,15,1,3,1,5,0,1,1,0,0,0,0,0,0
11,1,1200518.0,2020,9,15,3,2,5,2,0,0,1,0,1,0,0,0,0
11,5,5100101.0,2020,9,17,6,3,0,1,1,1,0,0,0,0,0,0,0
11,1,1100101.0,2020,9,11,1,3,0,1,0,1,0,0,0,0,0,0,0
11,1,1300835.0,2020,9,18,3,3,5,3,0,1,1,0,0,0,0,0,0
11,4,4501146.0,2020,9,18,6,3,0,2,0,0,1,0,1,0,0,0,0
11,9,9200510.0,2020,9,16,2,3,1,5,0,1,1,0,0,0,0,0,0
11,8,8200624.0,2020,9,16,5,2,0,7,0,1,0,0,0,0,0,1,0
11,2,2100101.0,2020,9,8,4,3,0,1,0,1,0,0,0,0,0,0,0
11,5,5200630.0,2020,9,13,2,3,1,5,0,0,1,0,0,0,1,0,0
11,11,11501340.0,2020,9,6,4,3,5,2,0,1,1,0,0,0,0,0,0
11,1,1100309.0,2020,9,20,7,3,2,2,1,1,1,0,0,0,0,0,0
11,10,10100312.0,2020,9,15,2,3,0,2,0,1,0,0,0,0,1,0,0
11,1,1100308.0,2020,9,12,6,3,5,7,0,1,1,0,0,0,0,0,0
11,3,3500934.0,2020,9,14,2,3,5,3,0,1,1,0,0,0,0,0,0
11,3,3200310.0,2020,9,14,5,3,5,2,0,1,1,0,0,0,0,0,0
11,11,11300617.0,2020,9,5,4,2,6,4,1,0,0,1,1,0,0,0,0
11,7,7300516.0,2020,9,18,5,3,1,5,0,1,1,0,0,0,0,0,0
11,1,1100309.0,2020,9,20,1,3,5,7,2,0,1,0,0,0,1,0,0