LAND,BEZ,LOR_ab_2021,UJAHR,UMONAT,USTUNDE,UWOCHENTAG,UKATEGORIE,UART,UTYP1,ULICHTVERH,IstRad,IstPKW,IstFuss,IstKrad,IstGkfz,IstSonstige,USTRZUSTAND,lockdown
11,12,12200310.0,2020,10,20,6,3,5,2,2,0,1,0,1,0,0,0,1
11,7,7200414.0,2020,10,6,4,3,0,6,2,0,1,0,1,0,0,1,1
11,10,10400941.0,2020,10,18,2,3,4,5,1,1,1,0,0,0,0,1,1
11,3,3601245.0,2020,10,9,3,3,5,3,0,0,1,0,0,0,1,0,1
11,12,12200307.0,2020,10,20,5,3,3,6,2,0,1,0,0,0,0,0,1
11,2,2100102.0,2020,10,16,4,3,2,6,0,0,1,0,1,0,0,1,1
11,1,1100205.0,2020,10,19,5,2,5,2,2,1,1,0,0,0,0,0,1
11,8,8200727.0,2020,10,17,2,3,0,7,0,0,1,0,1,0,0,1,1
11,2,2100102.0,2020,10,18,7,3,5,2,1,1,1,0,0,0,0,0,1
11,2,2500726.0,2020,10,17,2,3,5,2,1,0,1,0,0,0,1,1,1
11,4,4200308.0,2020,10,18,5,2,5,3,1,1,1,0,0,0,0,0,1
11,11,11400927.0,2020,10,16,6,3,0,6,0,0,0,0,1,0,0,0,1
11,1,1100207.0,2020,10,12,4,3,5,3,0,1,1,0,0,0,0,1,1
11,7,7300619.0,2020,10,17,2,3,2,6,0,0,1,0,1,0,0,1,1
11,1,1200628.0,2020,10,8,5,3,1,5,0,1,1,0,0,0,0,0,1
11,9,9200715.0,2020,10,6,4,3,5,3,1,1,1,0,0,0,0,0,1
11,3,3200308.0,2020,10,20,3,3,2,6,2,0,1,0,0,0,0,1,1
11,12,12100103.0,2020,10,14,4,2,0,2,0,1,0,0,0,1,0,1,1
11,7,7400826.0,2020,10,17,2,3,1,7,0,1,1,0,0,0,0,0,1
11,2,2500834.0,2020,10,18,5,3,5,3,0,1,1,0,0,0,0,0,1
11,3,3501037.0,2020,10,8,4,3,5,3,0,0,1,0,1,0,0,0,1
11,3,3400721.0,2020,10,7,5,3,5,3,0,1,0,0,0,0,0,0,1
11,7,7501134.0,2020,10,14,7,3,2,6,0,0,1,0,0,0,0,0,1
11,12,12200309.0,2020,10,7,5,3,5,2,0,1,1,0,0,0,0,0,1
11,6,6300527.0,2020,10,17,2,3,0,2,0,0,1,0,1,0,0,1,1
11,11,11100203.0,2020,10,7,5,2,6,4,0,0,0,1,0,0,1,1,1
11,5,5300840.0,2020,10,17,5,3,2,6,0,0,1,0,0,0,0,0,1
11,10,10100315.0,2020,10,9,4,2,5,2,0,1,1,0,0,0,0,0,1
11,6,6200312.0,2020,10,11,2,3,5,3,0,1,1,0,0,0,0,0,1
11,12,12100103.0,2020,9,19,4,3,1,5,1,1,1,0,0,0,0,0,0
11,9,9200511.0,2020,10,16,4,2,6,4,0,0,1,1,0,0,0,1,1
11,1,1401046.0,2020,9,13,4,3,5,2,0,1,1,0,0,0,0,0,0
11,2,2300417.0,2020,10,19,7,3,0,7,2,1,0,0,0,0,0,0,1
11,9,9100407.0,2020,10,18,5,3,5,2,2,1,1,0,0,0,0,1,1
11,2,2300418.0,2020,10,9,2,3,5,3,0,1,0,0,0,0,0,0,1
11,4,4400728.0,2020,9,14,4,3,3,6,0,1,1,0,0,0,0,0,0
11,6,6300528.0,2020,10,11,7,3,5,2,0,1,1,0,0,0,0,0,1
11,6,6400838.0,2020,10,20,5,3,1,5,2,0,1,0,0,0,0,1,1
11,1,1100310.0,2020,10,9,2,3,6,7,0,0,1,1,0,0,0,0,1
11,4,4300620.0,2020,9,7,4,3,0,2,0,1,1,0,0,0,0,0,0
11,5,5300736.0,2020,10,21,4,2,1,5,2,0,1,0,0,0,0,0,1
11,2,2200209.0,2020,10,8,2,3,5,2,0,1,1,0,0,0,0,0,1
11,2,2300316.0,2020,9,6,4,3,5,7,1,1,1,0,0,0,0,0,0
11,3,3200206.0,2020,10,15,4,3,2,6,0,1,0,0,0,0,0,1,1
11,4,4400835.0,2020,10,19,3,3,0,5,2,1,1,0,0,0,0,1,1
11,11,11300722.0,2020,10,19,1,3,2,3,2,0,1,0,0,0,0,0,1
11,12,12500825.0,2020,9,7,4,3,7,7,0,1,0,0,0,0,0,0,0
11,1,1100310.0,2020,10,14,6,3,0,2,0,1,0,0,0,0,1,0,1
11,7,7400824.0,2020,10,18,5,3,6,2,0,0,1,1,0,0,0,1,1
11,7,7200308.0,2020,10,8,2,3,5,2,0,1,0,0,0,0,0,0,1
11,1,1100205.0,2020,10,9,3,3,0,1,0,0,0,0,1,0,0,0,1
11,1,1100311.0,2020,9,17,4,3,3,6,0,1,1,0,0,0,0,0,0
11,12,12400722.0,2020,10,17,4,3,5,7,1,0,1,0,1,0,0,0,1
11,5,5100316.0,2020,10,12,3,3,3,6,0,0,1,0,0,0,1,0,1
11,4,4501044.0,2020,9,14,4,3,5,2,0,1,1,0,0,0,0,0,0
11,11,11100204.0,2020,10,18,4,3,0,3,2,0,1,0,0,0,0,1,1
11,1,1100101.0,2020,9,21,4,3,0,6,2,0,1,0,1,0,0,0,0
11,6,6400844.0,2020,10,7,3,2,5,3,0,1,1,0,0,0,0,0,1
11,6,6200422.0,2020,10,13,1,3,4,6,0,1,1,0,0,0,0,0,1
11,4,4200308.0,2020,10,17,1,3,1,5,0,1,1,0,0,0,0,0,1
11,4,4300623.0,2020,9,20,4,3,5,7,2,0,1,0,1,0,0,0,0
11,1,1100308.0,2020,10,20,6,3,3,6,2,1,0,0,0,0,0,0,1
11,3,3501038.0,2020,10,16,4,3,0,3,0,0,1,0,1,0,0,1,1
11,4,4300415.0,2020,10,8,2,3,0,7,0,1,0,0,0,0,0,0,1
11,4,4500937.0,2020,10,12,3,3,6,4,0,0,0,1,1,0,0,0,1
11,11,11300618.0,2020,9,20,4,2,6,4,1,1,1,1,0,0,0,0,0
11,5,5100317.0,2020,10,15,4,3,5,3,0,0,1,0,0,0,1,1,1
11,2,2200213.0,2020,9,19,4,3,6,4,2,1,0,1,0,0,0,0,0
11,3,3501038.0,2020,10,17,7,3,2,2,0,1,1,0,0,0,0,0,1
11,4,4400835.0,2020,10,7,2,3,5,2,0,1,1,0,0,0,0,0,1
11,9,9200512.0,2020,9,19,4,3,6,7,1,0,1,1,0,0,0,0,0
11,3,3701659.0,2020,9,19,4,3,1,5,1,0,1,0,1,0,0,0,0
11,2,2500833.0,2020,10,7,2,3,0,1,0,1,0,0,0,0,0,0,1
11,4,4400727.0,2020,10,13,1,3,5,2,0,1,1,0,0,0,0,0,1
11,1,1300836.0,2020,10,21,7,3,6,4,2,1,0,1,0,0,0,0,1
11,11,11501340.0,2020,10,6,2,3,5,3,0,0,1,0,0,0,0,0,1
11,7,7501029.0,2020,9,18,4,3,0,3,1,1,1,0,0,0,0,0,0
11,6,6100208.0,2020,10,17,6,3,0,3,0,1,1,0,0,0,0,0,1
11,2,2400623.0,2020,10,13,4,3,2,6,0,0,1,0,0,0,0,1,1
11,6,6200420.0,2020,10,2,2,3,1,5,2,0,1,0,0,0,0,0,1
11,4,4200206.0,2020,9,18,4,3,2,2,0,1,1,0,0,0,0,0,0
11,1,1100311.0,2020,10,8,4,3,5,2,0,1,1,0,0,0,0,0,1
11,6,6400844.0,2020,9,18,4,2,6,4,0,0,1,1,0,0,0,0,0
11,4,4400729.0,2020,10,14,7,3,2,6,0,0,1,0,0,0,0,0,1
11,7,7601544.0,2020,10,6,5,3,5,2,0,0,1,0,0,0,0,0,1
11,3,3601141.0,2020,10,0,2,3,0,7,2,1,1,0,0,0,0,0,1
11,12,12100101.0,2020,9,18,4,3,2,6,0,0,1,0,1,0,0,0,0
11,1,1300730.0,2020,10,9,4,2,6,4,0,0,1,1,0,0,0,0,1
11,7,7501029.0,2020,10,15,1,2,2,6,0,0,1,0,0,0,0,0,1
11,8,8100105.0,2020,9,17,4,3,1,5,0,0,1,0,0,0,1,0,0
11,4,4501148.0,2020,10,12,4,3,5,3,0,0,1,0,0,0,0,1,1
11,7,7300516.0,2020,10,15,1,3,1,5,0,1,1,0,0,0,0,0,1
11,11,11300725.0,2020,9,16,4,2,0,1,0,1,0,0,0,0,0,0,0
11,5,5200527.0,2020,10,6,4,2,5,2,1,1,1,0,0,0,0,0,1
11,5,5200630.0,2020,9,16,4,2,5,3,0,0,1,0,0,0,0,0,0
11,6,6200421.0,2020,10,10,7,3,0,1,0,1,0,0,0,0,0,0,1
11,2,2500727.0,2020,10,19,5,3,0,1,2,0,0,0,1,0,0,1,1
11,8,8100104.0,2020,10,15,1,3,5,2,0,1,1,0,0,0,0,0,1
11,3,3400721.0,2020,9,16,4,2,5,3,0,1,1,0,0,0,0,0,0
11,10,10100313.0,2020,10,5,4,3,6,4,2,0,0,1,0,0,1,1,1
11,4,4400729.0,2020,10,14,1,3,5,7,0,1,1,0,0,0,0,0,1
11,9,9200819.0,2020,9,16,4,2,5,2,0,0,1,0,0,0,1,0,0
11,4,4300416.0,2020,10,15,4,3,0,1,0,1,0,0,0,0,0,1,1
11,4,4100101.0,2020,10,19,1,3,0,6,2,0,1,0,0,0,0,0,1
11,11,11200514.0,2020,9,16,4,3,6,4,0,0,1,1,0,0,0,0,0
11,7,7400823.0,2020,9,14,4,2,5,2,0,0,1,0,1,0,0,0,0
11,9,9401534.0,2020,10,16,4,3,5,3,0,1,1,0,0,0,0,1,1
11,6,6100102.0,2020,9,14,4,3,2,7,0,0,1,0,0,0,0,0,0
11,9,9200819.0,2020,10,20,7,3,5,2,1,0,1,0,0,0,0,0,1
11,1,1100308.0,2020,10,18,5,3,5,2,1,1,1,0,0,0,0,1,1
11,10,10100104.0,2020,10,13,1,3,1,5,0,0,1,0,1,0,0,0,1
11,4,4501043.0,2020,10,13,3,3,2,2,0,1,1,0,0,0,0,0,1
11,1,1100206.0,2020,9,14,4,3,6,4,0,1,0,1,0,0,0,0,0
11,1,1200628.0,2020,10,18,4,3,5,3,0,1,0,0,1,0,0,1,1
11,4,4501041.0,2020,10,19,3,3,6,2,2,0,1,1,0,0,0,1,1
11,12,12100204.0,2020,9,14,4,2,5,2,0,1,1,0,0,0,0,0,0
11,6,6300632.0,2020,10,20,3,2,6,2,2,0,1,1,0,0,0,1,1
11,1,1100313.0,2020,10,11,1,3,5,3,0,0,0,0,1,0,0,0,1
11,8,8100312.0,2020,10,2,1,2,1,5,2,1,1,0,0,0,0,0,1
11,3,3501038.0,2020,9,14,4,3,0,5,0,1,1,0,0,0,0,0,0
11,2,2500831.0,2020,10,18,6,3,5,3,1,1,1,0,0,0,0,0,1
11,5,5300736.0,2020,10,14,4,3,2,7,0,1,0,0,0,0,1,1,1
11,8,8100312.0,2020,10,14,1,3,5,3,0,0,1,0,0,0,1,0,1
11,12,12500825.0,2020,10,17,3,3,2,6,0,0,1,0,0,0,1,0,1
11,2,2500833.0,2020,10,20,4,3,6,4,2,0,1,1,0,0,0,1,1
11,11,11100308.0,2020,10,10,6,3,1,5,0,1,1,0,0,0,0,0,1
11,8,8100311.0,2020,10,12,6,3,6,4,0,0,0,1,1,0,0,0,1
11,9,9501838.0,2020,10,18,6,2,5,3,1,1,1,0,0,0,0,1,1
11,10,10300731.0,2020,10,14,3,3,2,6,0,0,1,0,0,0,0,0,1
11,8,8100521.0,2020,10,13,5,3,2,2,0,1,1,0,0,0,0,1,1
11,4,4200310.0,2020,10,19,2,2,6,4,2,0,1,1,0,0,0,0,1
11,5,5300737.0,2020,10,7,2,3,0,1,0,1,0,0,0,0,0,0,1
11,3,3500932.0,2020,10,9,6,3,5,2,0,1,1,0,0,0,0,1,1
11,9,9501737.0,2020,10,6,4,3,5,3,2,0,1,0,0,0,0,1,1
11,12,12400721.0,2020,10,9,6,3,1,5,0,1,1,0,0,0,0,1,1
11,1,1100415.0,2020,10,11,7,2,0,1,0,1,0,0,0,0,0,0,1
11,1,1401049.0,2020,10,15,7,3,5,2,0,1,1,0,0,0,0,0,1
11,10,10200422.0,2020,10,14,3,3,0,3,0,0,1,0,0,0,0,0,1
11,10,10400941.0,2020,10,7,6,3,0,3,0,0,1,0,1,0,0,1,1
11,1,1300733.0,2020,10,18,6,3,6,4,0,1,0,1,0,0,0,1,1
11,4,4300414.0,2020,10,8,3,3,5,3,0,1,1,0,0,0,0,0,1
11,1,1300732.0,2020,10,21,5,3,2,6,2,0,1,0,0,0,0,1,1
11,11,11200411.0,2020,10,11,1,2,5,2,0,0,1,0,0,0,0,0,1
11,2,2500726.0,2020,10,18,1,2,6,4,1,0,1,1,0,0,0,1,1
11,3,3500934.0,2020,10,12,5,3,6,4,0,0,0,1,0,0,1,1,1
11,11,11300620.0,2020,10,20,1,3,5,2,2,0,1,0,0,0,0,1,1
11,12,12100103.0,2020,10,15,1,3,1,5,0,1,1,0,0,0,0,0,1
11,6,6200313.0,2020,10,15,4,3,0,1,0,1,0,0,0,0,0,1,1
11,12,12500930.0,2020,10,23,6,3,5,2,2,1,1,0,0,0,0,1,1
11,4,4300619.0,2020,10,13,6,3,0,4,0,0,0,1,0,0,1,0,1
11,8,8100416.0,2020,10,16,6,3,2,6,0,1,1,0,0,0,0,0,1
11,6,6400841.0,2020,10,13,3,3,0,3,0,1,1,0,0,0,0,0,1
11,1,1200623.0,2020,10,21,6,3,1,5,2,1,1,0,0,0,0,1,1
11,6,6100205.0,2020,10,12,5,3,1,7,0,0,1,0,0,0,0,1,1
11,4,4100101.0,2020,10,19,2,3,6,4,2,0,1,1,0,0,0,0,1
11,5,5100211.0,2020,10,15,1,3,5,3,0,1,1,0,0,0,0,1,1
11,1,1100205.0,2020,10,19,1,3,5,2,2,1,1,0,0,0,0,0,1
11,1,1100416.0,2020,10,17,4,3,5,3,1,1,1,0,0,0,0,1,1
11,1,1100313.0,2020,10,21,6,3,6,2,2,0,1,1,0,0,0,1,1
11,6,6400737.0,2020,10,11,6,3,6,4,0,0,1,1,0,0,0,1,1
11,2,2200210.0,2020,10,17,6,3,5,2,1,1,1,0,0,0,0,0,1
11,6,6300526.0,2020,10,16,3,3,0,6,0,0,1,0,1,0,0,0,1
11,4,4400729.0,2020,10,8,6,3,0,1,0,0,0,0,1,0,0,1,1
11,1,1300732.0,2020,10,14,4,2,2,6,0,0,1,0,1,0,0,1,1
11,1,1100310.0,2020,10,6,6,3,5,2,1,0,1,0,0,0,1,1,1
11,8,8100104.0,2020,10,15,6,3,5,3,0,0,1,0,0,0,0,0,1
11,1,1300836.0,2020,10,18,3,3,5,2,0,1,0,0,0,0,1,0,1
11,5,5300736.0,2020,10,21,6,3,1,1,2,0,1,0,1,0,0,1,1
11,2,2500728.0,2020,10,19,5,3,0,5,2,1,1,0,0,0,0,1,1
11,2,2300419.0,2020,10,11,2,3,2,6,0,1,1,0,0,0,0,0,1
11,10,10400835.0,2020,10,12,4,3,0,6,0,0,1,0,0,0,1,1,1
11,10,10200421.0,2020,10,13,7,3,2,6,0,0,1,0,0,0,0,0,1
11,4,4300623.0,2020,10,14,7,3,5,3,0,1,1,0,0,0,0,0,1
11,4,4300517.0,2020,10,18,4,3,5,3,1,0,1,0,0,0,0,1,1
11,1,1200522.0,2020,10,21,6,3,3,6,2,1,0,0,0,0,0,1,1
11,8,8200831.0,2020,10,10,6,2,2,6,0,0,1,0,0,0,0,0,1
11,10,10100315.0,2020,10,15,6,3,6,2,0,0,1,1,0,0,0,0,1
11,8,8200624.0,2020,10,12,3,3,5,2,0,1,1,0,0,0,0,0,1
11,11,11300620.0,2020,10,9,5,3,2,2,0,0,1,0,0,0,0,1,1
11,11,11100308.0,2020,10,14,2,2,6,7,0,0,0,1,0,1,0,0,1
11,12,12601235.0,2020,10,6,2,3,5,2,1,1,1,0,0,0,0,0,1
11,9,9501737.0,2020,10,5,6,2,6,4,2,0,0,1,0,0,1,1,1
11,1,1100309.0,2020,10,0,5,3,0,1,2,0,0,0,0,0,1,1,1
11,1,1200522.0,2020,10,9,4,3,5,3,0,1,1,0,0,0,0,1,1
11,1,1300731.0,2020,10,13,5,3,8,1,0,0,1,0,0,0,0,1,1
11,7,7400928.0,2020,10,13,2,3,5,3,0,0,1,0,0,0,0,1,1
11,9,9100409.0,2020,10,11,2,3,2,6,0,0,1,0,0,0,0,0,1
11,3,3400829.0,2020,10,9,5,3,1,5,0,1,1,0,0,0,0,1,1
11,3,3400721.0,2020,10,10,4,3,5,3,0,1,1,0,0,0,0,1,1
11,12,12400722.0,2020,10,19,7,3,1,5,2,1,1,0,0,0,0,0,1
11,1,1300733.0,2020,10,1,7,3,1,5,2,1,1,0,0,0,0,1,1
11,8,8401139.0,2020,10,19,4,3,6,7,2,0,1,1,0,0,0,1,1
11,3,3601141.0,2020,10,9,6,2,0,7,0,1,0,0,0,0,0,1,1
11,10,10200418.0,2020,10,9,6,2,0,3,0,0,0,0,0,0,1,0,1
11,5,5100316.0,2020,10,16,6,3,2,4,0,0,1,1,0,0,1,1,1
11,1,1401045.0,2020,10,14,3,3,1,5,0,1,1,0,0,0,0,0,1
11,3,3601142.0,2020,10,13,5,3,0,1,0,0,0,0,1,0,0,1,1
11,7,7100205.0,2020,10,18,1,3,5,3,2,1,1,0,0,0,0,1,1
11,3,3200205.0,2020,10,16,1,3,5,3,0,0,1,0,1,0,0,0,1
11,5,5200629.0,2020,10,8,6,3,6,2,0,0,1,1,0,0,0,1,1
11,7,7200414.0,2020,10,15,4,3,6,2,0,0,1,1,0,0,0,1,1
11,2,2200210.0,2020,10,10,6,2,2,6,0,0,1,0,1,0,0,1,1
11,1,1100205.0,2020,10,11,7,3,5,2,0,1,1,0,0,0,0,0,1
11,1,1100308.0,2020,10,23,6,3,0,7,2,0,1,0,0,0,0,1,1
11,2,2300315.0,2020,10,13,3,3,5,2,0,0,1,0,1,0,0,0,1
11,11,11300618.0,2020,10,8,6,3,1,5,0,0,1,0,1,0,0,1,1
11,7,7200411.0,2020,10,19,6,3,0,2,1,0,1,0,0,0,1,1,1
11,4,4300415.0,2020,10,11,6,3,0,7,0,1,0,0,0,0,0,1,1
11,4,4200310.0,2020,10,20,7,3,5,3,2,0,1,0,0,0,0,0,1
11,1,1100416.0,2020,10,17,7,2,0,1,0,1,0,0,0,0,0,0,1
11,8,8100520.0,2020,10,20,3,3,0,4,2,0,0,1,1,0,0,0,1
11,11,11200411.0,2020,10,11,6,3,5,2,0,1,0,0,0,1,0,0,1
11,11,11200513.0,2020,10,18,6,3,0,3,0,0,1,0,1,0,0,1,1
11,1,1200626.0,2020,10,10,3,3,6,2,0,0,1,1,0,0,0,0,1
11,12,12200309.0,2020,10,11,5,3,0,6,0,0,0,0,1,0,1,1,1
11,4,4400728.0,2020,10,17,1,2,1,1,1,0,1,0,1,0,0,1,1
11,1,1200625.0,2020,10,10,1,3,3,6,0,1,1,0,0,0,0,0,1
11,4,4500939.0,2020,10,16,4,3,2,6,0,0,1,0,0,0,0,1,1
11,6,6300528.0,2020,10,12,6,3,0,3,0,0,1,0,1,0,0,0,1
11,1,1100309.0,2020,10,9,6,3,6,4,0,1,0,1,0,0,0,0,1
11,2,2200213.0,2020,10,9,3,3,0,1,0,0,0,0,1,0,0,1,1
11,3,3300413.0,2020,10,6,6,3,5,3,0,1,1,0,0,0,0,1,1
11,8,8100102.0,2020,10,18,5,3,3,6,1,1,1,0,0,0,0,1,1
11,1,1100206.0,2020,10,17,2,3,5,3,0,1,1,0,0,0,0,0,1
11,11,11200410.0,2020,10,19,2,3,5,3,2,0,1,0,0,0,0,0,1
11,6,6200423.0,2020,10,10,5,3,2,6,0,0,1,0,0,0,0,1,1
11,11,11100204.0,2020,10,13,1,3,5,2,0,0,1,0,0,0,0,1,1
11,7,7100102.0,2020,10,22,1,3,5,2,2,0,1,0,0,0,0,0,1
11,4,4100101.0,2020,10,17,4,3,2,6,0,0,1,0,0,0,0,1,1
11,8,8100102.0,2020,10,6,6,3,0,1,1,0,0,0,1,0,0,1,1
11,8,8401139.0,2020,10,14,6,3,5,3,0,1,1,0,0,0,0,0,1
11,1,1100312.0,2020,10,19,3,3,1,5,2,1,1,0,0,0,0,0,1
11,11,11401032.0,2020,10,13,6,3,1,5,0,1,0,0,1,0,0,0,1
11,1,1100207.0,2020,10,15,5,3,3,6,0,1,0,0,0,0,0,1,1
11,6,6200423.0,2020,10,14,2,2,1,5,0,0,1,0,0,0,0,0,1
11,1,1100313.0,2020,10,15,2,2,5,2,0,1,1,0,0,0,0,0,1
11,3,3500934.0,2020,10,12,4,3,5,2,0,1,1,0,0,0,0,1,1
11,6,6100209.0,2020,10,15,7,2,0,1,0,0,0,0,1,0,0,1,1
11,11,11200410.0,2020,10,13,7,3,2,6,0,0,1,0,0,0,0,0,1
11,2,2200210.0,2020,10,20,4,3,5,7,2,0,1,0,0,0,0,1,1
11,6,6300631.0,2020,10,13,6,3,2,6,0,0,1,0,0,0,0,0,1
11,1,1200626.0,2020,10,9,6,3,5,2,0,1,1,0,0,0,0,1,1
11,10,10200418.0,2020,10,19,6,3,2,6,1,0,1,0,0,0,0,1,1
11,1,1100311.0,2020,10,0,7,3,5,2,2,1,0,0,0,0,0,0,1
11,7,7300517.0,2020,10,10,7,3,2,6,0,1,1,0,0,0,0,0,1
11,11,11100307.0,2020,10,18,4,3,1,5,1,1,1,0,0,0,0,1,1
11,10,10300731.0,2020,10,14,6,3,6,4,0,0,1,1,0,0,0,1,1
11,3,3200308.0,2020,10,13,6,3,5,2,0,0,1,0,0,0,0,1,1
11,10,10400938.0,2020,10,19,6,2,6,4,2,0,1,1,0,0,0,1,1
11,4,4501041.0,2020,10,15,3,3,1,7,0,0,1,0,0,0,0,0,1
11,2,2300316.0,2020,10,19,5,3,2,6,2,0,1,0,0,0,0,1,1
11,1,1100308.0,2020,10,17,2,3,1,5,0,1,1,0,0,0,0,0,1
11,7,7400928.0,2020,10,8,2,3,1,5,0,0,1,0,0,0,1,0,1
11,1,1401048.0,2020,10,6,6,3,3,6,0,1,1,0,0,0,0,1,1
11,1,1100103.0,2020,10,8,5,2,5,2,0,0,1,0,1,0,0,1,1
11,10,10100313.0,2020,10,9,4,3,5,3,0,0,1,0,0,0,0,1,1
11,6,6300524.0,2020,10,12,7,2,5,2,0,1,1,0,0,0,0,0,1
11,2,2300314.0,2020,10,18,7,3,5,2,2,1,1,0,0,0,0,0,1
11,11,11300721.0,2020,10,7,4,2,5,2,0,0,1,0,0,0,1,1,1
11,3,3400827.0,2020,10,14,6,3,6,4,0,0,1,1,0,0,0,0,1
11,1,1200623.0,2020,10,8,6,3,0,1,0,1,0,0,0,0,0,0,1
11,1,1300834.0,2020,10,14,6,3,0,1,0,0,0,0,1,0,0,0,1
11,1,1100102.0,2020,10,23,3,3,8,1,2,1,0,0,0,0,0,0,1
11,1,1300836.0,2020,10,9,6,2,5,3,0,1,1,0,0,0,0,0,1
11,4,4500939.0,2020,10,12,5,3,5,7,0,1,1,0,0,0,0,1,1
11,2,2400623.0,2020,10,19,1,3,3,6,2,0,1,0,1,0,0,1,1
11,2,2500833.0,2020,10,16,1,3,5,3,0,0,1,0,0,0,0,1,1
11,1,1300733.0,2020,10,11,3,3,5,7,0,1,1,0,0,0,0,0,1
11,1,1300732.0,2020,10,16,6,3,6,7,1,1,0,1,0,0,0,0,1
11,7,7501134.0,2020,10,13,5,3,5,3,0,0,1,0,0,0,0,1,1
11,12,12100204.0,2020,10,18,2,2,6,7,1,0,1,1,0,0,0,0,1
11,8,8100312.0,2020,10,0,2,3,1,5,2,1,1,0,0,0,0,0,1
11,3,3400828.0,2020,10,14,6,3,5,3,0,1,1,0,0,0,0,0,1
11,8,8100314.0,2020,10,8,4,3,1,5,0,1,1,0,0,0,0,1,1
11,9,9200715.0,2020,10,8,4,3,5,3,0,0,1,0,0,0,1,1,1
11,8,8200623.0,2020,10,6,6,3,5,3,1,0,1,0,0,0,1,1,1
11,5,5200524.0,2020,10,2,7,2,1,1,2,0,1,0,1,0,0,1,1
11,11,11300725.0,2020,10,15,7,2,5,3,0,0,1,0,0,0,0,0,1
11,10,10100311.0,2020,10,14,3,3,5,3,0,0,1,0,0,0,0,0,1
11,7,7100205.0,2020,10,14,6,3,5,3,0,0,1,0,1,0,0,0,1
11,2,2500834.0,2020,10,7,6,3,6,2,2,0,1,1,0,0,0,1,1
11,9,9100203.0,2020,10,9,3,3,6,3,0,0,1,1,0,0,0,0,1
11,1,1200628.0,2020,10,15,6,3,5,2,0,0,1,0,0,0,0,1,1
11,2,2500830.0,2020,10,10,5,3,2,6,0,0,1,0,1,0,0,1,1
11,11,11100206.0,2020,10,10,1,3,5,3,0,0,1,0,1,0,0,0,1
11,6,6100102.0,2020,10,17,1,3,2,6,0,0,1,0,1,0,0,0,1
11,5,5200420.0,2020,10,14,4,2,2,7,0,0,1,0,0,0,1,1,1
11,8,8200624.0,2020,10,6,6,3,5,2,1,1,1,0,0,0,0,1,1
11,4,4400834.0,2020,10,9,6,3,0,1,0,1,0,0,0,0,0,0,1
11,12,12500824.0,2020,10,15,4,3,2,6,0,0,1,0,0,0,0,1,1
11,1,1200628.0,2020,10,5,6,2,5,2,2,1,1,0,0,0,0,1,1
11,5,5200419.0,2020,10,12,7,3,8,1,0,0,1,0,0,0,0,0,1
11,4,4400830.0,2020,10,18,6,3,5,7,1,0,1,0,0,0,0,1,1
11,2,2400623.0,2020,10,13,3,3,2,6,0,0,1,0,0,0,0,0,1
11,7,7100102.0,2020,10,5,6,3,5,2,2,0,1,0,0,0,0,1,1
11,3,3400828.0,2020,10,19,6,2,5,3,1,0,1,0,0,0,1,1,1
11,2,2100105.0,2020,10,23,2,2,5,3,2,0,1,0,1,0,0,0,1
11,1,1300732.0,2020,10,15,6,3,5,2,0,1,0,0,0,0,1,0,1
11,8,8100520.0,2020,10,5,5,3,9,1,2,0,1,0,0,0,0,1,1
11,2,2400623.0,2020,10,14,1,3,2,2,0,0,1,0,1,0,0,1,1
11,1,1100308.0,2020,10,20,1,3,0,5,2,1,1,0,0,0,0,0,1
11,2,2400521.0,2020,10,17,4,3,0,1,1,0,0,0,1,0,0,1,1
11,10,10400837.0,2020,10,14,5,3,6,7,0,0,1,1,0,0,0,0,1
11,12,12500926.0,2020,10,13,6,3,6,4,0,0,1,1,0,0,0,1,1
11,2,2200208.0,2020,10,15,6,3,5,3,0,1,1,0,0,0,0,0,1
11,7,7501029.0,2020,10,19,3,3,5,2,2,1,1,0,0,0,0,0,1
11,10,10100316.0,2020,10,17,5,3,6,4,1,0,0,1,0,0,1,1,1
11,2,2500835.0,2020,10,14,5,3,5,2,0,1,1,0,0,0,0,1,1
11,1,1300836.0,2020,10,12,2,3,1,5,0,1,1,0,0,0,0,1,1
11,7,7100102.0,2020,10,13,2,2,5,2,0,0,1,0,1,0,0,0,1
11,6,6200312.0,2020,10,17,3,3,2,6,0,0,1,0,0,0,0,0,1
11,8,8100104.0,2020,10,18,5,3,2,6,2,0,1,0,0,0,0,1,1
11,10,10400940.0,2020,10,19,5,3,5,2,2,0,1,0,0,0,1,1,1
11,4,4500936.0,2020,10,15,2,3,5,2,0,0,1,0,1,0,0,0,1
11,7,7601544.0,2020,10,13,7,3,6,4,0,0,1,1,0,0,0,0,1
11,1,1401044.0,2020,10,16,7,3,5,7,0,1,1,0,0,0,0,0,1
11,5,5200528.0,2020,10,18,4,2,5,2,1,0,1,0,1,0,0,1,1