LAND,BEZ,LOR_ab_2021,UJAHR,UMONAT,USTUNDE,UWOCHENTAG,UKATEGORIE,UART,UTYP1,ULICHTVERH,IstRad,IstPKW,IstFuss,IstKrad,IstGkfz,IstSonstige,USTRZUSTAND,lockdown
11,9,9501941.0,2020,10,9,5,3,5,2,0,1,1,0,0,0,0,0,1
11,6,6100103.0,2020,10,10,6,3,2,6,0,1,0,0,0,0,0,0,1
11,2,2500833.0,2020,10,15,6,3,5,2,0,1,1,0,0,0,0,0,1
11,10,10200417.0,2020,10,15,3,3,5,2,0,1,1,0,0,0,0,0,1
11,1,1401049.0,2020,10,17,6,3,5,2,0,1,1,0,0,0,0,0,1
11,9,9401534.0,2020,10,12,5,2,5,3,0,0,1,0,0,0,1,0,1
11,3,3601245.0,2020,10,17,2,3,5,3,0,1,1,0,0,0,0,0,1
11,8,8100310.0,2020,10,12,2,3,1,5,0,1,1,0,0,0,0,0,1
11,9,9401431.0,2020,10,17,6,2,5,2,0,1,0,0,0,1,0,0,1
11,2,2200212.0,2020,10,1,5,3,1,5,2,0,1,0,0,0,1,1,1
11,6,6400844.0,2020,10,9,4,3,3,6,0,0,1,0,0,1,0,1,1
11,7,7501134.0,2020,10,16,7,3,0,3,0,0,1,0,1,0,0,0,1
11,1,1400942.0,2020,10,17,7,3,2,6,0,1,1,0,0,0,0,0,1
11,4,4100101.0,2020,10,7,4,3,2,6,0,0,1,0,0,0,1,1,1
11,3,3701556.0,2020,10,9,5,3,0,6,0,0,1,0,1,0,0,1,1
11,7,7400928.0,2020,10,11,4,3,2,6,0,0,1,0,0,0,0,1,1
11,3,3601245.0,2020,10,19,7,3,2,6,2,0,1,0,1,0,0,0,1
11,1,1200624.0,2020,10,11,7,3,5,2,0,1,1,0,0,0,0,0,1
11,1,1401048.0,2020,10,19,4,3,2,1,2,0,1,0,0,0,0,1,1
11,4,4500937.0,2020,10,10,5,3,6,7,0,0,1,1,0,0,0,0,1
11,11,11300722.0,2020,10,9,6,2,5,3,0,1,1,0,0,0,0,0,1
11,8,8100419.0,2020,10,15,6,3,5,3,0,0,1,0,1,0,0,0,1
11,1,1401043.0,2020,10,14,3,3,0,1,0,0,0,0,1,0,0,0,1
11,11,11300721.0,2020,10,13,5,3,5,2,0,0,1,0,0,0,0,1,1
11,8,8401241.0,2020,10,20,2,3,3,6,2,0,1,0,0,0,0,0,1
11,9,9100306.0,2020,10,22,1,2,5,2,2,0,1,0,1,0,0,0,1
11,2,2500836.0,2020,10,15,5,3,5,3,0,1,0,0,1,0,0,1,1
11,8,8100521.0,2020,10,15,4,3,5,3,0,0,1,0,0,0,0,1,1
11,9,9200715.0,2020,10,18,5,3,5,3,1,1,1,0,0,0,0,1,1
11,8,8200622.0,2020,10,11,7,3,2,6,0,0,1,0,0,0,0,0,1
11,7,7601442.0,2020,10,15,7,3,5,3,0,0,1,0,0,0,0,0,1
11,11,11400929.0,2020,10,14,3,3,5,2,0,1,1,0,0,0,0,0,1
11,5,5100316.0,2020,10,17,5,3,5,2,0,0,1,0,0,0,1,1,1
11,2,2500727.0,2020,10,19,6,3,0,1,1,0,0,0,1,0,0,1,1
11,9,9501939.0,2020,10,16,2,3,3,6,0,0,1,0,0,0,0,1,1
11,4,4400726.0,2020,10,17,6,2,4,6,0,1,0,0,0,0,0,1,1
11,11,11400929.0,2020,10,10,5,3,1,1,0,0,1,0,0,0,0,1,1
11,12,12200515.0,2020,10,17,5,3,5,3,0,1,1,0,0,0,0,1,1
11,1,1401049.0,2020,10,8,6,3,5,2,0,1,1,0,0,0,0,0,1
11,3,3300514.0,2020,10,10,3,3,0,3,0,1,0,0,0,0,0,0,1
11,4,4200310.0,2020,10,11,5,3,5,3,0,1,1,0,0,0,0,1,1
11,5,5100316.0,2020,10,19,1,3,0,6,2,0,1,0,1,0,0,1,1
11,12,12200309.0,2020,10,10,1,3,6,4,0,0,0,1,0,0,1,0,1
11,4,4200311.0,2020,10,17,4,3,2,6,0,0,1,0,0,0,0,1,1
11,2,2500726.0,2020,10,16,5,3,3,6,0,1,1,0,0,0,0,1,1
11,2,2200213.0,2020,10,8,6,3,0,2,0,1,0,0,0,0,1,0,1
11,1,1100415.0,2020,10,6,6,2,0,1,1,1,0,0,0,0,0,0,1
11,10,10200420.0,2020,10,23,3,3,0,1,2,1,0,0,0,0,0,0,1
11,6,6300633.0,2020,10,16,5,3,0,6,0,0,1,0,1,0,0,1,1
11,3,3300412.0,2020,10,17,5,3,0,3,0,1,0,0,0,0,1,0,1
11,1,1400938.0,2020,10,18,2,3,5,2,1,1,1,0,0,0,0,0,1
11,6,6300526.0,2020,10,15,1,2,0,7,0,0,1,0,0,0,0,1,1
11,6,6200312.0,2020,10,7,1,3,1,5,0,0,1,0,0,0,0,0,1
11,4,4300416.0,2020,10,18,4,3,2,2,1,0,1,0,1,0,0,1,1
11,10,10200418.0,2020,10,16,5,3,5,3,0,1,1,0,0,0,0,1,1
11,8,8200727.0,2020,10,12,1,3,5,3,0,0,1,0,0,0,0,1,1
11,1,1200521.0,2020,10,16,1,3,2,7,0,1,1,0,0,0,0,0,1
11,5,5300737.0,2020,10,13,4,3,1,5,0,0,1,0,0,0,0,1,1
11,9,9100305.0,2020,10,16,5,3,5,2,0,0,1,0,1,0,0,1,1
11,8,8401242.0,2020,10,15,6,3,5,3,0,0,1,0,0,0,0,0,1
11,2,2500830.0,2020,10,18,3,3,3,6,2,1,1,0,0,0,0,0,1
11,1,1100206.0,2020,10,15,5,3,0,1,0,1,0,0,0,0,0,1,1
11,1,1401049.0,2020,10,17,5,3,2,6,0,0,1,0,0,0,1,1,1
11,4,4100101.0,2020,10,14,2,2,3,5,0,1,1,0,0,0,0,0,1
11,1,1300733.0,2020,10,16,2,3,2,6,0,0,1,0,0,0,0,0,1
11,1,1100310.0,2020,10,18,6,2,4,2,1,1,1,0,0,0,0,1,1
11,1,1100308.0,2020,10,10,4,3,5,2,0,1,1,0,0,0,0,1,1
11,2,2100106.0,2020,10,23,7,3,2,6,2,0,1,0,0,0,0,0,1
11,3,3601450.0,2020,10,13,7,3,0,7,0,0,1,0,1,0,0,0,1
11,10,10100313.0,2020,10,21,4,3,6,2,2,0,1,1,0,0,0,1,1
11,12,12500926.0,2020,10,15,5,2,5,3,0,1,1,0,0,0,0,0,1
11,12,12601031.0,2020,10,12,6,3,0,1,0,0,0,0,1,0,0,1,1
11,5,5400942.0,2020,10,14,6,3,0,1,0,1,0,0,0,0,0,1,1
11,12,12601236.0,2020,10,15,3,3,5,3,0,1,1,0,0,0,0,0,1
11,12,12200310.0,2020,10,15,5,3,6,4,0,0,1,1,0,0,0,1,1
11,1,1100309.0,2020,10,13,6,2,6,4,0,0,1,1,0,0,0,1,1
11,5,5100316.0,2020,10,20,6,3,2,6,2,0,1,0,0,0,0,1,1
11,3,3601450.0,2020,10,15,3,3,2,6,0,0,1,0,0,0,0,0,1
11,2,2100104.0,2020,10,17,5,3,0,4,1,1,0,1,0,0,0,1,1
11,9,9100409.0,2020,10,11,2,3,2,6,0,0,1,0,1,0,0,0,1
11,8,8401241.0,2020,10,11,2,1,6,4,0,0,0,1,0,1,0,0,1
11,2,2400625.0,2020,10,9,5,3,5,2,0,1,1,0,0,0,0,1,1
11,5,5300840.0,2020,10,9,4,2,0,3,0,1,1,0,0,0,0,1,1
11,1,1400938.0,2020,10,19,7,3,5,3,2,0,1,0,0,0,0,0,1
11,8,8100206.0,2020,10,16,7,3,2,7,0,0,1,0,0,0,1,0,1
11,9,9301025.0,2020,10,7,4,3,6,2,1,0,1,1,0,0,0,1,1
11,9,9200818.0,2020,10,9,5,3,6,2,0,0,1,1,0,0,0,0,1
11,12,12601235.0,2020,10,9,6,3,1,5,0,0,1,0,0,0,0,0,1
11,4,4500939.0,2020,10,20,6,3,1,1,2,0,1,0,0,0,1,1,1
11,4,4400835.0,2020,10,11,3,3,0,1,0,0,0,0,1,0,0,0,1
11,9,9501939.0,2020,10,13,5,3,0,1,0,1,0,0,0,0,0,1,1
11,7,7100205.0,2020,10,18,1,3,5,3,2,0,1,0,0,0,0,1,1
11,4,4200308.0,2020,10,18,1,3,2,6,2,0,1,0,0,0,0,0,1
11,1,1100309.0,2020,10,15,4,3,5,3,0,1,0,0,1,0,0,1,1
11,1,1100309.0,2020,10,15,5,2,1,5,0,1,1,0,0,0,0,1,1
11,4,4400726.0,2020,10,11,7,3,5,2,0,1,1,0,0,0,0,0,1
11,11,11300620.0,2020,10,23,6,2,5,2,2,1,1,0,0,0,0,1,1
11,5,5200630.0,2020,10,17,2,3,6,4,1,0,1,1,0,0,0,0,1
11,2,2400521.0,2020,10,5,2,3,2,6,2,0,1,0,0,0,0,0,1
11,7,7300517.0,2020,10,14,5,3,5,2,0,1,1,0,0,0,0,0,1
11,7,7100102.0,2020,10,16,4,3,2,6,0,0,1,0,0,0,0,0,1
11,4,4300416.0,2020,10,8,4,3,8,1,0,0,1,0,0,0,0,1,1
11,3,3601245.0,2020,10,9,5,3,5,2,0,1,1,0,0,0,0,0,1
11,5,5300736.0,2020,10,23,7,3,6,4,2,0,1,1,0,0,0,0,1
11,5,5100314.0,2020,10,16,7,3,6,7,0,0,0,1,0,0,1,0,1
11,1,1300834.0,2020,10,14,3,3,4,6,0,1,0,0,0,0,0,0,1
11,4,4200308.0,2020,10,11,5,3,2,6,0,0,1,0,0,0,0,0,1
11,10,10200418.0,2020,10,8,6,2,5,2,0,1,0,0,0,1,0,0,1
11,6,6400735.0,2020,10,8,3,3,1,5,0,0,1,0,0,0,0,0,1
11,5,5100209.0,2020,10,10,5,3,6,7,0,0,1,1,0,0,0,1,1
11,3,3300517.0,2020,10,0,1,3,9,7,2,0,0,0,0,0,1,0,1
11,1,1100207.0,2020,10,8,1,3,1,5,0,1,1,0,0,0,0,0,1
11,5,5300840.0,2020,10,14,4,3,2,6,1,0,1,0,0,0,0,1,1
11,6,6300528.0,2020,10,11,5,3,2,6,0,0,1,0,0,0,0,0,1
11,5,5100208.0,2020,10,17,6,2,8,1,0,0,1,0,0,0,0,1,1
11,11,11501238.0,2020,10,20,3,3,5,3,2,1,1,0,0,0,0,0,1
11,9,9200510.0,2020,10,10,5,3,5,3,0,1,1,0,0,0,0,0,1
11,9,9200715.0,2020,10,7,5,3,2,6,0,0,1,0,0,0,0,0,1
11,10,10400940.0,2020,10,13,3,3,6,4,0,0,1,1,0,0,0,0,1
11,4,4200308.0,2020,10,10,5,3,5,3,0,0,1,0,0,0,0,0,1
11,1,1300836.0,2020,10,3,6,2,8,1,2,0,1,0,1,0,0,1,1
11,4,4501040.0,2020,10,0,2,3,9,1,2,0,1,0,0,0,0,1,1
11,12,12200309.0,2020,10,8,5,3,5,2,0,1,0,0,0,0,1,1,1
11,2,2100102.0,2020,10,14,1,3,5,3,0,0,1,0,0,0,0,1,1
11,4,4200311.0,2020,10,0,1,2,5,3,2,0,1,0,0,0,1,0,1
11,10,10100316.0,2020,10,17,4,3,2,6,2,0,1,0,0,0,0,1,1
11,8,8200832.0,2020,10,10,5,3,5,7,0,1,1,0,0,0,0,0,1
11,1,1200521.0,2020,10,14,6,3,5,5,0,0,1,0,1,0,0,0,1
11,3,3701554.0,2020,10,19,3,3,6,2,2,0,1,1,0,0,0,0,1
11,1,1200522.0,2020,10,9,5,3,5,2,0,1,1,0,0,0,0,0,1
11,1,1100207.0,2020,10,15,5,3,5,2,0,1,0,0,0,0,1,1,1
11,8,8200833.0,2020,10,14,2,3,3,6,0,0,1,0,0,0,1,0,1
11,1,1401048.0,2020,10,15,2,3,5,2,0,1,0,0,0,0,1,0,1
11,3,3601450.0,2020,10,11,4,3,6,4,0,0,1,1,0,0,0,1,1
11,9,9100203.0,2020,10,19,7,3,2,6,2,0,1,0,1,0,0,0,1
11,2,2200210.0,2020,10,12,7,3,2,6,0,0,1,0,1,0,0,0,1
11,6,6300632.0,2020,10,16,2,3,1,5,0,1,1,0,0,0,0,0,1
11,8,8100209.0,2020,10,13,7,3,5,3,0,0,1,0,0,0,0,0,1
11,5,5100211.0,2020,10,16,7,3,0,1,0,0,0,0,0,0,1,0,1
11,1,1300836.0,2020,10,18,4,3,2,6,1,0,1,0,0,0,0,1,1
11,9,9301126.0,2020,10,9,5,3,5,2,0,1,1,0,0,0,0,0,1
11,2,2100104.0,2020,10,11,6,3,3,6,0,0,1,0,1,0,0,0,1
11,7,7400826.0,2020,10,23,6,3,1,5,2,1,1,0,0,0,0,1,1
11,11,11200514.0,2020,10,15,3,3,5,2,0,1,1,0,0,0,0,0,1
11,2,2100102.0,2020,10,18,6,3,5,3,1,1,1,0,0,0,0,1,1
11,8,8100103.0,2020,10,23,5,3,2,6,2,0,1,0,0,0,0,1,1
11,11,11100205.0,2020,10,17,2,3,2,6,0,0,1,0,0,0,0,0,1
11,7,7601236.0,2020,10,8,2,3,6,4,0,0,1,1,0,0,0,0,1
11,4,4300412.0,2020,10,18,6,3,5,3,1,1,1,0,0,0,0,1,1
11,11,11200514.0,2020,10,6,5,3,5,3,2,1,1,0,0,0,0,1,1
11,3,3701554.0,2020,10,9,4,3,0,2,0,1,0,0,1,0,0,1,1
11,9,9100304.0,2020,10,18,7,3,2,6,1,0,0,0,1,0,1,0,1
11,1,1100205.0,2020,10,17,7,3,3,6,0,0,1,0,1,0,0,0,1
11,1,1100309.0,2020,10,7,4,2,6,4,0,1,0,1,0,0,0,0,1
11,1,1100311.0,2020,10,9,5,3,5,3,0,1,0,0,0,0,1,0,1
11,1,1200626.0,2020,10,8,6,3,5,2,0,1,1,0,0,0,0,0,1
11,7,7400823.0,2020,10,11,3,3,3,6,0,0,1,0,0,0,0,0,1
11,9,9200715.0,2020,10,8,2,3,5,2,0,1,1,0,0,0,0,1,1
11,8,8300934.0,2020,10,10,4,3,0,5,0,1,1,0,0,0,0,1,1
11,3,3500934.0,2020,10,7,4,3,5,2,0,1,1,0,0,0,0,0,1
11,6,6200311.0,2020,10,17,2,3,6,2,2,0,1,1,0,0,0,0,1
11,6,6300524.0,2020,10,17,6,3,6,4,2,0,1,1,0,0,0,1,1
11,11,11300617.0,2020,10,8,2,3,5,3,0,0,1,0,1,0,0,1,1
11,1,1100308.0,2020,10,14,5,3,3,6,0,1,1,0,0,0,0,1,1
11,1,1100312.0,2020,10,17,2,3,5,2,1,1,1,0,0,0,0,1,1
11,2,2400520.0,2020,10,10,4,3,2,6,0,1,1,0,0,0,0,1,1
11,4,4300416.0,2020,10,17,2,3,2,6,1,0,1,0,0,0,0,0,1
11,1,1100309.0,2020,10,9,4,3,0,5,0,0,1,0,1,0,0,1,1
11,6,6400839.0,2020,10,19,4,3,1,5,2,1,1,0,0,0,0,1,1
11,1,1100102.0,2020,10,17,2,3,2,6,1,0,1,0,1,0,0,1,1
11,2,2500835.0,2020,10,17,2,3,6,2,1,0,1,1,0,0,0,1,1
11,4,4400728.0,2020,10,7,4,3,5,7,0,0,1,0,0,0,1,1,1
11,1,1300732.0,2020,10,12,3,3,6,4,0,0,1,1,0,0,0,0,1
11,7,7501029.0,2020,10,20,6,3,0,3,2,0,1,0,1,0,0,1,1
11,1,1400938.0,2020,10,17,2,3,5,2,1,1,1,0,0,0,0,1,1
11,8,8100103.0,2020,10,13,5,3,6,4,0,1,0,1,0,0,0,1,1
11,4,4501148.0,2020,10,15,5,3,5,2,0,0,1,0,0,0,0,0,1
11,5,5100208.0,2020,10,17,2,3,5,2,1,0,1,0,0,0,0,1,1
11,9,9100306.0,2020,10,13,5,3,0,1,0,0,0,0,1,0,0,0,1
11,8,8200832.0,2020,10,14,2,3,5,2,0,0,1,0,0,0,0,0,1
11,10,10200421.0,2020,10,14,2,2,6,4,0,0,1,1,0,0,0,0,1
11,4,4501043.0,2020,10,7,4,3,6,2,0,0,1,1,0,0,0,1,1
11,2,2100101.0,2020,10,12,4,3,1,5,0,1,1,0,0,0,0,0,1
11,6,6200313.0,2020,10,14,2,3,5,2,0,0,1,0,0,0,1,0,1
11,9,9501941.0,2020,10,14,2,3,5,2,0,1,1,0,0,0,0,0,1
11,1,1401045.0,2020,10,7,4,3,2,6,1,0,1,0,0,0,0,1,1
11,1,1100206.0,2020,10,17,3,3,6,2,2,0,1,1,0,0,0,0,1
11,2,2400625.0,2020,10,6,6,3,6,2,1,0,0,1,0,0,1,1,1
11,3,3500934.0,2020,10,13,2,3,3,6,0,0,1,0,0,0,1,0,1
11,1,1100308.0,2020,10,10,5,3,1,5,0,1,1,0,0,0,0,1,1
11,1,1100104.0,2020,10,8,5,3,5,2,0,1,1,0,0,0,0,1,1
11,2,2100106.0,2020,10,15,2,3,5,7,0,0,1,0,0,0,0,0,1
11,4,4501151.0,2020,10,12,2,3,2,6,0,0,0,0,1,0,1,1,1
11,8,8100520.0,2020,10,6,4,3,9,1,2,0,1,0,0,0,0,1,1
11,8,8100102.0,2020,10,14,4,3,5,3,0,1,1,0,0,0,0,0,1
11,11,11100307.0,2020,10,13,2,2,6,4,0,0,1,1,0,0,0,0,1
11,5,5200528.0,2020,10,5,6,3,0,1,2,0,0,0,1,0,0,1,1
11,5,5100316.0,2020,10,11,2,3,3,2,0,0,1,0,1,0,0,0,1
11,8,8100209.0,2020,10,22,3,3,0,3,2,1,1,0,0,0,0,1,1
11,1,1400938.0,2020,10,20,3,3,2,2,2,0,1,0,0,0,0,0,1
11,3,3400620.0,2020,10,7,2,3,5,3,0,1,1,0,0,0,0,0,1
11,12,12601032.0,2020,10,8,3,3,6,4,0,0,1,1,0,0,0,0,1
11,9,9100407.0,2020,10,8,4,3,2,6,0,1,1,0,0,0,0,1,1
11,3,3601244.0,2020,10,7,2,3,5,3,0,1,1,0,0,0,0,1,1
11,1,1200628.0,2020,10,20,3,3,6,4,2,1,0,1,0,0,0,1,1
11,11,11200514.0,2020,10,16,3,3,5,2,1,1,1,0,0,0,0,0,1
11,4,4200310.0,2020,10,13,6,3,5,3,0,0,1,0,0,0,1,1,1
11,6,6300629.0,2020,10,13,1,3,1,5,0,1,1,0,0,0,0,1,1
11,3,3400723.0,2020,10,15,5,3,6,4,0,0,1,1,0,0,0,1,1
11,1,1100101.0,2020,10,17,1,3,6,7,1,1,0,1,0,0,0,0,1
11,4,4500937.0,2020,10,7,5,3,5,2,0,0,1,0,0,0,0,1,1
11,4,4400728.0,2020,10,14,1,3,1,5,0,1,1,0,0,0,0,0,1
11,2,2200208.0,2020,10,18,1,3,5,2,2,1,1,0,0,0,0,0,1
11,1,1401045.0,2020,10,19,3,3,2,2,2,1,1,0,0,0,0,0,1
11,4,4300517.0,2020,10,18,4,3,6,4,1,0,1,1,0,0,0,0,1
11,3,3300412.0,2020,10,12,2,3,5,3,0,0,1,0,0,0,0,1,1
11,4,4300412.0,2020,10,17,6,3,5,2,1,0,1,0,0,0,0,1,1
11,11,11100204.0,2020,10,15,1,2,5,3,0,0,1,0,0,0,0,0,1
11,4,4300416.0,2020,10,15,5,3,0,2,1,1,1,0,0,0,0,1,1
11,6,6200316.0,2020,10,16,1,3,5,2,0,1,0,0,0,0,1,0,1
11,2,2100101.0,2020,10,19,3,3,2,2,2,1,0,0,0,0,0,1,1
11,5,5200420.0,2020,10,15,1,3,1,5,0,0,1,0,0,0,0,0,1
11,12,12601235.0,2020,10,15,1,3,5,2,0,0,1,0,1,0,0,0,1
11,2,2300315.0,2020,10,16,6,3,0,1,1,0,0,0,1,0,0,1,1
11,8,8100312.0,2020,10,14,1,3,5,2,0,1,1,0,0,0,0,0,1
11,7,7601238.0,2020,10,12,1,3,3,6,0,1,1,0,0,0,0,0,1
11,4,4100101.0,2020,10,10,1,3,0,1,0,0,0,0,1,0,0,0,1
11,9,9100407.0,2020,10,17,4,3,5,2,1,1,1,0,0,0,0,0,1
11,5,5300735.0,2020,10,10,1,3,5,2,0,0,1,0,1,0,0,0,1
11,2,2100106.0,2020,10,9,1,3,5,3,0,0,1,0,0,0,0,0,1
11,7,7100101.0,2020,10,19,3,3,2,6,2,0,1,0,0,0,0,1,1
11,2,2300316.0,2020,10,6,4,3,0,1,1,0,0,0,1,0,0,1,1
11,10,10400837.0,2020,10,9,2,3,5,3,0,0,1,0,0,0,1,1,1
11,3,3601346.0,2020,10,10,6,3,0,1,0,1,0,0,0,0,0,1,1
11,5,5200423.0,2020,10,9,1,3,5,2,0,1,1,0,0,0,0,0,1
11,6,6300632.0,2020,10,14,5,3,5,3,0,1,1,0,0,0,0,0,1
11,7,7100101.0,2020,10,11,7,3,0,3,0,0,0,0,1,0,1,1,1
11,1,1100103.0,2020,10,19,3,3,6,2,2,0,1,1,0,0,0,1,1
11,10,10300731.0,2020,10,13,7,2,0,3,0,1,1,0,0,0,0,1,1
11,7,7200413.0,2020,10,19,3,3,0,1,2,1,0,0,0,0,0,1,1
11,12,12500926.0,2020,10,10,4,3,5,3,0,0,1,0,0,0,0,0,1
11,1,1100103.0,2020,10,0,7,3,2,2,2,0,1,0,0,0,0,1,1
11,7,7400825.0,2020,10,23,7,3,1,5,2,0,1,0,0,0,0,0,1
11,7,7100102.0,2020,10,18,3,3,5,2,2,0,1,0,0,0,1,0,1
11,11,11200512.0,2020,10,19,3,3,0,6,2,1,0,0,0,0,0,0,1
11,4,4500937.0,2020,10,11,3,3,1,5,0,1,1,0,0,0,0,0,1
11,8,8100314.0,2020,10,11,4,3,6,2,0,0,1,1,0,0,0,1,1
11,4,4300623.0,2020,10,23,7,3,8,1,2,0,0,0,1,0,0,0,1
11,11,11200514.0,2020,10,14,7,3,2,6,0,0,1,0,0,0,0,0,1
11,1,1100102.0,2020,10,18,3,3,2,6,2,0,1,0,0,0,0,0,1
11,4,4400835.0,2020,10,13,3,3,3,6,0,1,0,0,0,0,1,0,1
11,10,10400940.0,2020,10,19,6,3,0,1,2,0,0,0,1,0,0,1,1
11,1,1100205.0,2020,10,13,7,3,2,7,0,0,1,0,0,0,0,0,1
11,8,8100312.0,2020,10,23,5,3,0,7,2,1,0,0,0,0,0,0,1
11,10,10300731.0,2020,10,10,7,3,3,2,0,0,1,0,0,0,1,0,1
11,2,2200210.0,2020,10,6,7,3,5,3,2,0,1,0,0,0,0,1,1
11,10,10300734.0,2020,10,10,3,3,0,2,0,0,0,0,0,0,1,0,1
11,1,1300836.0,2020,10,13,4,3,5,2,0,1,1,0,0,0,0,0,1
11,1,1401048.0,2020,10,1,7,3,0,1,2,0,0,0,1,0,0,1,1
11,12,12200515.0,2020,10,8,3,3,5,2,0,1,1,0,0,0,0,0,1
11,4,4501042.0,2020,10,10,3,2,5,2,0,0,1,0,1,0,0,0,1
11,11,11100309.0,2020,10,10,6,3,6,2,0,0,1,1,0,0,0,1,1
11,1,1300834.0,2020,10,21,7,3,3,6,2,0,1,0,0,0,0,0,1
11,3,3601245.0,2020,10,10,5,3,0,2,0,1,1,0,0,0,0,1,1
11,1,1100310.0,2020,10,8,5,3,0,2,0,1,1,0,0,0,0,1,1
11,6,6100101.0,2020,10,9,6,3,5,2,0,1,0,0,0,1,0,1,1
11,4,4300619.0,2020,10,19,7,2,1,5,2,0,1,0,0,0,0,0,1
11,5,5100316.0,2020,10,12,5,3,1,5,0,1,1,0,0,0,0,1,1
11,5,5300737.0,2020,10,14,5,3,5,2,0,1,1,0,0,0,0,1,1
11,4,4501041.0,2020,10,18,7,3,5,3,1,0,1,0,0,0,0,0,1
11,1,1100310.0,2020,10,18,7,3,1,5,2,1,1,0,0,0,0,0,1
11,11,11300618.0,2020,10,18,3,2,6,4,2,0,1,1,0,0,0,1,1
11,4,4100101.0,2020,10,8,4,3,5,2,0,1,1,0,0,0,0,1,1
11,11,11100205.0,2020,10,5,6,3,5,3,2,0,1,0,0,0,1,1,1
11,1,1300733.0,2020,10,15,7,3,6,4,0,1,0,1,0,0,0,0,1
11,1,1100207.0,2020,10,9,3,3,5,2,0,1,1,0,0,0,0,0,1
11,7,7400824.0,2020,10,10,3,3,1,7,0,0,1,0,0,0,0,0,1
11,9,9200715.0,2020,10,14,6,3,5,3,0,0,0,0,1,0,1,1,1
11,3,3200204.0,2020,10,15,7,3,2,2,0,0,1,0,1,0,0,0,1
11,4,4300621.0,2020,10,15,7,3,1,5,0,1,1,0,0,0,0,0,1
11,9,9501939.0,2020,10,7,5,3,2,6,0,0,1,0,0,0,1,1,1
11,7,7300517.0,2020,10,15,7,3,3,3,0,1,1,0,0,0,0,0,1
11,1,1100308.0,2020,10,16,7,3,6,4,0,0,1,1,0,0,0,0,1
11,4,4400835.0,2020,10,18,3,3,2,6,2,0,1,0,0,0,0,0,1
11,6,6300528.0,2020,10,7,4,3,2,6,0,0,1,0,1,0,0,1,1
11,4,4100102.0,2020,10,11,2,3,0,1,0,0,0,0,1,0,0,1,1
11,7,7400825.0,2020,10,17,6,3,5,7,1,0,1,0,0,0,0,1,1
11,6,4200207.0,2020,10,17,7,2,0,6,1,1,1,0,0,0,0,0,1
11,9,9501939.0,2020,10,16,7,2,6,4,0,0,1,1,0,0,0,0,1
11,3,3601451.0,2020,10,8,3,3,5,3,0,0,1,0,0,0,0,0,1
11,4,4501153.0,2020,10,16,4,2,5,3,0,0,1,0,1,0,0,0,1
11,2,2200208.0,2020,10,11,2,3,2,6,0,0,1,0,0,0,0,1,1
11,11,11501339.0,2020,10,16,6,3,5,2,1,1,1,0,0,0,0,1,1
11,1,1300733.0,2020,10,15,7,2,0,1,0,0,0,0,1,0,0,0,1
11,3,3601140.0,2020,10,14,3,3,6,7,0,0,1,1,0,0,0,0,1
11,4,4300412.0,2020,10,8,5,3,0,3,1,1,1,0,0,0,0,1,1
11,12,12200413.0,2020,10,14,7,3,5,5,0,0,1,0,0,0,0,0,1
11,4,4501040.0,2020,10,9,3,3,0,7,0,1,1,0,0,0,0,1,1
11,9,9100306.0,2020,10,18,7,1,3,6,2,0,1,0,1,0,0,0,1
11,6,6300631.0,2020,10,9,6,3,5,2,0,1,1,0,0,0,0,0,1
11,4,4300412.0,2020,10,8,4,3,5,2,0,1,1,0,0,0,0,1,1
11,7,7400823.0,2020,10,18,6,2,6,4,2,0,1,1,0,0,0,1,1
11,7,7400822.0,2020,10,16,6,3,2,6,0,0,1,0,0,0,0,1,1
11,1,1100313.0,2020,10,8,3,2,5,3,0,1,1,0,0,0,0,0,1
11,4,4501042.0,2020,10,12,3,2,6,2,0,0,0,1,0,0,1,0,1
11,2,2200208.0,2020,10,11,2,3,2,7,0,0,0,0,1,0,1,1,1
11,1,1401044.0,2020,10,6,6,3,5,2,1,1,1,0,0,0,0,1,1
11,1,1100103.0,2020,10,23,6,3,0,1,2,0,0,0,1,0,0,1,1
11,3,3300413.0,2020,10,22,3,3,5,2,2,0,1,0,0,0,0,0,1
11,1,1100309.0,2020,10,13,5,3,0,3,0,1,0,0,1,0,0,1,1
11,2,2200213.0,2020,10,22,6,3,2,5,2,0,1,0,1,0,0,1,1
11,8,8100415.0,2020,10,22,6,3,0,3,2,0,1,0,1,0,0,1,1
11,2,2400520.0,2020,10,6,3,2,4,6,2,1,1,0,0,0,0,1,1
11,10,10300734.0,2020,10,15,5,2,3,6,0,1,0,0,0,0,0,0,1
11,4,4501146.0,2020,10,21,6,3,2,6,2,0,1,0,0,0,0,1,1
11,9,9200819.0,2020,10,7,3,3,1,5,0,1,0,0,0,0,1,0,1
11,4,4501042.0,2020,10,20,6,3,9,1,2,0,1,1,0,0,0,1,1