LAND,BEZ,LOR_ab_2021,UJAHR,UMONAT,USTUNDE,UWOCHENTAG,UKATEGORIE,UART,UTYP1,ULICHTVERH,IstRad,IstPKW,IstFuss,IstKrad,IstGkfz,IstSonstige,USTRZUSTAND,lockdown
11,10,10010204.0,2019,10,10,1,3,9,1,0,0,1,0,0,0,0,0,0
11,3,3020209.0,2019,6,12,1,3,4,6,0,0,1,0,0,0,0,0,0
11,4,4041137.0,2019,9,16,5,3,2,6,0,0,1,0,0,0,0,0,0
11,1,1011304.0,2019,6,15,6,2,0,6,0,1,0,0,0,0,0,0,0
11,1,1011102.0,2019,5,22,2,3,5,2,2,0,1,0,0,0,0,0,0
11,7,7040402.0,2019,11,17,4,3,2,6,2,0,1,0,0,0,0,0,0
11,2,2050602.0,2019,6,15,6,3,0,7,0,0,0,0,1,0,1,1,0
11,7,7050502.0,2019,12,11,2,2,6,7,0,0,1,1,0,0,0,1,0
11,6,6030503.0,2019,8,8,3,3,6,2,0,0,1,1,0,0,0,0,0
11,7,7020202.0,2019,5,18,2,3,2,6,0,0,1,0,0,0,0,1,0
11,1,1011303.0,2019,10,8,3,3,5,2,0,0,0,0,0,1,0,0,0
11,3,3020209.0,2019,9,9,5,3,0,1,0,1,0,0,0,0,0,0,0
11,10,10010308.0,2019,8,17,2,3,5,3,0,1,0,0,0,0,0,0,0
11,11,11030721.0,2019,5,7,2,3,5,2,0,1,1,0,0,0,0,0,0
11,7,7030303.0,2019,9,16,7,3,2,6,1,0,1,0,0,0,0,1,0
11,2,2010101.0,2019,6,11,3,3,5,3,0,1,1,0,0,0,0,0,0
11,2,2050802.0,2019,9,17,5,3,3,7,0,1,1,0,0,0,0,0,0
11,10,10030726.0,2019,12,7,6,3,3,6,2,0,1,0,0,0,0,1,0
11,9,9010201.0,2019,6,14,6,3,6,4,0,0,1,1,0,0,0,0,0
11,11,11030721.0,2019,8,12,2,3,2,6,0,0,1,0,1,0,0,0,0
11,1,1044201.0,2019,5,10,2,3,3,6,0,1,0,0,0,0,0,0,0
11,6,6030503.0,2019,11,17,5,3,2,6,2,0,1,0,0,0,0,0,0
11,7,7060603.0,2019,11,14,2,3,6,4,0,0,1,1,0,0,0,0,0
11,4,4041239.0,2019,8,13,1,3,2,6,0,0,1,0,0,0,0,0,0
11,7,7040403.0,2019,5,14,1,3,0,7,0,0,1,0,1,0,0,0,0
11,1,1011102.0,2019,10,15,4,3,4,6,0,1,0,0,0,0,1,1,0
11,7,7010104.0,2019,9,17,5,2,6,4,0,0,1,1,0,0,0,0,0
11,3,3061429.0,2019,6,14,6,2,6,4,0,0,1,1,0,0,0,0,0
11,4,4020310.0,2019,8,13,1,3,2,6,0,0,1,0,0,0,0,0,0
11,12,12103219.0,2019,5,19,1,3,1,5,0,0,1,0,0,0,0,0,0
11,5,5020629.0,2019,6,5,5,3,2,6,0,0,1,0,0,0,0,0,0
11,11,11010101.0,2019,9,17,5,3,0,2,0,1,1,0,0,0,0,0,0
11,7,7040403.0,2019,12,7,5,3,2,6,1,0,1,0,0,0,0,1,0
11,12,12103219.0,2019,6,7,5,3,3,6,0,1,0,0,0,1,0,0,0
11,2,2050602.0,2019,8,9,7,3,2,6,0,0,1,0,0,0,0,0,0
11,2,2020202.0,2019,11,15,6,3,2,6,0,1,0,0,0,0,0,0,0
11,1,1033203.0,2019,8,17,7,3,5,2,0,0,1,0,0,0,0,0,0
11,7,7030303.0,2019,9,8,6,3,0,1,0,1,0,0,0,0,0,1,0
11,12,12103115.0,2019,5,8,1,2,5,2,0,0,1,0,0,0,0,0,0
11,9,9010101.0,2019,10,17,5,3,2,6,0,0,1,0,0,0,0,1,0
11,1,1011204.0,2019,9,19,5,3,3,6,2,0,1,0,1,0,0,0,0
11,4,4020208.0,2019,6,19,5,3,5,7,1,0,1,0,0,0,0,1,0
11,12,12214527.0,2019,8,14,7,3,2,6,0,0,1,0,0,0,0,0,0
11,7,7020203.0,2019,5,16,1,3,2,6,0,1,1,0,0,0,1,0,0
11,7,7050506.0,2019,11,8,2,3,6,4,0,0,1,1,0,0,0,1,0
11,12,12103218.0,2019,6,15,7,3,5,2,0,0,1,0,0,0,0,0,0
11,3,3061131.0,2019,9,9,5,3,4,6,0,1,0,0,0,0,0,0,0
11,2,2050803.0,2019,12,21,5,3,2,6,2,0,1,0,0,0,0,0,0
11,4,4020313.0,2019,8,14,7,3,2,6,0,0,1,0,1,0,0,0,0
11,7,7050502.0,2019,9,14,5,3,2,6,0,0,1,0,0,0,0,0,0
11,12,12214125.0,2019,5,15,7,3,0,1,2,0,1,0,0,0,0,0,0
11,7,7040401.0,2019,10,9,7,3,5,3,0,0,1,0,0,0,0,0,0
11,4,4010101.0,2019,9,19,5,3,2,6,1,0,1,0,0,0,0,0,0
11,1,1011102.0,2019,8,22,7,3,6,7,2,1,0,1,0,0,0,0,0
11,1,1044201.0,2019,5,17,6,3,5,2,0,0,1,0,0,0,0,0,0
11,4,4010101.0,2019,10,15,5,2,9,1,0,0,0,0,1,0,0,0,0
11,3,3010101.0,2019,6,11,6,3,8,1,0,0,1,0,0,0,0,0,0
11,7,7050502.0,2019,9,7,5,3,5,3,0,1,1,0,0,0,0,0,0
11,6,6040703.0,2019,12,13,3,3,5,3,0,0,1,0,0,0,0,0,0
11,7,7020202.0,2019,6,21,5,3,6,4,1,0,1,1,0,0,0,1,0
11,10,10030726.0,2019,5,7,6,3,2,6,0,0,1,0,0,0,0,0,0
11,11,11030721.0,2019,11,15,2,3,2,6,0,0,1,0,0,0,1,0,0
11,9,9010101.0,2019,6,16,5,3,5,2,0,1,1,0,0,0,0,1,0
11,7,7040401.0,2019,11,21,7,3,1,5,2,0,1,0,0,0,0,0,0
11,7,7040401.0,2019,8,20,6,2,0,1,2,1,0,0,0,0,0,0,0
11,7,7030303.0,2019,5,2,6,2,9,1,2,0,1,0,0,0,0,0,0
11,3,3061131.0,2019,10,17,2,3,2,6,1,0,1,0,0,0,1,0,0
11,1,1033203.0,2019,9,6,5,3,5,2,0,1,1,0,0,0,0,0,0
11,7,7020203.0,2019,6,11,5,3,1,5,0,0,1,0,0,0,1,0,0
11,6,6040701.0,2019,8,19,6,2,0,1,0,1,0,0,0,0,0,0,0
11,9,9010101.0,2019,5,8,6,3,0,2,0,0,1,0,0,0,1,0,0
11,2,2050602.0,2019,6,9,2,3,5,2,0,1,1,0,0,0,0,0,0
11,7,7050502.0,2019,9,16,4,3,5,2,0,1,1,0,0,0,0,0,0
11,7,7030303.0,2019,12,7,3,3,2,6,0,0,1,0,0,0,0,1,0
11,1,1033203.0,2019,6,16,5,3,5,2,0,0,1,0,0,0,0,1,0
11,1,1044201.0,2019,8,20,6,3,2,6,0,0,1,0,0,0,0,0,0
11,6,6030605.0,2019,5,13,5,3,2,6,0,0,1,0,0,0,0,0,0
11,3,3071639.0,2019,11,18,3,3,3,6,2,0,1,0,1,0,0,1,0
11,3,3061332.0,2019,11,3,7,3,5,3,2,1,1,0,0,0,0,0,0
11,7,7030303.0,2019,8,20,6,3,0,1,0,0,0,0,1,0,0,0,0
11,7,7030303.0,2019,5,13,5,3,5,2,0,0,1,0,0,0,1,0,0
11,7,7050502.0,2019,5,13,5,2,3,6,0,0,1,0,0,1,0,0,0
11,7,7070701.0,2019,11,17,3,2,2,6,2,0,1,0,0,0,1,0,0
11,6,6040703.0,2019,6,14,4,3,2,6,0,0,1,0,0,0,0,0,0
11,1,1011303.0,2019,12,1,1,2,0,1,2,0,0,0,0,0,1,0,0
11,2,2020203.0,2019,8,23,6,3,0,7,2,1,0,0,0,0,0,0,0
11,6,6040703.0,2019,5,16,5,2,2,6,0,0,1,0,0,0,1,0,0
11,3,3040818.0,2019,10,17,3,2,5,3,0,1,1,0,0,0,0,0,0
11,12,12103115.0,2019,9,13,4,3,2,6,0,0,1,0,0,0,0,0,0
11,7,7050502.0,2019,8,12,6,3,0,7,0,0,1,0,0,0,0,0,0
11,3,3020209.0,2019,5,11,5,3,0,7,0,1,0,0,0,0,0,0,0
11,4,4030417.0,2019,9,14,7,3,5,2,0,1,1,0,0,0,0,1,0
11,1,1033203.0,2019,6,7,3,3,5,2,0,1,1,0,0,0,0,0,0
11,3,3061228.0,2019,9,10,3,3,6,6,0,1,0,1,0,0,0,0,0
11,2,2020202.0,2019,12,18,4,3,3,6,2,0,1,0,1,0,0,0,0
11,4,4020310.0,2019,6,9,4,3,3,6,0,0,1,0,0,0,0,0,0
11,5,5020524.0,2019,8,9,6,3,6,4,0,0,1,1,0,0,0,0,0
11,12,12103117.0,2019,5,12,5,3,5,3,0,1,1,0,0,0,0,0,0
11,1,1011204.0,2019,11,18,4,2,6,4,2,0,1,1,0,0,0,1,0
11,8,8010510.0,2019,11,13,7,3,2,2,0,0,1,0,0,0,0,0,0
11,4,4030417.0,2019,8,8,6,3,6,4,0,0,1,1,0,0,0,0,0
11,7,7030303.0,2019,5,12,5,3,5,2,0,0,1,0,1,0,0,0,0
11,2,2050602.0,2019,10,10,4,3,6,4,0,0,1,1,0,0,0,1,0
11,1,1011303.0,2019,9,9,3,3,6,4,0,0,1,1,0,0,0,1,0
11,1,1044201.0,2019,6,15,4,3,1,5,0,1,0,0,0,0,1,0,0
11,4,4020208.0,2019,8,15,6,2,5,3,0,1,1,0,0,0,0,0,0
11,3,3050925.0,2019,5,10,5,3,0,1,0,1,0,0,0,0,0,0,0
11,12,12103218.0,2019,11,12,6,3,5,2,0,1,1,0,0,0,0,0,0
11,7,7040405.0,2019,6,5,5,3,2,6,0,0,1,0,0,0,0,0,0
11,9,9010101.0,2019,9,18,3,2,6,4,0,1,0,1,0,0,0,1,0
11,9,9010101.0,2019,12,12,3,3,2,6,0,0,1,0,0,1,0,0,0
11,11,11030721.0,2019,6,16,3,3,3,6,0,0,1,0,0,0,0,0,0
11,7,7040403.0,2019,8,14,6,3,2,6,0,0,1,0,0,0,0,0,0
11,4,4020208.0,2019,10,16,5,3,2,6,2,0,1,0,0,0,0,0,0
11,3,3020209.0,2019,8,13,6,3,2,6,0,0,1,0,0,0,0,0,0
11,7,7020203.0,2019,9,13,6,3,0,2,0,0,1,0,0,0,1,1,0
11,1,1011303.0,2019,5,8,5,3,1,5,0,1,0,0,0,0,1,0,0
11,4,4041134.0,2019,10,22,4,3,3,6,2,0,1,0,0,0,1,1,0
11,2,2050602.0,2019,9,14,3,3,6,4,0,0,1,1,0,0,0,1,0
11,7,7040403.0,2019,6,10,3,3,6,7,0,0,0,1,0,0,1,0,0
11,2,2020202.0,2019,8,17,5,3,5,2,0,1,1,0,0,0,0,0,0
11,2,2050602.0,2019,5,22,4,3,0,6,2,1,0,1,0,0,0,0,0
11,6,6030503.0,2019,11,17,7,3,6,2,2,0,1,1,0,0,0,0,0
11,3,3020209.0,2019,6,19,7,2,5,3,0,0,1,0,1,0,0,0,0
11,3,3071633.0,2019,12,8,4,3,0,4,0,0,0,1,0,0,1,0,0
11,3,3061126.0,2019,8,17,5,3,5,2,0,1,0,0,0,0,1,0,0
11,3,3040818.0,2019,5,18,4,2,5,3,0,1,1,0,0,0,0,0,0
11,1,1011303.0,2019,10,13,7,3,3,6,0,1,0,0,0,0,0,0,0
11,11,11030721.0,2019,9,14,3,3,5,3,0,1,1,0,0,0,0,1,0
11,3,3020203.0,2019,8,16,5,3,5,2,0,1,1,0,0,0,0,0,0
11,4,4030417.0,2019,5,17,4,3,2,7,0,1,1,0,0,0,0,0,0
11,4,4041137.0,2019,10,10,4,3,2,6,0,0,1,0,0,0,0,1,0
11,4,4020310.0,2019,6,7,5,3,3,6,0,0,1,0,0,1,0,1,0
11,4,4041239.0,2019,9,9,3,3,2,6,0,0,1,0,0,0,0,0,0
11,6,6030501.0,2019,12,8,6,3,5,3,0,1,1,0,0,0,0,0,0
11,2,2050602.0,2019,6,15,3,3,5,2,0,1,1,0,0,0,0,0,0
11,1,1011303.0,2019,5,5,4,3,0,1,1,0,1,0,0,0,1,1,0
11,1,1011202.0,2019,11,10,1,3,0,6,0,1,0,0,0,0,1,0,0
11,4,4020209.0,2019,6,16,3,3,2,6,0,0,1,0,0,0,0,0,0
11,12,12302212.0,2019,11,19,5,3,5,3,2,0,1,0,0,0,1,1,0
11,12,12214125.0,2019,8,15,5,3,2,6,0,0,1,0,0,0,0,0,0
11,4,4020311.0,2019,5,15,4,3,2,6,0,0,1,0,0,0,0,0,0
11,1,1044203.0,2019,10,20,1,3,2,6,2,0,1,0,0,0,0,0,0
11,11,11030721.0,2019,9,7,3,3,5,2,0,1,1,0,1,0,0,0,0
11,2,2040503.0,2019,6,8,3,2,3,6,0,1,0,0,0,0,0,0,0
11,3,3050923.0,2019,8,15,5,3,2,6,0,0,1,0,1,0,0,0,0
11,7,7040401.0,2019,5,15,4,3,3,6,0,0,1,0,1,0,0,0,0
11,4,4030622.0,2019,6,18,1,3,6,2,0,0,1,1,0,0,0,0,0
11,4,4030417.0,2019,9,15,3,3,6,4,0,0,1,1,0,0,0,1,0
11,7,7050502.0,2019,12,17,2,3,5,2,2,0,1,0,0,0,0,1,0
11,7,7070701.0,2019,6,9,3,2,1,5,0,0,1,0,0,0,0,0,0
11,1,1011105.0,2019,8,15,5,3,5,2,0,1,1,0,0,0,0,0,0
11,1,1011105.0,2019,4,18,3,3,2,6,0,0,1,0,0,0,0,0,0
11,1,1011204.0,2019,11,15,2,3,0,6,0,1,0,0,0,1,1,1,0
11,7,7010104.0,2019,8,11,5,3,3,6,0,0,1,0,1,0,0,0,0
11,9,9010202.0,2019,4,13,3,3,5,3,0,1,1,0,0,0,0,0,0
11,6,6040703.0,2019,10,3,2,3,0,7,2,0,1,0,0,0,0,0,0
11,12,12304314.0,2019,9,8,2,3,2,6,0,0,1,0,0,0,0,0,0
11,2,2050602.0,2019,6,8,3,3,5,2,0,1,0,0,0,0,1,0,0
11,4,4020310.0,2019,8,10,5,3,2,6,0,0,1,0,0,0,0,0,0
11,4,4010102.0,2019,4,7,3,3,2,6,0,0,1,0,0,0,0,0,0
11,2,2050602.0,2019,11,15,4,3,5,2,1,1,1,0,0,0,1,1,0
11,11,11030721.0,2019,6,15,4,2,5,2,0,1,0,0,0,1,0,0,0
11,12,12103219.0,2019,9,21,2,2,6,4,2,0,1,1,0,0,0,0,0
11,7,7020202.0,2019,12,8,2,3,2,6,0,0,1,0,0,1,1,0,0
11,12,12103115.0,2019,8,8,5,3,5,2,0,0,1,0,1,0,0,0,0
11,6,6030605.0,2019,10,12,4,3,2,6,0,0,1,0,0,0,0,0,0
11,11,11030721.0,2019,9,20,2,2,0,1,2,0,0,0,1,0,0,0,0
11,2,2050602.0,2019,8,7,5,3,5,3,0,1,1,0,0,0,0,0,0
11,2,2020203.0,2019,4,7,3,3,0,2,0,1,1,0,0,0,0,0,0
11,6,6030605.0,2019,10,13,3,3,2,6,0,0,1,0,0,1,0,1,0
11,3,2040501.0,2019,9,16,2,3,3,6,0,1,1,0,0,0,0,0,0
11,12,12103218.0,2019,6,19,3,3,5,3,1,0,1,0,0,0,0,0,0
11,3,3061332.0,2019,8,19,4,2,6,4,0,1,0,1,0,0,0,0,0
11,3,3061435.0,2019,4,17,3,3,5,2,0,1,1,0,0,0,0,0,0
11,10,10010204.0,2019,11,5,6,2,5,3,2,0,1,0,0,0,0,0,0
11,4,4041134.0,2019,10,11,3,2,0,1,0,0,0,0,1,0,0,0,0
11,7,7070701.0,2019,9,16,2,2,5,3,0,0,1,0,1,0,0,1,0
11,4,4020208.0,2019,6,7,2,3,2,6,0,0,1,0,0,0,0,0,0
11,7,7070701.0,2019,8,14,4,3,2,6,0,0,1,0,0,0,0,1,0
11,5,5020628.0,2019,4,19,3,3,2,7,0,1,1,0,0,0,0,0,0
11,2,2050602.0,2019,11,17,4,3,6,4,2,0,1,1,0,0,0,1,0
11,1,1022202.0,2019,6,9,5,3,2,1,0,0,1,0,0,0,0,0,0
11,4,4020313.0,2019,9,10,2,3,5,2,0,1,0,0,0,1,0,0,0
11,7,7020203.0,2019,12,18,2,3,5,3,2,1,1,0,0,0,0,1,0
11,1,1011202.0,2019,8,9,4,3,3,2,0,0,1,0,1,0,0,0,0
11,10,10010207.0,2019,10,19,4,3,2,7,2,0,1,0,0,0,0,0,0
11,8,8020619.0,2019,8,6,4,3,3,6,1,0,1,0,1,0,0,0,0
11,3,3061332.0,2019,9,18,6,3,2,6,0,0,1,0,0,0,0,1,0
11,7,7030303.0,2019,4,20,2,3,3,6,1,0,1,0,0,0,0,0,0
11,11,11030721.0,2019,10,17,3,3,3,6,1,0,1,0,0,1,0,1,0
11,4,4010101.0,2019,9,13,2,3,8,1,0,0,1,0,0,0,0,0,0
11,1,1011104.0,2019,6,21,2,3,0,1,2,1,0,0,0,0,0,0,0
11,1,1011105.0,2019,8,15,4,3,5,2,0,1,1,0,0,0,0,0,0
11,3,3050923.0,2019,4,18,2,3,6,4,0,1,0,1,0,0,0,0,0
11,2,2050602.0,2019,11,1,7,3,5,3,2,0,1,0,0,0,0,0,0
11,5,5020524.0,2019,6,19,2,3,2,6,0,0,1,0,0,0,0,0,0
11,1,1011102.0,2019,9,9,2,2,5,2,0,1,1,0,0,0,0,1,0
11,4,4010102.0,2019,12,15,4,3,2,6,0,0,1,0,0,0,0,0,0
11,7,7040401.0,2019,8,12,3,3,2,6,0,0,1,0,0,0,1,0,0
11,3,3061332.0,2019,4,9,2,3,0,2,0,0,1,0,0,0,1,1,0
11,7,7040402.0,2019,10,19,6,3,2,6,2,0,1,0,0,0,0,0,0
11,10,10010309.0,2019,9,11,1,3,3,6,0,1,1,0,0,0,0,0,0
11,2,2040701.0,2019,8,9,3,3,3,2,0,0,0,0,1,1,0,0,0
11,1,1011303.0,2019,4,11,2,3,5,3,0,1,0,0,0,1,0,1,0
11,7,7030303.0,2019,10,13,3,3,5,7,0,0,1,0,0,0,0,1,0
11,2,2050602.0,2019,6,17,4,2,3,6,0,1,0,0,0,0,0,0,0
11,4,4020209.0,2019,9,16,1,3,2,6,0,0,1,0,0,0,0,0,0
11,1,1033203.0,2019,12,22,4,3,6,4,2,0,1,1,0,0,0,0,0
11,3,3061429.0,2019,6,23,2,3,5,3,2,1,1,0,0,0,0,1,0
11,8,8020619.0,2019,4,11,2,3,3,6,0,0,1,0,0,0,1,1,0
11,2,2020202.0,2019,11,15,7,3,3,6,0,0,1,0,1,0,0,1,0
11,2,2050602.0,2019,6,13,2,2,6,4,0,1,0,1,0,0,0,0,0
11,1,1011102.0,2019,11,18,4,3,5,3,2,1,0,0,1,0,0,1,0
11,7,7060601.0,2019,8,7,3,3,5,3,0,1,1,0,0,0,0,0,0
11,12,12103218.0,2019,4,22,7,2,5,2,2,0,1,0,1,0,0,0,0
11,3,3061126.0,2019,10,18,7,2,5,2,2,0,1,0,1,0,0,0,0
11,7,7040401.0,2019,9,14,1,3,3,6,0,0,1,0,0,0,0,0,0
11,12,12103115.0,2019,6,16,2,3,1,5,0,1,1,0,0,0,1,0,0
11,3,3061429.0,2019,8,15,3,3,5,3,0,1,1,0,0,0,0,0,0
11,7,7070701.0,2019,4,17,7,3,2,6,0,0,1,0,0,0,0,0,0
11,3,3061131.0,2019,6,15,7,3,0,1,0,1,0,0,0,0,0,0,0
11,1,1011304.0,2019,9,23,1,3,6,4,2,0,1,1,0,0,0,1,0
11,4,4010101.0,2019,12,12,1,2,2,6,0,0,1,0,0,0,0,1,0
11,4,4020311.0,2019,6,9,2,2,5,3,0,1,0,0,0,1,0,0,0
11,4,4020313.0,2019,8,15,3,3,5,2,0,0,1,0,0,0,0,0,0
11,4,4030622.0,2019,11,10,2,3,6,7,0,0,1,1,0,0,0,1,0
11,11,11030721.0,2019,8,15,3,3,5,2,0,1,0,0,0,1,0,0,0
11,3,3040818.0,2019,4,11,6,3,5,3,0,1,1,0,0,0,0,0,0
11,10,10010204.0,2019,10,11,1,2,5,3,0,0,1,0,0,0,1,0,0
11,4,4020310.0,2019,9,14,7,3,2,6,0,0,1,0,0,0,0,0,0
11,2,2050601.0,2019,6,8,2,3,5,2,0,1,0,0,0,1,0,0,0
11,7,7040401.0,2019,8,15,2,3,0,7,0,1,0,0,0,0,0,0,0
11,4,4020311.0,2019,4,19,6,2,6,4,0,1,0,1,0,0,0,0,0
11,2,2050602.0,2019,11,10,3,3,5,2,0,1,1,0,0,0,0,0,0
11,1,1011202.0,2019,6,18,3,3,0,6,0,1,0,0,0,0,1,0,0
11,3,3071639.0,2019,9,12,7,3,2,6,0,0,1,0,0,0,1,0,0
11,2,2010101.0,2019,12,1,7,3,2,6,2,0,1,0,0,0,0,1,0
11,7,7020203.0,2019,8,19,2,3,0,6,0,0,1,0,1,0,0,0,0
11,2,2020202.0,2019,10,10,3,3,2,2,0,1,0,0,0,0,1,0,0
11,4,4020310.0,2019,9,12,7,2,2,6,0,0,1,0,0,0,0,0,0
11,1,1033203.0,2019,8,15,2,3,5,2,0,1,1,0,0,0,0,0,0
11,2,2020202.0,2019,4,20,6,3,3,6,1,0,1,0,0,0,0,0,0
11,4,4041133.0,2019,10,12,2,3,2,6,0,0,1,0,0,0,1,0,0
11,3,3071639.0,2019,6,22,1,3,0,7,2,1,0,0,0,0,0,0,0
11,3,3061332.0,2019,9,20,7,3,0,6,1,0,1,0,1,0,0,0,0
11,10,10040933.0,2019,6,13,2,3,5,3,0,1,1,0,0,0,0,0,0
11,6,6040701.0,2019,4,12,6,3,0,5,0,1,1,0,0,0,0,0,0
11,4,4020310.0,2019,11,13,5,2,2,6,0,0,1,0,0,0,0,0,0
11,9,9010101.0,2019,6,12,1,3,5,2,0,1,1,0,0,0,0,0,0
11,4,4010101.0,2019,12,15,2,3,2,6,1,0,1,0,0,1,0,1,0
11,10,10010204.0,2019,8,12,2,3,5,3,0,0,1,0,0,0,0,0,0
11,1,1011102.0,2019,4,10,5,2,5,2,0,1,0,0,1,0,0,0,0
11,7,6010209.0,2019,10,14,4,2,0,6,0,0,1,0,0,0,0,0,0
11,10,10030726.0,2019,9,12,7,3,2,6,0,0,1,0,0,0,0,0,0
11,7,7050502.0,2019,8,12,2,3,3,6,0,0,1,0,0,1,0,0,0
11,4,4051551.0,2019,4,18,5,3,3,6,0,0,1,0,0,1,0,0,0
11,1,1011303.0,2019,9,4,1,3,5,3,2,0,1,0,0,0,1,1,0
11,1,1011202.0,2019,6,9,4,3,3,2,0,0,1,0,1,1,0,0,0
11,7,7040401.0,2019,9,0,7,3,0,7,2,0,0,0,0,0,1,0,0
11,3,3040614.0,2019,12,9,6,3,1,5,0,0,1,0,0,1,0,0,0
11,6,6040701.0,2019,6,15,1,3,1,5,0,1,1,0,0,0,0,0,0
11,1,1011303.0,2019,8,11,1,3,1,5,0,1,1,0,0,0,0,0,0
11,3,3050925.0,2019,4,17,5,3,1,5,0,1,1,0,0,0,0,0,0
11,1,1011303.0,2019,11,23,6,3,5,7,2,0,1,0,0,0,1,1,0
11,3,3040818.0,2019,9,19,7,3,5,3,1,1,1,0,0,0,0,0,0
11,7,7060601.0,2019,11,12,3,3,2,2,0,0,1,0,0,0,0,0,0
11,1,1044201.0,2019,8,15,7,3,5,2,0,0,1,0,0,0,0,0,0
11,1,1011105.0,2019,4,17,5,3,5,2,0,0,1,0,1,0,0,0,0
11,11,11040926.0,2019,10,7,5,3,0,7,1,1,1,0,0,0,0,1,0
11,4,4030622.0,2019,9,16,7,3,5,2,0,0,1,0,0,0,1,0,0
11,4,4030623.0,2019,6,15,1,2,3,6,0,0,1,0,1,0,0,0,0
11,4,4030417.0,2019,6,14,1,3,3,6,0,1,0,0,0,0,0,0,0
11,7,7030303.0,2019,12,20,3,3,2,6,2,0,1,0,0,0,0,1,0
11,3,3071639.0,2019,8,21,7,3,0,7,1,0,0,0,1,0,0,1,0
11,2,2020202.0,2019,4,15,5,3,5,2,0,1,1,0,0,0,0,0,0
11,7,7070701.0,2019,10,17,5,2,6,7,0,0,1,1,0,0,0,0,0
11,4,4030417.0,2019,9,15,7,3,6,4,0,1,0,1,0,0,0,0,0
11,2,2040703.0,2019,8,3,7,2,0,4,2,0,0,1,1,0,0,1,0
11,4,4030622.0,2019,4,16,5,2,5,2,0,1,1,0,0,0,0,0,0
11,2,2050802.0,2019,9,18,2,3,3,6,1,1,0,0,0,0,0,0,0
11,1,1011105.0,2019,6,9,4,3,5,3,0,1,1,0,0,0,0,0,0
11,6,6030503.0,2019,9,16,6,3,0,2,0,1,1,0,0,0,0,0,0
11,3,3040818.0,2019,12,12,7,3,3,6,0,0,0,0,0,1,1,0,0
11,6,6030503.0,2019,6,0,1,3,1,1,2,0,1,0,0,0,0,0,0
11,3,3061131.0,2019,4,15,5,3,6,4,0,1,0,1,0,0,0,0,0
11,2,2050602.0,2019,11,23,6,3,5,2,2,1,1,0,0,0,0,1,0
11,3,3071639.0,2019,11,17,3,3,2,6,2,0,1,0,0,0,0,0,0
11,7,7030303.0,2019,8,15,6,3,5,2,0,0,1,0,0,0,0,0,0
11,10,10010207.0,2019,4,9,5,3,6,4,0,0,1,1,0,0,0,0,0
11,1,1011202.0,2019,10,16,5,3,4,7,0,1,0,0,0,0,1,0,0
11,4,4030417.0,2019,9,14,6,3,5,3,0,0,1,0,0,0,0,0,0
11,3,3071633.0,2019,6,12,1,2,5,7,0,0,1,0,0,0,1,0,0
11,11,11030721.0,2019,8,18,5,3,6,4,0,0,1,1,0,0,0,0,0
11,2,2010101.0,2019,4,14,4,3,0,2,0,0,1,1,0,0,0,0,0
11,4,4030623.0,2019,6,12,6,3,6,7,0,0,1,1,0,0,0,0,0
11,5,5020629.0,2019,9,14,6,3,2,6,0,0,1,0,0,0,1,0,0
11,11,11030721.0,2019,12,21,7,3,2,6,2,0,1,0,0,0,0,1,0
11,7,7020203.0,2019,6,19,7,3,1,5,0,1,0,0,0,0,1,0,0
11,7,7040403.0,2019,8,17,5,3,0,6,0,0,1,0,0,0,1,0,0
11,2,2050601.0,2019,4,18,4,3,5,3,0,1,1,0,0,0,0,0,0
11,4,4030622.0,2019,11,13,1,3,2,6,0,0,1,0,0,0,1,1,0
11,2,2040703.0,2019,8,15,5,3,0,6,0,1,0,1,0,0,0,0,0
11,6,6040703.0,2019,4,18,4,3,5,3,0,1,1,0,0,0,0,0,0
11,4,4041134.0,2019,10,11,6,3,2,6,0,0,1,0,0,0,1,0,0
11,12,12231101.0,2019,9,8,6,3,5,3,0,1,1,0,0,0,0,0,0
11,7,7040401.0,2019,6,13,7,3,2,6,0,0,1,0,0,0,0,0,0
11,1,1011105.0,2019,8,15,5,3,5,3,0,1,1,0,0,0,0,0,0
11,3,3010104.0,2019,4,17,4,3,2,6,0,0,1,0,0,0,0,0,0
11,10,10010309.0,2019,11,15,2,3,1,5,1,0,1,0,1,0,0,1,0
11,7,7040401.0,2019,6,20,3,3,1,5,0,1,1,0,0,0,0,0,0
11,11,11041027.0,2019,9,16,6,3,3,6,0,0,1,0,1,0,0,0,0
11,12,12103219.0,2019,12,19,6,3,6,2,2,0,1,1,0,0,0,1,0
11,1,1033203.0,2019,8,8,5,3,2,2,0,0,1,0,0,0,0,0,0
11,7,7040403.0,2019,4,14,4,3,6,4,0,0,1,1,0,0,0,0,0
11,2,2050602.0,2019,10,17,2,3,6,4,2,0,1,1,0,0,0,1,0
11,7,7040406.0,2019,9,6,5,3,3,6,2,0,1,0,0,1,0,0,0
11,7,7050502.0,2019,8,10,5,3,5,3,0,1,1,0,0,0,0,0,0
11,10,10010102.0,2019,4,15,4,2,6,4,0,0,1,1,0,0,0,0,0
11,6,6030605.0,2019,10,18,7,3,2,6,1,0,1,0,0,0,0,0,0
11,7,7040405.0,2019,6,23,7,3,3,6,2,0,1,0,0,0,0,0,0