LAND,BEZ,LOR_ab_2021,UJAHR,UMONAT,USTUNDE,UWOCHENTAG,UKATEGORIE,UART,UTYP1,ULICHTVERH,IstRad,IstPKW,IstFuss,IstKrad,IstGkfz,IstSonstige,USTRZUSTAND,lockdown
11,2,2010101.0,2019,12,18,6,3,3,6,2,0,1,0,1,0,0,1,0
11,3,3020209.0,2019,7,10,2,3,1,5,0,1,1,0,0,0,0,0,0
11,7,7050502.0,2019,9,12,4,3,0,1,0,0,0,0,1,0,0,1,0
11,7,7050506.0,2019,3,4,6,3,1,5,2,0,1,0,0,0,0,0,0
11,11,11030721.0,2019,10,15,2,3,2,6,0,0,1,0,0,0,0,0,0
11,4,4041134.0,2019,8,17,3,3,2,6,0,0,1,0,0,0,0,0,0
11,7,7050502.0,2019,7,11,2,3,5,3,0,0,1,0,0,0,0,0,0
11,3,3071639.0,2019,3,12,6,3,6,4,0,0,1,1,0,0,0,0,0
11,7,7010104.0,2019,10,21,7,2,3,6,2,1,1,0,0,0,0,1,0
11,9,9020601.0,2019,6,12,7,3,2,2,0,0,1,0,0,0,1,0,0
11,4,4010101.0,2019,8,14,3,3,2,6,0,0,1,0,0,0,0,0,0
11,7,7050502.0,2019,5,18,3,3,5,2,0,1,1,0,0,0,0,0,0
11,6,6040702.0,2019,3,20,5,3,2,6,2,0,1,0,0,0,0,0,0
11,12,12103115.0,2019,11,14,3,3,2,6,0,0,1,0,0,0,0,0,0
11,3,3061131.0,2019,5,17,3,3,0,6,0,0,1,0,0,0,1,0,0
11,4,4020313.0,2019,12,12,1,3,2,6,0,0,1,0,0,0,0,0,0
11,7,7070706.0,2019,7,11,2,3,5,3,0,1,0,0,0,0,0,0,0
11,12,12214527.0,2019,3,15,5,2,2,6,0,0,1,0,0,0,0,0,0
11,2,2010101.0,2019,10,18,3,3,5,3,1,1,1,0,0,0,0,0,0
11,4,4030623.0,2019,8,9,3,3,5,5,0,0,1,0,0,0,0,0,0
11,12,12301203.0,2019,9,11,4,3,2,6,0,0,1,0,0,0,1,1,0
11,1,1044102.0,2019,7,9,2,2,5,3,0,1,1,0,0,0,0,0,0
11,2,2050602.0,2019,3,13,5,3,2,6,0,0,1,0,0,0,0,0,0
11,1,1011303.0,2019,9,15,7,3,2,6,0,0,1,0,1,0,0,1,0
11,2,2050602.0,2019,6,16,3,2,0,6,0,0,1,0,1,0,0,0,0
11,7,7030303.0,2019,8,18,3,3,2,6,0,0,1,0,0,0,0,0,0
11,2,2050602.0,2019,12,7,4,3,5,2,2,1,1,0,0,0,0,0,0
11,4,4020310.0,2019,5,13,3,3,3,6,0,0,1,0,0,1,0,0,0
11,2,2050803.0,2019,7,15,2,3,0,5,0,1,0,0,0,0,1,0,0
11,7,7020202.0,2019,3,8,5,2,5,2,0,0,1,0,1,0,0,0,0
11,12,12302212.0,2019,11,6,4,2,6,2,2,0,1,1,0,0,0,0,0
11,6,6030503.0,2019,11,13,1,3,5,3,0,0,1,0,0,0,0,0,0
11,1,1011303.0,2019,7,14,2,3,0,1,0,1,0,0,0,0,0,0,0
11,3,3040818.0,2019,3,8,4,3,2,6,0,1,1,0,0,0,0,0,0
11,3,3010104.0,2019,10,19,4,3,0,7,2,0,1,0,0,0,0,1,0
11,4,4061757.0,2019,8,18,3,3,3,6,0,0,1,0,0,0,0,0,0
11,1,1011102.0,2019,5,9,3,3,3,6,0,1,0,0,0,0,0,0,0
11,4,4030724.0,2019,9,11,4,3,2,6,0,0,1,0,0,0,0,1,0
11,3,3061332.0,2019,6,18,1,3,5,2,0,1,1,0,0,0,0,0,0
11,3,3030716.0,2019,3,12,4,2,4,6,0,0,1,0,0,0,0,0,0
11,2,2020202.0,2019,6,18,5,3,3,6,0,0,0,0,1,0,1,0,0
11,12,12301205.0,2019,8,9,3,2,5,3,0,0,1,0,1,0,0,0,0
11,3,3061332.0,2019,12,16,3,3,1,5,2,1,0,0,0,0,1,1,0
11,3,3040818.0,2019,5,7,3,3,5,2,0,1,1,0,0,0,0,0,0
11,10,10040830.0,2019,6,12,1,3,2,6,0,0,1,0,0,0,0,0,0
11,7,7050502.0,2019,9,15,4,3,3,6,0,0,0,0,0,1,1,1,0
11,4,4051656.0,2019,9,7,3,3,2,6,0,0,1,0,0,0,0,0,0
11,3,3010104.0,2019,6,11,1,3,2,6,0,0,1,0,0,0,0,0,0
11,2,2050601.0,2019,3,8,3,3,5,2,0,1,1,0,0,0,0,0,0
11,4,4020314.0,2019,9,15,1,3,9,1,0,0,1,0,0,0,0,1,0
11,1,1011202.0,2019,6,12,4,3,3,6,0,1,0,0,0,0,1,0,0
11,4,4020313.0,2019,8,9,3,3,5,2,0,0,1,0,0,0,0,0,0
11,7,7050501.0,2019,12,17,6,3,2,6,2,0,1,0,0,0,0,0,0
11,1,1011204.0,2019,5,14,3,3,5,3,0,0,1,0,0,0,1,0,0
11,7,7030303.0,2019,6,1,7,3,8,1,2,0,1,0,0,0,0,0,0
11,2,2020202.0,2019,3,8,3,2,1,5,0,0,1,0,1,0,0,0,0
11,4,4020314.0,2019,11,23,5,3,3,6,2,0,1,0,0,0,0,0,0
11,6,6040703.0,2019,8,16,2,3,2,6,0,0,1,0,0,0,0,0,0
11,1,1033203.0,2019,11,11,3,3,2,2,0,0,1,0,0,1,0,0,0
11,7,7050506.0,2019,6,23,6,3,3,6,2,0,1,0,1,0,0,0,0
11,2,2050602.0,2019,3,15,3,3,6,6,0,1,0,1,0,0,0,0,0
11,12,12302212.0,2019,10,11,5,3,2,6,0,0,1,0,0,0,0,0,0
11,2,2040703.0,2019,8,17,2,3,4,6,0,1,0,0,0,0,0,0,0
11,10,10030726.0,2019,5,13,2,3,3,6,0,0,1,0,1,0,0,0,0
11,7,7050502.0,2019,9,14,3,3,0,7,0,0,0,1,0,0,1,0,0
11,1,1011303.0,2019,6,10,6,3,5,2,0,1,1,0,0,0,0,0,0
11,1,1011204.0,2019,3,9,2,2,6,4,0,0,0,1,0,0,1,0,0
11,1,1011102.0,2019,6,16,5,3,1,5,0,1,1,0,0,0,0,0,0
11,9,9010401.0,2019,8,17,2,3,3,6,0,0,1,0,1,0,0,0,0
11,3,3061332.0,2019,12,16,6,3,6,2,1,0,1,1,0,0,0,0,0
11,10,10010207.0,2019,5,13,2,3,0,1,0,1,0,0,0,0,0,0,0
11,5,5020629.0,2019,6,16,6,2,4,6,0,1,0,0,0,0,0,0,0
11,7,7060601.0,2019,9,12,3,3,5,2,0,0,1,0,1,0,0,0,0
11,2,2050602.0,2019,11,17,6,3,0,1,2,0,0,0,1,0,0,1,0
11,4,4010101.0,2019,6,16,6,3,2,6,0,0,1,0,0,0,0,0,0
11,2,2020202.0,2019,9,20,5,3,1,5,2,1,1,0,0,0,0,1,0
11,7,7020203.0,2019,3,15,2,3,2,6,0,0,1,0,0,0,0,1,0
11,11,11010101.0,2019,10,20,5,2,0,7,2,1,0,0,0,0,0,1,0
11,12,12302211.0,2019,8,15,2,3,2,6,0,0,1,0,0,0,0,0,0
11,1,1011303.0,2019,5,6,2,3,2,6,0,0,1,0,0,0,0,0,0
11,7,7040405.0,2019,6,7,6,2,3,7,0,0,1,0,0,0,0,0,0
11,8,8020619.0,2019,3,7,2,3,2,6,0,0,1,0,0,0,0,0,0
11,12,12103115.0,2019,11,18,2,3,6,2,2,0,1,1,0,0,0,1,0
11,4,4020208.0,2019,6,14,1,2,4,7,0,0,1,0,0,0,0,0,0
11,7,7030303.0,2019,8,15,2,3,8,1,0,0,1,0,0,0,0,0,0
11,3,3040614.0,2019,12,9,5,3,2,6,0,0,1,0,0,0,0,0,0
11,4,4010102.0,2019,6,7,6,3,3,6,0,0,1,0,0,0,1,0,0
11,7,7040405.0,2019,9,8,2,3,2,6,0,0,1,0,1,0,0,0,0
11,3,3040818.0,2019,3,6,2,2,5,3,1,1,1,0,0,0,0,0,0
11,2,2050602.0,2019,10,1,1,3,8,1,2,0,1,0,0,0,0,0,0
11,4,4020311.0,2019,8,15,2,3,5,3,0,1,0,0,0,0,0,0,0
11,2,2040502.0,2019,6,16,5,1,6,4,0,0,1,1,0,0,0,0,0
11,4,4020313.0,2019,3,10,2,3,5,2,0,0,1,0,0,0,0,0,0
11,4,4041133.0,2019,10,15,6,3,2,6,0,0,1,0,0,0,0,1,0
11,7,7040406.0,2019,6,14,6,2,2,6,0,0,1,0,0,0,0,0,0
11,3,3071633.0,2019,8,14,2,3,3,6,0,0,1,0,0,0,0,0,0
11,1,1011304.0,2019,5,20,1,3,5,3,1,1,1,0,0,0,0,0,0
11,1,1011303.0,2019,3,12,7,3,2,7,0,1,1,0,0,0,1,0,0
11,2,2050602.0,2019,11,17,2,2,6,4,2,0,1,1,0,0,0,0,0
11,7,7040401.0,2019,5,14,1,3,3,6,0,0,1,0,1,0,0,0,0
11,1,1011105.0,2019,11,11,7,3,6,4,0,0,1,1,0,0,0,0,0
11,4,4030622.0,2019,6,18,5,3,6,7,0,0,1,1,0,0,0,0,0
11,5,5020628.0,2019,3,14,7,3,3,6,0,0,1,0,0,0,0,1,0
11,10,10030726.0,2019,10,7,2,3,5,7,0,1,1,0,0,0,0,0,0
11,7,7020203.0,2019,8,19,2,3,1,5,0,1,1,0,0,0,0,0,0
11,1,1033203.0,2019,6,10,5,2,5,2,0,1,1,0,0,0,0,0,0
11,11,11030721.0,2019,3,15,7,2,5,3,0,1,1,0,0,0,0,1,0
11,4,4030622.0,2019,6,18,2,3,0,7,0,0,0,0,1,0,0,1,0
11,3,3061434.0,2019,8,13,2,3,5,3,0,1,1,0,0,0,0,0,0
11,7,7040403.0,2019,12,5,3,3,3,6,2,0,1,0,0,1,0,1,0
11,10,10010308.0,2019,5,14,1,2,2,2,0,0,1,0,1,0,0,0,0
11,2,2020202.0,2019,6,22,5,2,0,7,2,1,0,0,0,0,0,0,0
11,4,4020310.0,2019,3,17,7,3,2,6,1,0,1,0,0,0,0,1,0
11,10,10010102.0,2019,11,20,3,2,6,7,2,0,0,1,0,0,1,0,0
11,3,3061228.0,2019,11,20,7,3,2,7,2,0,1,0,1,0,0,0,0
11,2,2050602.0,2019,6,7,5,3,3,6,0,1,0,0,0,0,0,0,0
11,3,3050925.0,2019,3,8,6,3,3,6,0,1,1,0,0,0,0,1,0
11,8,8020619.0,2019,10,14,3,2,3,6,0,0,1,0,0,1,0,0,0
11,3,3061126.0,2019,8,7,2,3,6,4,0,1,0,1,0,0,0,1,0
11,1,1011304.0,2019,5,22,7,3,5,3,2,1,1,0,0,0,0,0,0
11,6,6040703.0,2019,6,15,5,2,1,7,0,0,1,0,0,0,0,0,0
11,12,12103219.0,2019,3,11,6,3,6,7,0,0,1,1,0,0,0,0,0
11,2,2050801.0,2019,11,18,5,3,3,6,2,1,0,0,0,0,1,1,0
11,7,7040405.0,2019,6,14,5,3,2,6,0,0,1,0,1,0,0,0,0
11,9,9010101.0,2019,8,22,1,3,2,6,2,0,1,0,0,0,0,1,0
11,1,1033203.0,2019,12,18,3,3,2,6,2,0,1,0,0,0,0,0,0
11,3,3040818.0,2019,6,8,5,3,2,6,0,0,1,0,1,0,0,0,0
11,4,4020208.0,2019,10,19,5,3,7,7,2,0,1,0,0,0,1,0,0
11,1,1033203.0,2019,6,23,4,3,5,3,2,0,1,0,0,0,0,0,0
11,9,9020601.0,2019,9,16,5,3,0,7,0,1,0,0,0,0,0,0,0
11,3,3051017.0,2019,3,14,6,3,4,5,0,0,1,0,0,0,1,1,0
11,1,1011201.0,2019,10,14,4,3,5,2,0,1,0,0,0,0,1,0,0
11,1,1011303.0,2019,8,21,1,3,5,3,2,0,1,0,0,0,1,0,0
11,2,2020202.0,2019,5,13,7,3,5,2,0,1,1,0,0,0,0,0,0
11,12,12103219.0,2019,6,16,4,3,0,5,0,1,0,0,0,0,1,0,0
11,4,4020313.0,2019,3,12,6,3,2,6,0,0,1,0,0,0,1,0,0
11,1,1011102.0,2019,11,14,7,3,5,2,0,0,1,0,0,0,0,1,0
11,3,3071639.0,2019,6,0,7,3,2,7,2,1,1,0,0,0,0,0,0
11,4,4020208.0,2019,12,7,4,3,5,3,0,0,1,0,0,0,0,1,0
11,3,3020209.0,2019,6,15,4,3,2,6,0,0,1,0,0,0,0,0,0
11,3,3071639.0,2019,3,11,6,3,5,2,0,1,1,0,0,0,0,0,0
11,4,4030417.0,2019,10,14,6,3,5,3,0,1,1,0,0,0,0,0,0
11,3,3040614.0,2019,8,8,1,2,0,1,0,1,0,0,0,0,0,1,0
11,1,1011303.0,2019,6,14,4,3,6,7,0,0,1,1,0,0,0,0,0
11,2,2050602.0,2019,3,18,5,3,0,6,2,0,1,0,1,0,0,1,0
11,6,6010102.0,2019,10,17,5,3,2,6,2,0,1,0,0,0,0,0,0
11,12,12301203.0,2019,6,14,4,3,2,6,0,0,1,0,1,0,0,0,0
11,1,1044102.0,2019,9,15,5,3,5,3,0,1,1,0,0,0,0,0,0
11,7,7030303.0,2019,3,20,5,3,3,2,2,0,1,0,0,0,0,1,0
11,11,11030721.0,2019,10,13,5,3,5,2,0,0,1,0,0,0,0,0,0
11,10,10010310.0,2019,8,8,1,2,0,7,0,0,1,0,0,0,0,1,0
11,7,7040401.0,2019,5,17,7,3,6,7,0,0,1,1,0,0,0,1,0
11,10,10010207.0,2019,6,13,4,3,5,3,0,0,1,0,0,0,0,0,0
11,3,3061332.0,2019,3,20,5,3,5,2,2,1,1,0,0,0,0,1,0
11,9,9010101.0,2019,11,3,1,2,5,3,2,1,1,0,0,0,0,0,0
11,12,12103218.0,2019,6,22,7,3,2,6,2,0,1,0,0,0,1,0,0
11,11,11041027.0,2019,8,6,7,3,2,6,0,0,1,0,0,0,1,0,0
11,3,3071638.0,2019,12,15,5,3,5,2,0,0,1,0,0,0,1,0,0
11,4,4010101.0,2019,6,13,4,3,5,3,0,0,1,0,0,1,0,0,0
11,7,7030303.0,2019,3,15,5,3,2,6,0,0,1,0,0,0,0,1,0
11,2,2050602.0,2019,10,19,7,3,2,6,2,0,1,0,1,0,0,0,0
11,7,7070701.0,2019,8,9,7,3,0,5,0,0,1,0,0,0,0,0,0
11,3,3010104.0,2019,6,12,4,3,3,6,0,0,1,0,0,0,0,0,0
11,3,3061131.0,2019,3,4,4,3,5,2,2,0,1,0,0,1,0,1,0
11,7,7060604.0,2019,10,6,4,3,6,7,2,1,0,1,0,0,0,1,0
11,9,9010202.0,2019,6,6,5,3,5,3,0,0,1,0,0,0,0,0,0
11,1,1044102.0,2019,8,18,7,3,5,3,0,0,1,0,0,0,0,0,0
11,3,3061434.0,2019,12,6,7,2,5,3,2,1,1,0,0,0,0,1,0
11,10,10040830.0,2019,5,10,7,3,6,2,0,0,1,1,0,0,0,0,0
11,4,4010101.0,2019,3,12,4,2,3,6,0,0,1,0,0,1,0,0,0
11,1,1011102.0,2019,11,14,1,3,6,7,0,0,0,1,0,0,1,0,0
11,7,7030303.0,2019,5,9,6,2,2,6,0,0,1,0,1,0,0,0,0
11,4,4020311.0,2019,11,16,6,3,2,6,2,0,1,0,1,0,0,0,0
11,9,9010302.0,2019,6,10,4,3,2,6,0,0,1,0,0,0,0,0,0
11,3,3040818.0,2019,3,14,4,3,5,3,0,1,1,0,0,0,0,0,0
11,1,1011303.0,2019,10,22,2,3,5,2,2,0,1,0,0,0,1,0,0
11,7,7020202.0,2019,8,8,6,3,6,2,0,0,0,1,0,0,1,0,0
11,10,10010102.0,2019,5,17,6,2,6,4,0,0,1,1,0,0,0,0,0
11,2,2010101.0,2019,6,20,3,3,5,2,0,1,1,0,0,0,0,0,0
11,2,2050803.0,2019,3,18,4,3,3,7,1,1,0,0,0,0,0,0,0
11,12,12301203.0,2019,6,14,2,3,5,2,0,0,0,0,0,0,1,0,0
11,9,9020601.0,2019,8,15,6,3,5,3,0,1,1,0,0,0,0,0,0
11,2,2050601.0,2019,12,7,2,3,5,3,1,0,1,0,0,0,1,0,0
11,4,4020311.0,2019,5,13,6,3,2,6,0,0,1,0,1,0,0,0,0
11,1,1033203.0,2019,6,12,3,3,2,6,0,0,1,0,1,0,0,0,0
11,1,1033203.0,2019,3,19,4,3,2,1,2,0,1,0,0,0,0,1,0
11,3,3040818.0,2019,11,12,3,2,6,3,0,0,1,1,0,0,0,0,0
11,12,12304314.0,2019,11,9,6,3,5,3,0,0,1,0,0,1,0,1,0
11,9,9020601.0,2019,6,10,3,3,6,7,0,0,1,1,0,0,0,0,0
11,7,7040402.0,2019,3,17,3,3,2,6,1,0,1,0,0,0,0,0,0
11,1,1011303.0,2019,10,12,2,3,3,5,0,1,1,0,0,0,0,0,0
11,12,12301203.0,2019,8,15,6,3,5,3,0,1,1,0,0,0,0,0,0
11,3,3061126.0,2019,5,15,5,3,5,2,0,1,0,0,0,1,0,0,0
11,2,2050803.0,2019,6,10,3,3,3,2,0,0,1,0,1,0,0,0,0
11,2,2050602.0,2019,3,10,3,3,5,2,0,1,1,0,0,0,0,1,0
11,7,7060603.0,2019,11,12,4,3,2,6,0,0,1,0,0,1,0,1,0
11,5,5020524.0,2019,6,14,4,3,2,6,0,0,1,0,0,0,1,0,0
11,4,4020208.0,2019,8,8,6,3,2,6,0,0,1,0,0,0,1,0,0
11,7,7040402.0,2019,12,15,2,3,2,6,1,0,1,0,0,0,0,1,0
11,9,9020601.0,2019,6,9,3,2,5,2,0,1,1,0,0,0,0,0,0
11,11,11030721.0,2019,9,8,2,3,5,2,0,1,0,0,0,0,1,0,0
11,7,7020203.0,2019,10,17,4,3,5,2,2,1,1,0,0,0,0,0,0
11,10,10010207.0,2019,8,12,6,3,5,3,0,1,1,0,0,0,0,0,0
11,7,7020202.0,2019,6,9,3,2,5,3,0,1,0,0,1,0,0,0,0
11,9,9010302.0,2019,3,5,3,3,2,6,1,0,1,0,0,0,0,0,0
11,10,10040830.0,2019,10,5,3,3,2,6,2,0,1,0,0,0,0,0,0
11,4,4030623.0,2019,8,9,6,3,5,2,0,1,1,0,0,0,0,0,0
11,3,3061131.0,2019,5,9,5,3,0,7,0,1,0,0,0,0,0,0,0
11,8,8020619.0,2019,6,17,3,3,2,6,0,0,1,0,0,0,0,0,0
11,3,3040818.0,2019,3,8,2,3,5,3,0,1,1,0,0,0,0,1,0
11,10,10030727.0,2019,11,16,6,3,2,6,2,0,1,0,0,0,0,0,0
11,4,4030417.0,2019,5,9,5,3,2,6,0,1,1,0,0,0,0,1,0
11,3,3050920.0,2019,12,20,3,3,0,1,2,0,0,0,1,0,0,2,0
11,3,3061429.0,2019,6,16,3,3,5,2,0,1,1,0,0,0,0,0,0
11,12,12103218.0,2019,3,16,2,2,9,1,0,0,1,0,0,0,1,1,0
11,7,7050502.0,2019,10,8,6,2,5,2,0,0,1,0,1,0,0,0,0
11,2,2050803.0,2019,8,9,6,3,5,3,0,1,0,0,0,0,0,0,0
11,7,7050502.0,2019,6,14,3,3,5,2,0,1,1,0,0,0,0,0,0
11,1,1011104.0,2019,3,18,1,3,2,6,2,0,1,0,0,0,0,1,0
11,4,4020311.0,2019,10,9,3,3,5,2,0,0,1,0,0,0,0,1,0
11,1,1011105.0,2019,6,19,4,3,2,6,0,0,1,0,0,0,0,0,0
11,4,4020208.0,2019,8,8,6,3,2,6,0,0,1,0,0,0,0,0,0
11,11,11030721.0,2019,12,15,2,3,5,3,1,1,1,1,0,0,0,0,0
11,7,7030303.0,2019,5,6,5,3,0,6,1,0,1,0,0,0,0,0,0
11,10,10010206.0,2019,3,9,1,3,2,6,0,0,1,0,0,0,0,0,0
11,1,1044201.0,2019,11,9,7,3,0,7,0,1,0,1,0,0,0,1,0
11,7,7040401.0,2019,11,13,4,3,2,2,0,0,1,0,0,0,0,1,0
11,9,9020601.0,2019,6,8,3,3,5,2,0,1,0,0,0,0,1,0,0
11,2,2040703.0,2019,3,9,1,3,0,1,0,0,0,0,1,0,0,0,0
11,9,9010202.0,2019,10,7,6,3,2,6,1,0,1,0,0,0,0,1,0
11,12,12103219.0,2019,8,7,6,3,6,4,0,1,1,1,0,0,0,0,0
11,3,3061126.0,2019,5,9,4,3,0,3,0,1,1,0,0,0,0,0,0
11,7,7050506.0,2019,9,8,2,3,5,2,0,1,0,0,0,0,1,0,0
11,3,3040614.0,2019,6,14,2,3,6,4,0,0,0,1,1,0,0,0,0
11,9,9010101.0,2019,3,16,7,3,0,2,0,1,1,0,0,0,0,1,0
11,5,5020524.0,2019,6,2,7,3,9,1,2,0,1,0,0,0,0,0,0
11,3,3061429.0,2019,12,9,7,3,6,4,0,0,1,1,0,0,0,0,0
11,9,9020601.0,2019,5,16,4,3,2,6,0,0,1,0,1,0,1,0,0
11,7,7050501.0,2019,11,16,1,3,2,6,0,0,1,0,0,0,1,1,0
11,12,12231101.0,2019,1,11,4,3,6,7,0,1,0,1,0,0,0,1,0
11,11,11010310.0,2019,1,17,4,3,5,3,2,0,1,0,0,0,0,1,0
11,6,6020306.0,2019,1,17,4,3,5,2,2,1,1,0,0,0,0,1,0
11,7,7040405.0,2019,1,17,4,3,1,5,2,1,0,0,0,0,1,1,0
11,6,6010101.0,2019,1,16,4,3,5,3,2,1,0,0,0,0,1,1,0
11,10,10010203.0,2019,1,16,4,3,5,3,2,0,1,0,0,0,0,1,0
11,10,10010309.0,2019,1,7,4,3,6,7,1,0,1,1,0,0,0,1,0
11,1,1044201.0,2019,1,7,4,3,5,2,2,1,0,0,0,0,1,1,0
11,4,4051551.0,2019,1,7,4,3,5,2,2,1,1,0,0,0,0,1,0
11,1,1011202.0,2019,1,6,4,3,2,6,2,0,1,0,0,0,0,1,0
11,7,7040401.0,2019,1,6,4,3,6,4,2,0,1,1,0,0,0,1,0
11,1,1044103.0,2019,1,15,4,3,5,3,1,0,1,0,1,0,0,1,0
11,7,7010102.0,2019,1,5,4,3,5,7,1,0,1,0,0,0,1,1,0
11,3,3020209.0,2019,1,7,4,3,5,2,2,1,1,0,0,0,0,1,0
11,5,5020523.0,2019,1,8,4,3,6,7,2,0,1,1,0,0,0,1,0
11,6,6010209.0,2019,1,8,4,3,1,5,0,0,1,0,0,0,1,1,0
11,1,1033203.0,2019,1,10,4,3,6,7,0,0,1,1,0,0,0,1,0
11,10,10020622.0,2019,1,6,4,3,2,2,2,0,1,0,0,0,0,1,0
11,8,8041035.0,2019,1,10,4,3,2,6,0,0,1,0,0,0,0,1,0
11,6,6020303.0,2019,1,10,4,2,6,2,0,0,1,1,0,0,0,1,0
11,3,3040614.0,2019,1,10,4,2,2,6,0,0,1,0,0,0,0,1,0
11,3,3030716.0,2019,1,9,4,3,0,7,0,0,1,0,0,0,0,1,0
11,5,5030832.0,2019,1,5,4,3,3,6,2,0,1,0,0,1,0,1,0
11,4,4030518.0,2019,1,16,4,3,5,2,0,0,1,0,0,0,0,1,0
11,2,2010103.0,2019,1,18,4,3,5,3,2,0,1,0,0,0,0,1,0
11,1,1044103.0,2019,1,16,3,2,6,4,1,0,1,1,0,0,0,0,0
11,12,12103220.0,2019,1,18,3,3,2,6,2,0,1,0,0,0,0,1,0
11,8,8020619.0,2019,1,18,4,3,2,6,2,0,1,0,0,0,0,1,0
11,2,2040702.0,2019,1,10,3,3,1,5,0,1,1,0,0,0,0,1,0
11,1,1011202.0,2019,1,10,3,3,6,4,0,1,0,1,0,0,0,1,0
11,2,2040703.0,2019,1,7,3,3,5,3,2,0,1,0,0,0,0,1,0
11,2,2010102.0,2019,1,22,3,3,6,2,2,0,1,1,0,0,0,1,0
11,10,10010207.0,2019,1,19,3,3,6,2,2,0,1,1,0,0,0,1,0
11,7,7010102.0,2019,1,20,3,3,6,7,2,0,1,1,0,0,0,1,0
11,12,12231101.0,2019,1,20,3,2,5,3,2,0,1,0,0,0,0,1,0
11,7,7010101.0,2019,1,20,3,3,6,4,1,0,1,1,0,0,0,1,0
11,11,11030618.0,2019,1,19,3,3,1,5,2,1,1,0,0,0,0,1,0
11,5,5010101.0,2019,1,18,3,3,2,7,2,0,1,0,0,0,0,1,0
11,7,7060603.0,2019,1,18,3,3,2,6,2,0,1,0,0,0,0,1,0
11,5,5010314.0,2019,1,18,3,2,6,2,2,0,1,1,0,0,0,1,0
11,4,4051551.0,2019,1,18,3,3,6,2,2,0,1,1,0,0,0,1,0
11,9,9051901.0,2019,1,18,3,3,2,6,2,0,1,0,0,0,0,1,0
11,6,6030610.0,2019,1,18,3,3,2,6,2,0,1,0,0,0,0,1,0
11,6,6010102.0,2019,1,18,3,2,6,2,2,0,1,1,0,0,0,1,0
11,1,1011102.0,2019,1,18,3,3,5,3,2,0,1,0,0,0,0,1,0
11,4,4051445.0,2019,1,18,3,3,2,6,2,0,1,0,0,0,0,1,0
11,8,8010510.0,2019,1,17,3,3,5,3,2,1,1,0,0,0,0,1,0
11,6,6010208.0,2019,1,15,3,2,6,4,1,0,1,1,0,0,0,1,0
11,1,1044201.0,2019,1,9,3,3,5,2,0,0,1,0,0,0,1,1,0
11,2,2050602.0,2019,1,17,3,3,5,3,2,1,1,0,0,0,0,1,0
11,1,1033202.0,2019,1,17,3,2,0,7,1,0,0,0,1,0,1,1,0
11,6,6030504.0,2019,1,17,3,2,6,4,2,0,1,1,0,0,0,1,0
11,4,4030929.0,2019,1,16,3,3,3,6,2,0,1,0,1,0,1,1,0
11,3,3061429.0,2019,1,16,3,2,6,4,2,0,1,1,0,0,0,1,0
11,12,12103116.0,2019,1,16,3,3,6,2,2,0,1,1,0,0,0,1,0
11,1,1011202.0,2019,1,15,3,3,5,3,0,1,1,0,0,0,0,1,0
11,1,1022104.0,2019,1,14,3,2,5,2,0,1,1,0,0,0,0,1,0
11,12,12302212.0,2019,1,13,3,2,6,4,0,0,0,1,1,0,0,1,0
11,11,11020411.0,2019,1,13,3,3,5,3,0,0,1,0,0,0,1,1,0
11,1,1022104.0,2019,1,11,3,3,3,6,0,0,1,0,1,0,0,1,0
11,4,4020311.0,2019,1,11,3,3,5,3,0,0,1,0,0,0,0,1,0
11,4,4041240.0,2019,1,11,3,3,5,3,0,0,1,0,0,0,0,1,0
11,7,7020204.0,2019,1,12,3,3,0,6,0,0,1,0,0,0,1,1,0
11,9,9041402.0,2019,1,6,3,3,6,2,2,0,1,1,0,0,0,1,0
11,4,4041134.0,2019,1,17,3,1,6,2,2,0,1,1,0,0,0,1,0
11,9,9020502.0,2019,1,17,2,3,2,7,1,0,1,0,0,0,0,0,0
11,7,7010102.0,2019,1,16,2,3,6,4,1,0,1,1,0,0,0,1,0
11,10,10020622.0,2019,1,18,2,2,6,4,2,0,1,1,0,0,0,1,0
11,6,6040804.0,2019,1,19,2,3,1,5,2,0,1,0,0,0,0,1,0
11,6,6040810.0,2019,1,19,2,3,2,6,2,0,1,0,0,0,0,1,0
11,1,1044103.0,2019,1,18,2,3,3,6,2,0,1,0,0,0,0,1,0
11,5,5010206.0,2019,1,21,2,2,9,1,2,0,1,0,0,0,0,1,0
11,8,8010301.0,2019,1,22,2,3,2,6,2,0,1,0,0,0,0,1,0
11,1,1044202.0,2019,1,21,2,3,5,2,2,1,0,0,0,0,0,1,0
11,12,12302110.0,2019,1,20,2,2,6,2,2,0,1,1,0,0,0,1,0
11,8,8010301.0,2019,1,15,2,3,2,2,0,0,1,0,0,0,0,1,0
11,3,3051022.0,2019,1,8,2,3,1,5,1,1,0,0,0,0,1,1,0
11,5,5040936.0,2019,1,7,2,3,2,6,1,0,1,0,0,0,0,1,0
11,3,3061430.0,2019,1,11,2,3,6,4,0,1,0,1,0,0,0,1,0
11,12,12301205.0,2019,1,8,2,3,6,2,0,0,1,1,0,0,0,1,0
11,6,6030609.0,2019,1,17,2,3,2,2,2,0,1,0,0,0,0,1,0
11,2,2050803.0,2019,1,17,2,3,6,2,2,0,1,1,0,0,0,1,0