LAND,BEZ,LOR_ab_2021,UJAHR,UMONAT,USTUNDE,UWOCHENTAG,UKATEGORIE,UART,UTYP1,ULICHTVERH,IstRad,IstPKW,IstFuss,IstKrad,IstGkfz,IstSonstige,USTRZUSTAND,lockdown
11,1,1011201.0,2019,1,17,2,3,5,2,2,1,1,0,0,0,0,1,0
11,3,3040513.0,2019,1,17,2,3,5,3,2,1,1,0,0,0,0,1,0
11,6,6030609.0,2019,1,17,2,3,1,5,2,0,1,0,0,0,0,1,0
11,4,4030929.0,2019,1,17,2,3,5,2,2,0,1,0,0,0,0,1,0
11,11,11051331.0,2019,1,16,2,3,3,6,2,1,1,0,0,0,0,1,0
11,5,5020523.0,2019,1,16,2,3,5,3,1,0,1,0,0,0,0,1,0
11,1,1044201.0,2019,1,16,2,3,5,2,1,1,1,0,0,0,0,1,0
11,3,3040508.0,2019,1,10,2,3,5,7,0,0,1,0,0,0,0,1,0
11,11,11051331.0,2019,1,15,2,3,5,3,0,1,1,0,0,0,0,1,0
11,6,6030502.0,2019,1,14,2,3,2,2,0,0,1,0,0,0,0,1,0
11,11,11010205.0,2019,1,10,2,3,5,3,0,0,1,0,0,0,0,1,0
11,2,2020205.0,2019,1,14,2,3,4,1,0,0,1,0,0,0,0,1,0
11,2,2050602.0,2019,1,9,2,2,0,1,0,0,0,0,1,0,0,1,0
11,1,1044103.0,2019,1,12,2,3,2,6,0,0,1,0,0,0,0,1,0
11,4,4051550.0,2019,1,11,2,3,5,2,0,0,1,0,1,0,0,1,0
11,4,4030620.0,2019,1,16,2,3,5,2,2,0,1,0,0,0,0,1,0
11,2,2030302.0,2019,1,9,2,3,5,3,1,1,1,0,0,0,0,1,0
11,6,6030503.0,2019,1,15,2,3,4,6,0,0,1,0,0,0,0,1,0
11,12,12301203.0,2019,1,11,2,3,6,2,0,0,1,1,0,0,0,1,0
11,12,12214424.0,2019,1,15,2,3,2,6,1,0,1,0,0,0,0,1,0
11,4,4030931.0,2019,1,9,2,3,5,2,0,0,1,0,1,0,0,1,0
11,1,1011302.0,2019,1,8,2,3,6,4,0,0,1,1,0,0,0,1,0
11,6,6020411.0,2019,1,8,2,2,5,2,0,0,1,0,0,0,0,1,0
11,4,4030621.0,2019,1,8,2,3,5,2,1,1,1,0,0,0,0,1,0
11,1,1033203.0,2019,1,8,2,2,6,4,0,0,1,1,0,0,0,1,0
11,4,4030620.0,2019,1,7,2,3,6,2,1,0,1,1,0,0,0,1,0
11,8,8020621.0,2019,1,7,2,2,6,4,2,0,1,1,0,0,0,1,0
11,5,5010339.0,2019,1,6,2,3,6,2,2,0,1,1,0,0,0,1,0
11,12,12304314.0,2019,1,6,2,3,5,3,2,0,1,0,1,0,0,1,0
11,10,10010308.0,2019,1,18,2,3,1,5,2,1,0,0,0,0,1,1,0
11,2,2010104.0,2019,1,11,2,3,5,3,0,0,1,0,0,0,1,1,0
11,9,9051702.0,2019,1,13,1,3,1,5,0,1,1,0,0,0,0,0,0
11,1,1033202.0,2019,1,18,1,3,2,6,2,0,1,0,0,0,0,0,0
11,5,5030731.0,2019,1,17,1,2,5,3,2,1,1,0,0,0,0,0,0
11,2,2040502.0,2019,1,16,1,3,2,6,2,0,1,0,0,0,0,0,0
11,1,1011304.0,2019,1,16,1,3,5,2,2,1,1,0,0,0,0,0,0
11,6,6030504.0,2019,1,14,1,2,5,3,0,1,1,0,0,0,0,0,0
11,12,12302107.0,2019,1,3,1,2,6,4,2,0,1,1,0,0,0,0,0
11,7,7020203.0,2019,1,14,7,3,3,7,0,1,1,0,0,0,0,1,0
11,1,1044203.0,2019,1,11,7,3,2,6,0,0,1,0,0,0,0,1,0
11,1,1044101.0,2019,1,9,7,2,4,1,0,0,1,0,0,0,1,1,0
11,1,1011305.0,2019,1,6,7,3,5,3,2,1,1,0,0,0,0,1,0
11,8,8010117.0,2019,1,0,7,3,2,2,2,0,1,0,0,1,0,1,0
11,8,8010117.0,2019,1,21,7,3,6,2,2,0,1,1,0,0,0,1,0
11,3,3071537.0,2019,1,18,7,3,6,7,2,0,1,1,0,0,0,1,0
11,10,10010308.0,2019,1,17,7,3,2,6,2,0,1,0,0,0,0,1,0
11,5,5010207.0,2019,1,17,7,3,2,6,2,0,1,0,0,0,0,1,0
11,6,6030609.0,2019,1,17,7,3,6,4,2,0,1,1,0,0,0,2,0
11,10,10010206.0,2019,1,19,6,2,0,1,2,0,0,0,1,0,0,1,0
11,12,12103219.0,2019,1,12,6,3,5,2,0,1,1,0,0,0,0,0,0
11,7,7040405.0,2019,1,22,6,3,5,3,2,0,1,0,0,0,0,1,0
11,5,5020521.0,2019,1,21,6,3,8,1,2,0,1,0,0,0,0,1,0
11,1,1011301.0,2019,1,21,6,3,3,6,2,0,0,0,1,0,1,1,0
11,12,12214424.0,2019,1,20,6,2,6,4,2,0,1,1,0,0,0,1,0
11,2,2050802.0,2019,1,18,6,3,6,4,2,1,0,1,0,0,0,1,0
11,11,11010204.0,2019,1,13,6,3,5,2,0,1,1,0,0,0,0,1,0
11,10,10040828.0,2019,1,15,6,3,5,3,0,1,1,0,0,0,0,1,0
11,4,4010102.0,2019,1,14,6,3,1,5,0,0,1,0,0,0,0,1,0
11,4,4041238.0,2019,1,15,6,3,5,3,1,1,1,0,0,0,0,1,0
11,12,12103219.0,2019,1,14,6,3,6,2,0,0,1,1,0,0,0,1,0
11,2,2030402.0,2019,1,16,6,3,6,4,2,1,0,1,0,0,0,1,0
11,2,2010103.0,2019,1,13,6,3,0,7,0,0,1,0,1,0,0,1,0
11,4,4030726.0,2019,1,10,6,3,5,5,0,0,1,0,0,0,0,1,0
11,4,4030415.0,2019,1,13,6,3,5,5,0,0,1,0,0,1,0,1,0
11,6,6010205.0,2019,1,14,6,3,2,3,0,0,1,0,0,0,0,1,0
11,12,12103219.0,2019,1,13,6,3,1,5,0,0,1,0,0,0,0,1,0
11,11,11010309.0,2019,1,8,6,3,5,3,1,0,1,0,0,0,1,1,0
11,11,11040926.0,2019,1,5,6,3,5,3,2,1,1,0,0,0,0,1,0
11,5,5010206.0,2019,1,5,6,3,6,2,2,0,1,1,0,0,0,0,0
11,8,8010404.0,2019,1,12,6,3,5,3,0,0,1,0,0,0,1,1,0
11,2,2020206.0,2019,1,11,5,3,0,6,0,0,1,0,0,0,1,0,0
11,1,1033102.0,2019,1,15,5,3,2,6,0,0,1,0,0,0,0,0,0
11,5,5010314.0,2019,1,15,5,2,5,2,0,0,1,0,1,0,0,0,0
11,8,8010214.0,2019,1,22,5,3,5,2,2,0,1,0,0,0,0,0,0
11,4,4041240.0,2019,1,14,5,2,5,3,0,1,1,0,0,0,0,0,0
11,9,9051901.0,2019,1,14,5,3,5,3,0,1,1,0,0,0,0,0,0
11,4,4030931.0,2019,1,14,5,3,5,2,0,0,1,0,0,0,0,1,0
11,3,3061430.0,2019,1,12,5,2,6,4,0,0,1,1,0,0,0,0,0
11,9,9051702.0,2019,1,19,5,3,6,4,2,0,1,1,0,0,0,0,0
11,1,1011103.0,2019,1,13,5,3,5,2,0,0,1,0,1,0,0,1,0
11,5,5010206.0,2019,1,17,5,2,6,4,2,0,1,1,0,0,0,0,0
11,3,11030618.0,2019,1,17,5,3,5,2,2,1,1,0,0,0,0,0,0
11,12,12302211.0,2019,1,21,5,2,0,1,2,0,0,0,1,0,0,0,0
11,1,1022201.0,2019,1,11,5,3,5,2,0,0,1,0,0,0,0,1,0
11,7,7010102.0,2019,1,11,5,3,6,7,0,0,1,1,0,0,0,1,0
11,4,4020310.0,2019,1,10,5,2,5,3,0,1,1,0,0,0,0,0,0
11,7,7040404.0,2019,1,8,5,3,3,6,0,1,0,0,0,0,1,0,0
11,8,8041036.0,2019,1,8,5,3,5,3,0,1,1,0,0,0,0,0,0
11,5,5020419.0,2019,1,6,5,3,5,2,2,0,1,0,0,0,0,0,0
11,1,1022206.0,2019,1,6,5,3,6,2,2,0,1,1,0,0,0,0,0
11,8,8010214.0,2019,1,21,4,3,1,5,2,1,1,0,0,0,0,0,0
11,3,3071639.0,2019,1,18,4,3,0,5,2,0,1,0,1,0,0,1,0
11,4,4030623.0,2019,1,18,4,3,5,3,2,1,1,0,0,0,0,0,0
11,2,2040503.0,2019,1,16,4,3,2,6,2,0,1,0,0,0,0,1,0
11,1,1011202.0,2019,1,14,4,3,3,6,0,0,1,0,0,0,0,0,0
11,6,6030610.0,2019,1,13,4,3,2,6,0,0,1,0,0,0,0,1,0
11,8,8010213.0,2019,1,12,4,3,5,3,0,0,1,0,0,0,0,1,0
11,4,4041136.0,2019,1,12,4,3,6,2,0,0,1,1,0,0,0,0,0
11,10,10010308.0,2019,1,12,4,3,2,6,0,0,1,0,0,0,1,1,0
11,4,4030623.0,2019,1,11,4,2,6,4,0,0,0,1,0,0,1,1,0
11,7,7070702.0,2019,1,10,4,3,5,3,0,0,1,0,0,0,0,1,0
11,6,6030504.0,2019,1,7,4,3,2,7,1,0,1,0,0,0,0,1,0
11,11,11040926.0,2019,1,13,4,3,4,7,0,0,1,0,0,0,0,0,0
11,12,12231102.0,2019,1,16,3,3,4,1,2,0,1,0,0,0,0,1,0
11,7,7030301.0,2019,1,17,3,2,2,6,2,0,1,0,0,0,0,1,0
11,6,6010206.0,2019,1,17,3,3,6,2,2,0,1,1,0,0,0,1,0
11,8,8041038.0,2019,1,16,3,3,5,3,2,0,1,0,0,0,0,1,0
11,5,5010339.0,2019,1,6,3,3,2,6,2,0,1,0,0,0,0,1,0
11,2,2010103.0,2019,1,5,3,3,5,3,2,0,1,0,0,0,0,1,0
11,1,1022206.0,2019,1,17,3,3,1,5,2,0,1,0,0,0,0,1,0
11,1,1011306.0,2019,1,2,3,2,6,4,2,0,1,1,0,0,0,1,0
11,1,1044202.0,2019,1,3,3,3,6,2,2,0,1,1,0,0,0,1,0
11,7,7020203.0,2019,1,15,4,3,1,5,0,1,1,0,0,0,0,1,0
11,2,2040703.0,2019,1,4,3,3,5,2,2,0,1,0,0,0,0,1,0
11,7,7020202.0,2019,1,0,3,2,6,4,2,0,1,1,0,0,0,1,0
11,7,7070703.0,2019,1,1,3,2,5,3,2,0,1,0,0,0,1,1,0
11,1,1011203.0,2019,1,3,3,3,5,3,2,0,1,0,0,0,1,1,0
11,1,1022104.0,2019,1,15,4,3,2,6,0,0,1,0,0,0,0,1,0
11,7,7030303.0,2019,1,15,4,3,2,6,0,0,1,0,0,0,0,1,0
11,5,5030833.0,2019,1,14,4,3,5,3,0,0,1,0,0,0,0,0,0
11,5,5020417.0,2019,1,14,4,3,5,3,0,0,1,0,0,0,1,1,0
11,4,4010103.0,2019,1,17,4,2,0,7,2,0,1,0,0,0,0,1,0
11,3,3020203.0,2019,1,13,4,3,5,3,0,0,1,0,0,0,0,1,0
11,8,8020622.0,2019,1,13,4,3,5,7,0,0,1,0,0,0,0,1,0
11,2,2020202.0,2019,1,13,4,3,5,7,0,0,1,0,1,0,0,1,0
11,6,6040808.0,2019,1,12,4,3,5,3,0,0,1,0,0,0,0,1,0
11,4,4010102.0,2019,1,16,4,3,2,6,1,0,1,0,0,0,0,1,0
11,3,3040614.0,2019,1,18,4,3,2,2,2,0,1,0,0,0,0,1,0
11,1,2040701.0,2019,1,18,4,3,5,3,2,0,1,0,0,0,0,1,0
11,4,4030930.0,2019,1,12,4,3,2,6,0,0,1,0,0,0,0,1,0
11,11,11030619.0,2019,1,19,6,3,0,1,2,0,1,0,0,0,0,1,0
11,1,1011201.0,2019,1,17,6,2,1,5,2,1,1,0,0,0,0,1,0
11,12,12103218.0,2019,1,17,6,3,1,5,2,0,1,0,0,0,0,1,0
11,1,1011204.0,2019,1,17,6,3,5,3,2,0,1,0,0,0,0,0,0
11,9,9041402.0,2019,1,16,6,3,0,6,0,0,1,0,0,0,1,0,0
11,5,5020627.0,2019,1,15,6,2,1,1,0,0,1,0,0,1,0,0,0
11,6,6030501.0,2019,1,15,6,3,0,1,0,0,0,0,1,0,0,2,0
11,10,10020517.0,2019,1,14,6,3,2,2,0,0,1,0,0,0,0,0,0
11,10,10030724.0,2019,1,14,6,3,5,2,0,1,1,0,0,0,0,1,0
11,4,4030519.0,2019,1,14,6,3,1,5,0,0,1,0,0,0,0,0,0
11,1,1011204.0,2019,1,13,6,3,5,2,0,0,1,0,0,0,0,0,0
11,11,11020513.0,2019,1,13,6,3,5,7,0,0,1,0,0,0,1,0,0
11,5,5010311.0,2019,1,13,6,2,2,6,0,0,1,0,0,0,0,0,0
11,1,1022206.0,2019,1,12,6,3,5,2,0,1,0,0,0,1,0,0,0
11,2,2030301.0,2019,1,0,6,3,5,3,2,1,1,0,0,0,0,1,0
11,11,2050803.0,2019,1,6,6,3,6,4,2,0,1,1,0,0,0,1,0
11,10,10020622.0,2019,1,6,6,3,6,2,2,0,1,1,0,0,0,1,0
11,3,3020307.0,2019,1,7,6,3,5,3,1,1,1,0,0,0,0,2,0
11,7,7020201.0,2019,1,7,6,3,6,2,1,0,1,1,0,0,0,1,0
11,2,2040502.0,2019,1,7,6,2,6,4,1,0,1,1,0,0,0,1,0
11,7,7030301.0,2019,1,8,6,3,6,2,0,0,1,1,0,0,0,1,0
11,1,1011303.0,2019,1,8,6,3,6,4,0,1,0,1,0,0,0,1,0
11,7,7010103.0,2019,1,8,6,3,1,5,0,1,1,0,0,0,0,0,0
11,10,10030724.0,2019,1,9,6,3,5,2,0,0,1,0,0,0,0,1,0
11,1,1011204.0,2019,1,11,6,3,2,7,0,0,1,0,0,0,0,0,0
11,8,8030829.0,2019,1,10,6,3,2,6,0,0,1,0,0,0,1,1,0
11,12,12214125.0,2019,1,12,6,3,5,3,0,0,1,0,0,0,1,0,0
11,1,1011104.0,2019,1,10,1,3,5,3,0,0,1,0,0,0,0,0,0
11,2,2040702.0,2019,1,10,6,3,1,7,0,0,1,0,0,0,0,0,0
11,1,1022103.0,2019,1,7,5,3,5,2,2,1,1,0,0,0,0,1,0
11,1,1022206.0,2019,1,5,5,3,5,2,2,0,1,0,0,0,0,1,0
11,4,4030929.0,2019,1,21,5,3,6,2,2,0,1,1,0,0,0,1,0
11,9,9041301.0,2019,1,20,5,2,3,6,2,1,1,0,0,0,0,1,0
11,7,7030301.0,2019,1,19,5,3,6,7,2,0,1,1,0,0,0,1,0
11,10,10010102.0,2019,1,19,5,3,6,3,2,0,1,1,0,0,0,1,0
11,11,11010205.0,2019,1,18,5,2,6,2,2,0,1,1,0,0,0,1,0
11,3,3010101.0,2019,1,18,7,3,4,6,2,0,1,0,0,0,0,1,0
11,1,1044203.0,2019,1,19,5,3,2,6,2,0,1,0,0,0,0,1,0
11,1,1044201.0,2019,1,18,5,3,5,3,1,1,1,0,0,0,0,1,0
11,2,2010101.0,2019,1,18,5,3,5,2,2,1,1,0,0,0,0,1,0
11,8,8010214.0,2019,1,18,5,3,5,7,2,0,1,0,1,0,0,1,0
11,9,9010301.0,2019,1,18,5,2,6,2,2,0,1,1,0,0,0,1,0
11,1,1011202.0,2019,1,18,5,3,3,6,2,1,1,0,0,0,0,1,0
11,2,2040502.0,2019,1,18,5,2,0,2,2,0,1,0,0,0,1,1,0
11,4,4030622.0,2019,1,13,5,3,6,2,0,0,1,1,0,0,0,0,0
11,1,1011301.0,2019,1,11,5,2,6,4,0,0,0,1,0,0,1,0,0
11,6,6020303.0,2019,1,12,5,3,1,5,0,1,1,0,0,0,0,0,0
11,4,4051448.0,2019,1,14,5,2,5,7,0,0,1,0,0,0,0,0,0
11,4,4031032.0,2019,1,18,7,3,1,5,2,1,1,0,0,0,1,0,0
11,6,6030504.0,2019,1,14,5,2,2,3,0,1,1,0,0,0,0,0,0
11,1,1022102.0,2019,1,15,5,3,1,5,0,1,1,0,0,0,0,1,0
11,7,7040404.0,2019,1,15,5,3,5,2,0,0,1,0,1,0,0,0,0
11,7,7070705.0,2019,1,14,1,2,6,2,0,0,1,1,0,0,0,0,0
11,4,4051654.0,2019,1,16,5,2,6,2,0,0,1,1,0,0,0,0,0
11,7,7060601.0,2019,1,16,5,3,0,2,1,0,1,0,0,0,1,0,0
11,4,4051448.0,2019,1,17,5,3,2,1,1,0,1,0,0,0,0,1,0
11,4,4041136.0,2019,1,17,5,3,1,5,1,0,1,0,0,0,0,1,0
11,9,9020701.0,2019,1,17,5,2,2,6,1,0,1,0,1,0,0,1,0
11,8,8020619.0,2019,1,17,5,3,8,1,1,0,1,0,0,0,0,1,0
11,11,11010103.0,2019,1,10,5,2,9,1,0,0,1,0,0,0,0,0,0
11,8,8041036.0,2019,1,22,4,2,1,1,2,0,1,0,0,0,1,0,0
11,1,1033203.0,2019,1,21,4,2,6,4,2,1,0,1,0,0,0,0,0
11,1,1011302.0,2019,1,21,4,3,1,5,2,1,1,0,0,0,0,0,0
11,3,3061227.0,2019,1,21,4,3,5,3,2,1,1,0,0,0,0,0,0
11,1,1022206.0,2019,1,17,4,3,2,6,2,0,1,0,0,0,0,0,0
11,5,5010339.0,2019,1,14,4,3,2,6,0,0,1,0,0,0,1,0,0
11,11,11030721.0,2019,1,15,4,3,5,2,0,0,1,0,0,0,0,0,0
11,12,12224230.0,2019,1,14,4,3,2,3,0,1,1,0,0,0,0,0,0
11,4,4020313.0,2019,1,13,4,3,5,3,0,0,1,0,0,0,0,0,0
11,5,5020626.0,2019,1,13,4,3,5,3,0,0,1,0,0,0,1,0,0
11,4,4030623.0,2019,1,11,4,3,6,4,0,0,1,1,0,0,0,1,0
11,8,8010118.0,2019,1,10,4,3,6,4,0,0,1,1,0,0,0,1,0
11,3,3061227.0,2019,1,7,4,3,5,3,1,1,1,0,0,0,0,1,0
11,7,7060601.0,2019,1,12,4,3,6,2,0,0,1,1,0,0,0,0,0
11,6,6030503.0,2019,1,9,4,3,6,2,0,0,0,1,1,0,0,1,0
11,11,11020412.0,2019,1,7,4,3,5,2,1,0,1,0,0,1,0,1,0
11,7,7070701.0,2019,1,17,7,3,5,2,2,1,0,0,0,0,1,0,0
11,3,3061228.0,2019,1,7,4,3,6,4,1,0,1,1,0,0,0,1,0
11,10,10020517.0,2019,1,7,4,3,5,3,1,1,1,0,0,0,0,1,0
11,12,12103115.0,2019,1,8,4,3,5,2,0,0,1,0,0,0,0,1,0
11,4,4041344.0,2019,1,9,4,3,5,3,0,0,1,0,0,0,0,1,0
11,8,8010301.0,2019,1,15,4,3,6,2,0,0,0,1,0,0,1,0,0
11,1,1033102.0,2019,1,12,3,3,5,2,0,1,1,0,0,0,0,0,0
11,1,1011202.0,2019,1,22,3,2,0,1,2,0,0,0,1,0,0,1,0
11,5,5010101.0,2019,1,18,3,3,6,2,2,0,1,1,0,0,0,1,0
11,5,5020523.0,2019,1,17,3,3,9,1,2,0,1,0,0,0,0,1,0
11,10,10010308.0,2019,1,12,3,3,2,2,0,0,1,0,0,0,0,1,0
11,4,4020311.0,2019,1,20,3,3,0,3,2,0,0,0,1,0,1,1,0
11,7,7050502.0,2019,1,17,7,3,5,2,1,0,1,0,0,0,0,0,0
11,7,7050502.0,2019,1,20,3,3,5,3,2,0,1,0,0,0,1,0,0
11,4,4020207.0,2019,1,16,3,3,0,1,2,0,0,0,1,0,0,1,0
11,10,10010310.0,2019,1,16,3,2,6,2,2,0,1,1,0,0,0,1,0
11,12,12214125.0,2019,1,16,3,3,0,5,0,0,1,0,1,0,0,1,0
11,4,4030931.0,2019,1,14,3,3,2,2,0,0,0,0,0,1,1,1,0
11,5,5030832.0,2019,1,14,3,3,0,2,0,0,1,0,0,0,1,1,0
11,12,12214527.0,2019,1,14,3,3,1,5,0,0,1,0,0,0,0,1,0
11,3,3061435.0,2019,1,13,3,3,5,3,0,0,1,0,0,0,0,1,0
11,8,8010303.0,2019,1,10,3,3,0,7,0,0,1,0,0,0,0,1,0
11,2,2050801.0,2019,1,10,3,3,5,3,1,1,1,0,0,0,0,1,0
11,3,3050923.0,2019,1,10,3,3,1,5,0,1,1,0,0,0,0,1,0
11,3,3040614.0,2019,1,9,3,3,5,3,0,0,1,0,0,0,0,1,0
11,1,1011303.0,2019,1,5,3,3,5,2,2,0,0,0,0,0,1,0,0
11,2,2040703.0,2019,1,22,3,3,6,3,2,0,1,1,0,0,0,1,0
11,3,3061228.0,2019,1,17,3,3,2,2,1,0,1,0,0,1,0,1,0
11,6,6020409.0,2019,1,17,3,3,6,4,1,0,1,1,0,0,0,1,0
11,12,12302110.0,2019,1,17,3,2,6,4,1,0,1,1,0,0,0,1,0
11,8,8010404.0,2019,1,15,3,3,6,4,0,0,1,1,0,0,0,1,0
11,4,4020313.0,2019,1,17,3,2,5,2,1,0,1,0,0,0,0,1,0
11,5,5010206.0,2019,1,17,3,3,6,2,2,0,1,1,0,0,0,1,0
11,1,1011204.0,2019,1,18,3,3,6,7,1,0,1,1,0,0,0,1,0
11,4,4030931.0,2019,1,18,3,3,6,7,1,0,1,1,0,0,0,1,0
11,5,5030730.0,2019,1,19,3,3,4,1,2,0,1,0,0,0,0,1,0
11,1,1011201.0,2019,1,22,3,3,6,2,2,0,1,1,0,0,0,1,0
11,8,8010303.0,2019,1,23,3,3,6,4,2,0,1,1,0,0,0,1,0
11,9,9020701.0,2019,1,23,3,3,5,2,2,1,1,0,0,0,0,1,0
11,1,1022104.0,2019,1,22,2,3,0,7,2,0,1,0,0,0,0,0,0
11,1,1011101.0,2019,1,21,2,3,5,2,2,1,1,0,0,0,0,0,0
11,4,4030726.0,2019,1,17,2,3,6,7,2,0,1,1,0,0,0,0,0
11,8,8041036.0,2019,1,6,2,3,5,3,2,0,1,0,0,0,0,1,0
11,12,12301203.0,2019,1,7,2,3,5,3,0,0,1,0,0,0,1,1,0
11,7,7060603.0,2019,1,8,2,3,6,4,0,0,0,1,0,1,0,1,0
11,1,1011102.0,2019,1,9,2,3,6,4,0,1,0,1,0,0,0,1,0
11,7,7070701.0,2019,1,9,2,2,5,2,0,0,1,0,0,0,1,0,0
11,6,6020305.0,2019,1,18,2,2,6,2,2,0,1,1,0,0,0,0,0
11,4,4051448.0,2019,1,17,2,3,2,6,2,0,1,0,0,0,0,1,0
11,7,7050501.0,2019,1,17,2,3,5,3,2,0,1,0,0,0,0,0,0
11,3,3061228.0,2019,1,17,2,3,6,4,2,0,1,1,0,0,0,1,0
11,1,1011303.0,2019,1,20,2,3,6,7,2,0,1,1,0,0,0,0,0
11,8,8010404.0,2019,1,17,2,3,6,4,2,0,1,1,0,0,0,1,0
11,7,7040403.0,2019,1,16,2,3,6,4,2,0,1,1,0,0,0,1,0
11,4,4030417.0,2019,1,16,7,2,5,2,1,0,1,0,0,0,0,0,0
11,9,9051901.0,2019,1,16,2,3,6,4,0,0,1,1,0,0,0,2,0
11,9,9020702.0,2019,1,16,2,3,5,3,0,0,1,0,0,0,0,1,0
11,7,7050501.0,2019,1,16,2,2,6,4,2,0,1,1,0,0,0,0,0
11,10,10010310.0,2019,1,14,2,3,5,3,0,0,1,0,0,0,0,1,0
11,4,4020209.0,2019,1,15,2,3,6,4,0,0,1,1,0,0,0,0,0
11,3,3010102.0,2019,1,14,2,3,5,2,0,0,1,0,0,0,0,1,0
11,2,2030302.0,2019,1,13,2,3,0,6,0,0,1,0,1,0,0,1,0
11,5,5010313.0,2019,1,13,2,3,5,2,0,0,1,0,0,0,0,0,0
11,1,1011303.0,2019,1,14,7,2,0,3,0,0,1,0,0,0,1,0,0
11,8,8010212.0,2019,1,13,2,2,5,3,0,0,1,0,1,0,0,0,0
11,7,7070703.0,2019,1,11,2,3,5,2,0,1,1,0,0,0,0,0,0
11,6,6020305.0,2019,1,13,7,3,2,1,0,0,1,0,0,0,0,0,0
11,7,7030303.0,2019,1,11,2,3,5,2,0,0,1,0,0,0,1,0,0
11,5,5020626.0,2019,1,7,2,3,0,5,1,0,1,0,0,0,0,0,0
11,3,3050925.0,2019,1,10,2,3,6,4,0,0,1,1,0,0,0,1,0
11,12,12302212.0,2019,1,15,1,3,5,3,1,0,1,0,0,0,0,1,0
11,1,1011304.0,2019,1,22,1,3,5,3,2,1,0,0,0,0,1,1,0
11,11,11030721.0,2019,1,20,1,2,5,2,2,0,1,0,0,0,0,1,0
11,3,3040512.0,2019,1,19,1,3,5,3,2,0,1,0,0,0,1,1,0
11,8,8010404.0,2019,1,18,1,2,6,4,2,0,1,1,0,0,1,1,0
11,4,4030726.0,2019,1,17,1,3,6,2,2,0,1,1,0,0,0,1,0
11,10,10020622.0,2019,1,17,1,3,2,6,2,0,1,0,0,0,0,1,0
11,12,12301203.0,2019,1,16,1,2,6,2,2,0,1,1,0,0,0,1,0
11,5,5010206.0,2019,1,13,1,3,2,6,0,0,1,0,0,0,0,1,0
11,1,1011105.0,2019,1,14,1,3,5,5,0,1,1,0,0,0,0,1,0
11,2,2020204.0,2019,1,3,1,3,5,3,2,0,1,0,0,0,0,1,0
11,8,8041035.0,2019,1,3,1,3,5,7,2,0,1,0,0,0,0,1,0
11,6,6030608.0,2019,1,7,1,3,6,2,2,0,1,1,0,0,0,1,0
11,1,1044202.0,2019,1,7,1,3,2,2,2,0,1,0,0,0,0,1,0
11,5,5010339.0,2019,1,11,1,2,1,1,0,0,1,0,1,0,0,1,0
11,11,11051330.0,2019,1,12,1,3,5,3,0,0,1,0,0,0,0,1,0
11,4,4051445.0,2019,1,1,1,3,5,3,2,0,1,0,0,0,1,1,0
11,9,9020601.0,2019,1,9,7,3,6,2,0,0,1,1,0,0,0,0,0
11,7,7010102.0,2019,1,11,7,3,2,2,0,0,1,0,0,0,0,1,0
11,8,8020727.0,2019,1,17,7,3,6,2,1,0,1,1,0,0,0,1,0
11,7,7040405.0,2019,1,18,7,3,5,3,2,0,1,0,0,0,0,1,0
11,10,10020415.0,2019,1,18,7,3,6,2,2,0,1,1,0,0,0,1,0
11,7,7010102.0,2019,1,18,7,3,6,2,2,0,1,1,0,0,0,1,0
11,7,7060604.0,2019,1,17,7,3,3,5,2,0,1,0,0,0,0,1,0
11,4,4030828.0,2019,1,17,7,3,6,2,2,0,1,1,0,0,0,1,0
11,7,7010102.0,2019,1,17,7,3,6,2,2,0,1,1,0,0,0,1,0
11,5,5020625.0,2019,1,16,7,3,2,6,1,0,1,0,0,0,0,1,0
11,1,1033102.0,2019,1,15,7,3,2,6,1,0,1,0,0,0,0,1,0
11,1,1011204.0,2019,1,14,7,3,5,3,0,0,1,0,0,0,0,1,0
11,3,3020209.0,2019,1,11,7,3,5,3,0,0,1,0,0,0,0,1,0
11,5,5020625.0,2019,1,11,7,3,2,6,0,0,1,0,0,0,1,1,0
11,8,8030829.0,2019,1,20,7,3,6,4,2,0,1,1,0,0,0,1,0
11,1,3040614.0,2019,1,21,7,3,2,1,2,0,1,0,0,0,0,1,0
11,11,11051331.0,2019,1,23,7,3,6,4,2,0,1,1,0,0,0,1,0
11,1,1022106.0,2019,1,23,7,2,0,4,2,0,0,1,1,0,0,1,0
11,9,9041501.0,2019,1,13,6,3,0,3,0,0,1,0,0,0,1,0,0
11,10,10010310.0,2019,1,19,7,3,6,2,2,0,1,1,0,0,0,1,0
11,1,1011304.0,2019,1,19,7,3,8,1,2,0,0,0,1,0,0,1,0
11,11,11020412.0,2019,1,17,7,2,0,7,2,1,0,0,0,0,0,1,0
11,4,4041135.0,2019,1,13,7,3,0,1,0,0,0,0,1,0,0,1,0
11,6,6030504.0,2019,1,18,7,1,6,4,2,0,1,1,0,0,1,1,0
11,6,6010210.0,2019,1,17,6,3,0,7,1,0,1,0,1,0,0,1,0
11,5,5020626.0,2019,1,18,6,3,5,5,2,0,1,0,1,0,0,1,0
11,6,6020305.0,2019,1,17,6,3,0,4,1,0,1,1,0,0,0,1,0
11,2,2040503.0,2019,1,15,6,3,4,6,0,1,1,0,0,0,0,1,0
11,4,4030623.0,2019,1,20,6,2,5,3,2,0,1,0,0,0,0,1,0
11,3,3061228.0,2019,1,18,7,3,0,1,2,0,0,0,1,0,0,1,0