LAND,BEZ,LOR_ab_2021,UJAHR,UMONAT,USTUNDE,UWOCHENTAG,UKATEGORIE,UART,UTYP1,ULICHTVERH,IstRad,IstPKW,IstFuss,IstKrad,IstGkfz,IstSonstige,USTRZUSTAND,lockdown
11,12,12103117.0,2019,2,5,2,3,2,6,2,0,1,0,0,0,0,0,0
11,2,2020203.0,2019,2,8,1,3,1,5,0,0,1,0,0,0,1,0,0
11,6,6040703.0,2019,2,8,4,3,5,3,0,1,1,0,0,0,0,0,0
11,11,11010102.0,2019,2,10,7,3,5,2,0,0,1,0,1,0,0,0,0
11,1,1022206.0,2019,2,2,7,3,6,4,2,0,1,1,0,0,0,0,0
11,9,9041301.0,2019,2,6,2,3,2,6,1,0,1,0,0,0,0,0,0
11,4,4030931.0,2019,2,22,7,3,5,3,2,1,1,0,0,0,0,0,0
11,2,2030301.0,2019,2,21,7,3,3,6,2,1,1,0,0,0,0,0,0
11,4,4030827.0,2019,2,18,7,3,1,5,2,0,1,0,0,0,0,0,0
11,12,12214424.0,2019,2,7,2,3,3,6,0,0,1,0,0,1,0,0,0
11,10,10020413.0,2019,2,17,7,3,5,3,1,0,1,0,0,0,1,0,0
11,7,7010101.0,2019,2,11,7,3,5,2,0,1,1,0,0,0,0,0,0
11,3,3030406.0,2019,2,9,7,3,5,3,0,0,1,0,0,0,0,0,0
11,5,5010103.0,2019,2,16,7,3,0,7,0,0,1,0,0,0,0,0,0
11,12,12214424.0,2019,2,20,2,3,1,5,2,0,1,0,0,0,0,0,0
11,4,4030931.0,2019,2,15,7,3,6,4,0,0,1,1,0,0,0,0,0
11,8,8010214.0,2019,2,14,7,3,5,2,0,1,1,0,0,0,0,0,0
11,2,2020204.0,2019,2,14,7,3,2,6,0,0,1,0,0,0,0,0,0
11,3,3051022.0,2019,2,7,4,3,5,2,0,1,1,0,0,0,0,0,0
11,4,4051445.0,2019,2,13,7,2,6,7,0,0,1,1,0,0,0,0,0
11,7,7040401.0,2019,2,13,7,3,6,4,0,0,1,1,0,0,0,0,0
11,10,10010309.0,2019,2,19,2,3,6,7,2,0,1,1,0,0,0,0,0
11,7,7060604.0,2019,2,13,7,3,2,6,0,0,1,0,0,0,0,0,0
11,1,1011202.0,2019,2,20,6,2,5,3,2,1,1,0,0,0,0,0,0
11,5,5010314.0,2019,2,19,6,3,2,6,2,0,1,0,0,0,0,0,0
11,12,12231101.0,2019,2,7,2,3,1,5,0,1,1,0,0,0,0,0,0
11,3,3061227.0,2019,2,21,6,3,6,4,2,1,0,1,0,0,0,0,0
11,5,5010310.0,2019,2,10,5,2,1,7,0,0,1,0,0,0,1,0,0
11,4,5030833.0,2019,2,20,6,3,2,6,2,0,1,0,1,0,0,0,0
11,12,12302110.0,2019,2,18,6,3,2,6,2,0,1,0,0,0,0,0,0
11,10,10030725.0,2019,2,21,2,2,9,1,2,0,0,0,1,0,0,0,0
11,9,9041301.0,2019,2,8,6,3,5,3,0,0,1,0,0,0,1,0,0
11,4,4030931.0,2019,2,8,6,3,1,5,0,0,1,0,1,0,0,0,0
11,8,8010406.0,2019,2,8,6,3,6,4,0,0,1,1,0,0,0,0,0
11,4,4051653.0,2019,2,7,6,3,5,2,0,1,1,0,0,0,0,0,0
11,7,7030302.0,2019,2,7,2,3,0,1,0,0,0,0,1,0,0,0,0
11,1,1022106.0,2019,2,15,6,2,6,2,0,0,1,1,0,0,0,0,0
11,12,12103218.0,2019,2,15,6,3,2,6,0,0,1,0,0,0,0,0,0
11,3,3020209.0,2019,2,8,2,3,5,3,0,1,1,0,0,0,0,0,0
11,1,1011105.0,2019,2,15,6,3,1,5,0,1,1,0,0,0,0,0,0
11,9,9010101.0,2019,2,16,6,2,2,7,0,1,1,0,0,0,0,0,0
11,1,1044203.0,2019,2,7,6,2,2,7,0,1,0,0,0,0,0,0,0
11,4,4010102.0,2019,2,16,1,3,2,6,0,0,1,0,0,0,0,0,0
11,10,10020622.0,2019,2,7,6,3,3,6,0,0,1,0,0,1,0,0,0
11,11,11020513.0,2019,2,18,5,3,2,6,1,0,1,0,0,0,0,0,0
11,8,8010301.0,2019,2,7,6,3,6,2,0,0,1,1,0,0,0,0,0
11,7,7050503.0,2019,2,7,6,3,5,3,1,1,1,0,0,0,0,0,0
11,7,7070701.0,2019,2,16,1,3,0,7,0,0,0,1,0,0,1,0,0
11,1,1011201.0,2019,2,6,6,3,2,6,0,0,1,0,0,0,0,0,0
11,2,2020203.0,2019,2,5,6,2,5,2,2,1,1,0,0,0,0,0,0
11,9,9020702.0,2019,2,16,1,3,2,6,0,0,1,0,0,0,0,0,0
11,9,9020501.0,2019,2,5,6,2,3,6,2,0,1,0,0,1,0,0,0
11,3,3050919.0,2019,2,16,6,3,6,4,0,0,1,1,0,0,0,0,0
11,8,8040933.0,2019,2,16,1,3,1,5,0,0,1,0,0,0,1,0,0
11,3,3040818.0,2019,2,16,6,2,2,6,1,0,1,0,0,0,0,0,0
11,8,8020727.0,2019,2,17,6,3,1,1,1,0,1,0,0,0,1,0,0
11,2,2020202.0,2019,2,8,6,3,2,3,0,1,1,0,0,0,0,0,0
11,1,1011303.0,2019,2,16,1,3,5,7,0,0,1,0,0,0,0,0,0
11,2,2020204.0,2019,2,8,6,3,5,2,0,1,1,0,0,0,0,0,0
11,3,3061227.0,2019,2,14,4,3,3,6,0,0,1,0,0,0,0,0,0
11,6,6030605.0,2019,2,18,6,3,5,2,1,0,1,0,0,0,1,0,0
11,3,3071536.0,2019,2,18,6,3,6,4,1,0,1,1,0,0,0,0,0
11,4,4051448.0,2019,2,17,1,3,5,7,1,1,1,0,0,0,0,0,0
11,9,9051901.0,2019,2,9,6,3,3,6,0,1,0,0,0,0,0,0,0
11,8,8020619.0,2019,2,18,6,3,5,3,2,0,1,0,0,0,0,0,0
11,5,5030731.0,2019,2,15,6,3,5,2,0,1,1,0,0,0,0,0,0
11,4,4010103.0,2019,2,17,1,3,2,7,2,0,1,0,0,1,0,0,0
11,11,11030721.0,2019,2,10,6,3,5,3,0,0,1,0,0,0,0,0,0
11,4,4030620.0,2019,2,7,4,3,6,4,0,0,1,1,0,0,0,0,0
11,2,2020203.0,2019,3,23,2,3,5,3,2,0,1,0,0,0,0,1,0
11,9,9020802.0,2019,3,17,5,3,6,2,0,0,1,1,0,0,0,1,0
11,7,7020201.0,2019,3,8,2,3,5,2,0,0,1,0,0,0,0,1,0
11,12,12103115.0,2019,3,22,2,3,9,1,2,0,1,0,0,0,0,1,0
11,6,6040703.0,2019,3,16,5,2,5,3,0,1,1,0,0,0,0,1,0
11,4,4030931.0,2019,3,8,2,3,1,5,0,1,1,0,0,0,1,1,0
11,3,3050925.0,2019,3,5,1,3,1,1,2,0,1,0,0,0,0,0,0
11,11,11020513.0,2019,3,5,1,3,2,6,2,0,1,0,0,0,0,0,0
11,12,12304314.0,2019,3,16,5,3,5,3,1,1,1,0,0,0,0,1,0
11,9,9010101.0,2019,3,20,1,3,6,2,2,0,1,1,0,0,0,1,0
11,2,2020203.0,2019,3,19,5,3,5,3,2,1,1,0,0,0,0,1,0
11,7,7010102.0,2019,3,19,1,3,5,2,2,1,1,0,0,0,0,1,0
11,2,2050803.0,2019,3,20,1,3,5,2,2,1,1,0,0,0,0,1,0
11,11,11041128.0,2019,3,18,1,3,6,2,1,0,1,1,0,0,0,1,0
11,2,2020206.0,2019,3,20,1,2,5,7,2,0,1,0,0,0,0,1,0
11,12,12214424.0,2019,3,19,1,3,5,3,2,0,1,0,0,0,0,1,0
11,10,10020413.0,2019,3,18,1,2,6,2,2,0,1,1,0,0,0,1,0
11,4,4030828.0,2019,3,18,1,3,6,2,2,0,1,1,0,0,0,1,0
11,5,5010101.0,2019,3,8,1,2,9,1,0,0,1,0,0,0,0,1,0
11,1,1011204.0,2019,3,16,5,3,5,2,0,1,0,0,0,0,1,1,0
11,8,8010404.0,2019,3,17,1,3,2,6,1,0,1,0,0,0,0,1,0
11,10,10030727.0,2019,3,16,5,3,5,3,0,1,1,0,0,0,0,1,0
11,1,1033202.0,2019,3,14,1,3,0,1,0,0,0,0,1,0,0,1,0
11,6,6020306.0,2019,3,14,1,3,5,7,0,0,1,0,0,0,0,1,0
11,7,7010102.0,2019,3,12,1,3,2,6,0,0,1,0,0,0,0,1,0
11,11,11030618.0,2019,3,15,5,3,5,2,0,1,1,0,0,0,0,1,0
11,1,1022206.0,2019,3,12,1,3,5,2,0,1,1,0,0,0,0,1,0
11,1,1011102.0,2019,3,19,5,3,5,3,2,0,1,0,1,0,0,1,0
11,12,12103117.0,2019,3,12,1,3,5,2,0,0,1,0,0,0,0,1,0
11,8,8010213.0,2019,3,20,7,3,5,3,2,1,1,0,0,0,0,1,0
11,3,3020209.0,2019,3,15,5,3,5,3,0,0,1,0,0,0,0,1,0
11,3,3010101.0,2019,3,14,7,2,5,2,0,0,1,0,0,0,0,1,0
11,5,5010314.0,2019,3,15,7,3,0,6,0,0,1,0,1,0,0,1,0
11,12,12214125.0,2019,3,20,5,3,6,4,2,0,0,1,1,0,0,1,0
11,5,5010339.0,2019,3,8,7,2,1,5,0,0,1,0,1,0,0,1,0
11,8,8040933.0,2019,3,16,7,3,5,3,0,0,1,0,0,0,0,1,0
11,12,12304314.0,2019,3,17,7,3,6,4,1,0,1,1,0,0,0,0,0
11,4,4030726.0,2019,3,20,5,3,5,2,2,1,1,0,0,0,0,1,0
11,7,7060604.0,2019,3,17,7,3,5,7,1,0,1,0,0,0,0,1,0
11,5,5010313.0,2019,3,20,5,2,5,7,2,0,1,0,0,0,0,1,0
11,12,12103115.0,2019,3,19,7,3,6,2,2,0,1,1,0,0,0,1,0
11,7,7040403.0,2019,3,13,7,3,2,7,0,0,1,0,0,0,0,0,0
11,4,4030726.0,2019,3,22,5,3,6,2,2,0,1,1,0,0,0,1,0
11,12,12103219.0,2019,3,23,5,3,1,5,2,1,1,0,0,0,1,1,0
11,4,4030726.0,2019,3,12,7,3,3,6,0,0,1,0,0,0,0,0,0
11,6,6030503.0,2019,3,9,7,3,5,3,0,0,1,0,0,0,0,1,0
11,12,12214424.0,2019,3,16,5,3,2,6,0,0,1,0,0,0,0,1,0
11,12,12103219.0,2019,3,9,7,3,5,2,0,0,1,0,0,0,1,0,0
11,10,10020412.0,2019,3,15,7,3,6,4,0,1,0,1,0,0,0,1,0
11,8,8010509.0,2019,3,14,5,3,5,7,0,0,1,0,0,0,1,1,0
11,2,2020203.0,2019,3,2,7,3,5,2,2,0,1,0,0,0,0,0,0
11,2,2010102.0,2019,3,19,7,2,6,4,2,0,1,1,0,0,0,1,0
11,9,9010302.0,2019,3,15,5,3,2,6,0,0,1,0,0,0,0,1,0
11,6,6030610.0,2019,3,19,7,2,5,2,2,1,1,0,0,0,0,1,0
11,9,9030901.0,2019,3,16,5,3,5,2,1,0,1,0,0,0,0,1,0
11,12,12302107.0,2019,3,19,7,3,6,2,2,0,1,1,0,0,0,1,0
11,4,4041342.0,2019,3,19,7,3,5,2,2,0,1,0,0,0,0,1,0
11,4,4051653.0,2019,3,23,5,2,9,1,2,0,1,0,0,0,0,1,0
11,6,6010205.0,2019,3,19,7,3,6,2,2,0,1,1,0,0,0,1,0
11,8,8010118.0,2019,3,20,7,3,5,3,2,1,1,0,0,0,0,1,0
11,9,9020802.0,2019,3,20,7,3,8,1,2,0,1,0,0,0,0,1,0
11,8,8010118.0,2019,3,18,5,3,6,2,1,0,1,1,0,0,0,0,0
11,8,8020622.0,2019,3,10,7,3,5,2,0,0,1,0,0,0,0,0,0
11,9,9020701.0,2019,3,20,7,3,5,3,2,0,1,0,0,0,0,1,0
11,8,8020619.0,2019,3,21,7,2,6,4,2,0,1,1,0,0,0,1,0
11,1,1033202.0,2019,3,18,5,3,0,1,2,0,0,0,1,0,0,1,0
11,4,4030931.0,2019,3,22,7,3,5,3,2,0,1,0,0,0,0,1,0
11,8,8010213.0,2019,3,23,7,3,5,3,2,0,1,0,0,0,0,1,0
11,8,8010404.0,2019,3,11,6,3,5,3,0,0,1,0,0,0,0,1,0
11,7,7070703.0,2019,3,13,5,3,5,3,0,1,1,0,0,0,0,0,0
11,1,1044201.0,2019,3,23,6,2,6,4,2,0,1,1,0,0,0,0,0
11,9,9052001.0,2019,3,1,5,3,9,1,2,0,1,0,0,0,0,1,0
11,3,3061131.0,2019,3,23,6,3,6,4,2,0,1,1,0,0,0,0,0
11,2,2010102.0,2019,3,17,6,3,2,6,0,1,1,0,0,0,0,0,0
11,3,3010102.0,2019,3,6,5,2,6,4,0,0,1,1,0,0,0,1,0
11,9,9020501.0,2019,3,17,6,2,1,1,0,0,1,0,0,0,1,0,0
11,3,3040614.0,2019,3,16,6,2,6,4,0,0,1,1,0,0,0,0,0
11,3,3061227.0,2019,3,14,6,3,5,3,0,0,1,0,0,0,0,1,0
11,8,8010407.0,2019,3,13,5,3,5,3,0,0,1,0,0,0,0,1,0
11,2,2010103.0,2019,3,8,6,3,5,3,0,1,1,0,0,0,0,0,0
11,9,9010301.0,2019,3,19,5,3,3,6,2,1,0,0,0,0,0,1,0
11,4,4041137.0,2019,3,5,5,3,0,3,2,0,1,0,1,0,0,1,0
11,1,1033102.0,2019,3,17,5,3,2,6,0,0,1,0,0,0,0,1,0
11,4,4051448.0,2019,3,6,5,2,5,2,0,1,1,0,0,0,0,1,0
11,9,9020501.0,2019,3,7,5,3,5,3,0,0,1,0,0,0,1,1,0
11,8,8041036.0,2019,3,8,5,2,5,3,0,1,1,0,0,0,0,1,0
11,6,6040810.0,2019,3,22,5,3,6,7,2,0,1,1,0,0,0,1,0
11,2,2010103.0,2019,3,23,5,3,5,3,2,1,1,0,0,0,0,0,0
11,2,2030301.0,2019,3,20,5,3,1,5,2,1,1,0,0,0,0,1,0
11,3,3030715.0,2019,3,13,5,3,5,3,0,0,1,0,0,0,1,1,0
11,10,10020517.0,2019,3,20,5,3,5,3,2,0,1,0,0,0,0,0,0
11,8,8010117.0,2019,3,19,5,3,2,5,2,1,1,0,0,0,0,0,0
11,9,9052001.0,2019,3,8,5,3,5,3,0,1,1,0,0,0,0,1,0
11,6,6020303.0,2019,3,18,5,3,6,2,1,0,1,1,0,0,0,0,0
11,2,2020203.0,2019,3,18,5,3,5,2,2,1,1,0,0,0,0,1,0
11,2,2030301.0,2019,3,18,5,3,2,6,0,1,1,0,0,0,0,1,0
11,6,6030610.0,2019,3,8,5,3,1,5,0,1,1,0,0,0,0,1,0
11,12,12214424.0,2019,3,17,5,3,3,6,0,0,1,0,0,0,1,1,0
11,2,2030302.0,2019,3,17,5,3,5,3,1,0,1,0,1,0,0,1,0
11,4,4030827.0,2019,3,17,5,3,2,6,0,0,1,0,0,0,0,0,0
11,2,2030301.0,2019,3,17,5,3,6,4,0,1,0,1,0,0,0,1,0
11,1,1044202.0,2019,3,12,5,3,5,2,0,0,1,0,0,0,0,1,0
11,9,9051901.0,2019,3,17,5,3,2,1,0,0,1,0,0,0,0,0,0
11,3,3010102.0,2019,3,16,5,3,0,3,0,0,1,0,1,0,0,1,0
11,1,1022104.0,2019,3,12,5,3,2,6,0,0,1,0,0,0,0,1,0
11,1,1011401.0,2019,3,16,5,3,2,7,0,1,1,0,0,0,0,1,0
11,1,1022204.0,2019,3,16,5,3,2,2,0,0,1,0,1,0,0,1,0
11,8,8020727.0,2019,3,15,5,3,2,1,0,0,1,0,0,0,0,0,0
11,10,10040828.0,2019,3,10,5,3,5,3,0,0,1,0,0,0,0,1,0
11,2,2030302.0,2019,3,7,5,3,5,2,0,1,1,0,0,0,0,1,0
11,12,12214424.0,2019,3,8,5,2,5,3,0,0,1,0,0,1,0,0,0
11,1,1011402.0,2019,3,8,5,3,2,6,0,0,1,0,1,0,0,1,0
11,10,10030724.0,2019,3,10,5,3,5,7,0,0,1,0,0,0,0,1,0
11,11,11020514.0,2019,3,10,5,3,5,2,0,1,1,0,0,0,0,0,0
11,10,10010308.0,2019,3,9,5,3,2,6,0,0,1,0,0,0,0,1,0
11,4,4051654.0,2019,3,12,5,3,5,2,0,1,1,0,0,0,0,0,0
11,9,9051702.0,2019,3,12,5,3,1,5,0,1,1,0,0,0,0,0,0
11,1,1033201.0,2019,3,9,5,3,5,5,0,1,1,0,0,0,0,1,0
11,9,9052001.0,2019,3,12,5,3,2,2,0,0,1,0,0,0,0,0,0
11,3,3040614.0,2019,3,14,5,3,3,6,0,1,1,0,0,0,0,0,0
11,4,4041134.0,2019,3,6,4,2,5,3,0,1,1,0,0,0,0,1,0
11,4,4051653.0,2019,3,14,5,3,6,7,0,0,1,1,0,0,0,0,0
11,3,3061227.0,2019,3,7,5,3,6,4,0,1,0,1,0,0,0,1,0
11,7,7040403.0,2019,3,13,4,2,6,4,0,1,0,1,0,0,0,1,0
11,11,11051331.0,2019,3,5,5,3,5,3,2,1,0,0,0,0,1,1,0
11,9,9052001.0,2019,3,9,4,3,2,2,0,0,1,0,0,0,0,0,0
11,3,3020203.0,2019,3,9,5,3,2,6,0,0,1,0,0,1,0,0,0
11,4,4020314.0,2019,3,8,5,3,5,2,0,0,1,0,0,0,0,0,0
11,3,3020209.0,2019,3,15,4,3,0,3,0,1,1,0,0,0,0,1,0
11,7,7010101.0,2019,3,9,5,2,5,3,0,1,1,0,0,0,0,1,0
11,1,1011401.0,2019,3,20,4,2,6,4,2,0,1,1,0,0,0,1,0
11,11,11010205.0,2019,3,0,5,2,6,4,2,0,1,1,0,0,0,0,0
11,8,8020620.0,2019,3,14,4,3,3,6,0,0,1,0,0,1,0,0,0
11,4,4030931.0,2019,3,23,4,3,6,2,2,0,1,1,0,0,0,1,0
11,4,4051448.0,2019,3,10,4,3,5,2,0,0,1,0,0,0,0,0,0
11,5,5010209.0,2019,3,16,4,3,5,2,0,0,1,0,0,0,0,0,0
11,9,9020702.0,2019,3,5,4,3,2,6,2,1,0,0,0,0,1,0,0
11,12,12302107.0,2019,3,5,4,3,5,3,2,0,1,0,0,0,0,1,0
11,10,10040933.0,2019,3,11,4,2,5,3,0,1,1,0,0,0,0,0,0
11,3,3030711.0,2019,3,12,6,3,5,3,0,1,1,0,0,0,0,1,0
11,2,2050601.0,2019,3,20,4,2,6,2,2,0,1,1,0,0,0,0,0
11,4,4051448.0,2019,3,20,4,3,5,2,2,1,1,0,0,0,0,0,0
11,6,6010210.0,2019,3,5,4,3,6,2,2,0,1,1,0,0,0,1,0
11,5,5010206.0,2019,3,20,4,2,6,2,2,0,1,1,0,0,0,0,0
11,12,12214125.0,2019,3,19,4,3,5,2,2,0,1,0,0,0,0,0,0
11,1,1011306.0,2019,3,6,4,3,5,5,2,0,1,0,1,0,0,1,0
11,2,2030401.0,2019,3,19,4,3,4,5,2,0,1,0,0,0,1,0,0
11,12,12231101.0,2019,3,18,4,3,5,3,1,0,1,0,0,0,0,1,0
11,2,2020202.0,2019,3,16,4,3,2,2,0,0,1,0,0,0,0,0,0
11,8,8010404.0,2019,3,16,4,2,3,6,0,0,1,0,1,0,1,0,0
11,11,11010309.0,2019,3,6,4,3,4,7,2,0,1,0,0,0,0,0,0
11,3,3071537.0,2019,3,15,4,3,5,3,0,0,1,0,0,0,0,0,0
11,9,9041402.0,2019,3,7,4,3,5,2,0,1,0,0,0,0,1,0,0
11,10,10040932.0,2019,3,15,4,3,6,4,0,0,0,1,0,0,1,0,0
11,4,4030519.0,2019,3,7,4,3,1,5,0,1,1,0,0,0,0,0,0
11,4,4030415.0,2019,3,13,4,3,5,2,0,1,1,0,0,0,0,0,0
11,11,11030721.0,2019,3,19,5,3,6,2,2,0,1,1,0,0,0,1,0
11,4,4030931.0,2019,3,12,4,3,1,5,0,1,1,0,0,0,0,0,0
11,1,1022202.0,2019,3,13,4,3,5,2,0,0,1,0,0,0,0,0,0
11,6,6020409.0,2019,3,11,4,3,5,7,0,1,1,0,0,0,0,0,0
11,7,7030301.0,2019,3,13,4,3,1,7,0,0,1,0,0,0,1,0,0
11,1,1011101.0,2019,3,11,4,3,5,3,0,1,1,0,0,0,0,0,0
11,1,1011201.0,2019,3,11,4,2,5,2,0,1,1,0,0,0,0,0,0
11,1,1022202.0,2019,3,13,4,3,5,2,0,1,1,0,0,0,0,0,0
11,7,7070703.0,2019,3,11,4,3,5,2,0,0,1,0,1,0,0,0,0
11,4,4030621.0,2019,3,9,4,3,6,4,0,1,0,1,0,0,0,0,0
11,9,9051901.0,2019,3,8,4,3,3,6,0,0,0,0,1,0,1,0,0
11,7,7020203.0,2019,3,15,4,2,6,4,0,0,1,1,0,0,0,0,0
11,1,1033203.0,2019,3,7,4,3,5,2,0,0,1,0,0,0,0,0,0
11,4,4030621.0,2019,3,15,4,3,2,6,0,0,1,0,0,0,1,0,0
11,3,3030715.0,2019,3,7,4,3,5,2,0,1,1,0,0,0,0,0,0
11,10,10040931.0,2019,3,6,4,3,6,4,1,0,1,1,0,0,0,0,0
11,5,5010314.0,2019,3,15,4,3,0,2,0,0,1,0,0,0,1,0,0
11,3,3040614.0,2019,3,15,3,3,5,3,0,1,1,0,0,0,0,0,0
11,4,4030726.0,2019,3,19,5,3,5,3,2,1,1,0,0,0,0,1,0
11,6,6010101.0,2019,3,8,3,3,5,3,0,1,0,0,0,0,1,0,0
11,4,4051445.0,2019,3,21,3,3,6,2,2,1,0,1,0,0,0,0,0
11,2,2050802.0,2019,3,19,3,3,5,3,2,0,1,0,0,0,1,1,0
11,11,11030619.0,2019,3,16,4,2,5,7,0,0,1,0,1,0,0,0,0
11,4,4041134.0,2019,3,19,3,3,2,6,2,0,1,0,0,0,0,1,0
11,2,2010103.0,2019,3,19,3,3,5,2,2,1,1,0,0,0,0,0,0
11,4,4030620.0,2019,3,16,4,3,2,7,0,1,1,0,0,0,0,0,0
11,7,7020203.0,2019,3,18,3,3,6,2,2,0,1,1,0,0,0,1,0
11,1,1011105.0,2019,3,18,3,3,5,3,2,1,1,0,0,0,0,1,0
11,8,8010406.0,2019,3,19,3,3,5,2,2,1,1,0,0,0,0,1,0
11,5,5010312.0,2019,3,16,4,2,5,7,0,0,1,0,0,0,0,0,0
11,7,7040405.0,2019,3,17,3,3,5,3,2,0,1,0,0,0,0,1,0
11,7,7070705.0,2019,3,18,4,3,5,2,1,1,1,0,0,0,0,0,0
11,1,1022206.0,2019,3,17,3,2,6,4,1,0,1,1,0,0,0,1,0
11,8,8010404.0,2019,3,16,3,2,6,7,0,0,1,1,0,0,0,0,0
11,2,2020204.0,2019,3,20,4,3,0,1,2,1,1,0,0,0,0,0,0
11,9,9051701.0,2019,3,15,3,3,5,3,2,1,1,0,0,0,0,0,0
11,1,1011101.0,2019,3,15,3,3,3,6,0,0,1,0,1,0,0,1,0
11,6,6020302.0,2019,3,23,4,3,6,7,2,0,1,1,0,0,0,1,0
11,4,4020310.0,2019,3,10,3,3,6,3,0,0,1,1,0,0,0,1,0
11,10,10020413.0,2019,3,12,3,2,0,3,0,0,1,0,1,0,0,1,0
11,6,6040810.0,2019,3,12,3,2,5,2,0,0,1,0,0,1,0,0,0
11,4,4030931.0,2019,3,16,3,3,2,6,0,0,1,0,0,0,1,0,0
11,11,11020515.0,2019,3,6,3,3,6,4,1,0,0,1,1,0,0,0,0
11,1,1011402.0,2019,3,6,3,3,5,2,0,1,1,0,0,0,0,0,0
11,2,2010102.0,2019,3,9,3,2,1,5,0,1,1,0,0,0,0,0,0
11,12,12302212.0,2019,3,6,3,3,0,3,0,0,1,0,1,0,0,1,0
11,7,7030301.0,2019,3,19,3,3,0,2,2,0,1,0,0,0,1,0,0
11,1,1011203.0,2019,3,6,3,3,5,3,0,0,1,0,0,0,0,0,0
11,1,1022103.0,2019,3,7,3,3,3,6,0,1,0,0,0,1,0,0,0
11,3,3040513.0,2019,3,19,3,2,5,3,2,1,1,0,0,0,0,0,0
11,3,3061332.0,2019,3,8,3,3,2,2,0,1,1,0,0,0,0,0,0
11,2,2020204.0,2019,3,8,3,3,5,3,0,1,1,0,0,0,0,0,0
11,6,6020409.0,2019,3,17,3,3,0,2,0,1,1,0,0,0,0,1,0
11,3,3050920.0,2019,3,19,3,3,5,3,2,0,1,0,0,0,0,0,0
11,1,1033202.0,2019,3,9,3,3,6,4,0,0,1,1,0,0,0,0,0
11,1,1044203.0,2019,3,5,5,3,0,6,2,0,1,0,1,0,0,1,0
11,1,1011305.0,2019,3,9,3,3,5,2,0,1,1,0,0,0,0,0,0
11,4,4020310.0,2019,3,17,3,3,5,2,1,1,1,0,0,0,0,0,0
11,6,6030610.0,2019,3,10,3,3,5,3,0,0,1,0,0,0,0,0,0
11,4,4030620.0,2019,3,11,3,3,5,3,0,0,1,0,0,0,0,0,0
11,5,5030730.0,2019,3,16,3,3,5,3,0,1,1,0,0,0,0,0,0
11,4,4051653.0,2019,3,11,3,3,5,2,0,1,1,0,0,0,0,0,0
11,4,4030417.0,2019,3,18,3,3,5,3,2,1,1,0,0,0,0,1,0
11,1,1011204.0,2019,3,16,3,3,5,7,0,0,1,0,0,0,0,0,0
11,2,2050802.0,2019,3,16,3,3,1,5,0,1,1,0,0,0,0,1,0
11,11,11030618.0,2019,3,17,3,3,5,3,0,0,1,0,0,0,0,0,0
11,2,2020202.0,2019,3,16,3,2,6,4,0,0,1,1,0,0,0,0,0
11,7,7040403.0,2019,3,16,3,3,5,3,0,1,1,0,0,0,0,0,0
11,1,1011105.0,2019,3,9,2,3,1,5,0,1,1,0,0,0,0,0,0
11,1,1011401.0,2019,3,17,3,3,5,3,0,1,0,0,0,1,0,0,0
11,2,2020206.0,2019,3,18,2,3,2,2,2,0,1,0,0,0,0,1,0
11,8,8010406.0,2019,3,18,5,3,5,3,2,1,1,0,0,0,0,1,0
11,4,4051446.0,2019,3,16,2,3,6,4,0,0,1,1,0,0,0,0,0
11,4,4051653.0,2019,3,16,2,3,2,6,1,0,1,0,0,0,0,1,0
11,2,2020206.0,2019,3,16,2,3,5,3,0,1,1,0,0,0,0,0,0
11,6,6010102.0,2019,3,15,2,3,2,6,0,0,1,0,0,0,0,0,0
11,1,1022101.0,2019,3,14,2,3,5,7,0,0,1,0,1,0,0,0,0
11,5,5030730.0,2019,3,14,3,3,2,6,0,0,1,0,0,0,0,0,0
11,10,10010310.0,2019,3,14,2,3,5,3,0,0,1,0,0,0,0,0,0
11,6,6020410.0,2019,3,12,2,3,3,6,0,1,1,0,0,0,0,1,0
11,3,3061332.0,2019,3,11,3,3,5,7,0,1,0,0,0,0,1,0,0
11,7,7060604.0,2019,3,13,2,3,5,2,0,0,1,0,0,0,1,1,0
11,6,6020408.0,2019,3,13,2,3,1,5,0,0,1,0,1,0,0,1,0
11,8,8010211.0,2019,3,10,3,3,5,3,0,1,0,0,0,0,1,1,0
11,7,7040401.0,2019,3,12,2,3,5,3,0,0,1,0,0,0,0,1,0
11,4,4030518.0,2019,3,12,2,3,5,3,0,0,1,0,0,0,0,1,0
11,1,1033102.0,2019,3,11,2,3,1,5,0,0,1,0,1,0,0,0,0
11,4,4051653.0,2019,3,10,3,3,6,4,0,1,0,1,0,0,0,0,0
11,4,4020313.0,2019,3,9,2,3,2,6,0,0,1,0,0,0,0,1,0
11,8,8010404.0,2019,3,17,5,3,2,6,2,0,1,0,0,0,0,1,0
11,4,4030623.0,2019,3,6,2,3,3,6,0,0,1,0,0,0,0,1,0
11,4,4030930.0,2019,3,18,2,3,5,2,1,0,1,0,1,0,0,1,0
11,4,4051448.0,2019,3,9,3,3,5,2,0,0,1,0,1,0,0,0,0
11,1,1011204.0,2019,3,19,2,3,5,3,2,1,1,0,0,0,0,1,0
11,9,9020701.0,2019,3,19,2,3,5,3,2,1,1,0,0,0,0,1,0
11,2,2020202.0,2019,3,8,3,2,6,2,0,0,0,1,0,1,0,0,0
11,2,2020206.0,2019,3,20,2,2,5,3,2,1,1,0,0,0,0,1,0
11,1,1022202.0,2019,3,22,2,2,5,2,2,0,1,0,0,0,0,1,0