LAND,BEZ,LOR_ab_2021,UJAHR,UMONAT,USTUNDE,UWOCHENTAG,UKATEGORIE,UART,UTYP1,ULICHTVERH,IstRad,IstPKW,IstFuss,IstKrad,IstGkfz,IstSonstige,USTRZUSTAND,lockdown
11,9,9010101.0,2019,3,8,3,3,5,3,0,1,1,0,0,0,0,1,0
11,1,1011301.0,2019,3,23,2,2,6,4,2,0,1,1,0,0,0,0,0
11,1,1011201.0,2019,3,8,3,3,5,3,0,1,1,0,0,0,0,1,0
11,5,5010314.0,2019,3,17,2,2,6,4,1,0,1,1,0,0,0,1,0
11,9,9020702.0,2019,3,8,2,3,5,3,0,0,1,0,0,0,0,0,0
11,2,2020203.0,2019,3,0,3,3,5,3,2,0,1,0,0,0,0,1,0
11,11,11030721.0,2019,3,17,2,2,0,1,0,1,0,0,0,0,0,1,0
11,5,5010314.0,2019,3,6,3,3,0,6,0,0,0,0,1,0,1,1,0
11,10,10040933.0,2019,3,4,2,3,0,6,2,0,1,0,0,0,1,1,0
11,1,1044103.0,2019,3,13,2,3,0,1,0,0,0,0,1,0,0,1,0
11,6,6030502.0,2019,3,7,3,3,5,2,0,1,1,0,0,0,0,0,0
11,12,12302110.0,2019,3,18,1,3,5,2,1,1,1,0,0,0,0,0,0
11,8,8020619.0,2019,3,13,1,3,5,2,0,0,1,0,0,0,0,1,0
11,4,4030827.0,2019,3,7,3,3,3,6,0,0,1,0,1,0,0,0,0
11,9,9030901.0,2019,3,0,1,2,1,5,2,0,1,0,0,0,0,0,0
11,4,4020310.0,2019,3,22,1,3,4,1,2,0,1,0,0,0,1,1,0
11,1,1033203.0,2019,3,16,3,3,2,6,0,0,1,0,0,0,0,0,0
11,3,3061131.0,2019,3,18,1,3,0,6,2,0,1,0,1,0,0,1,0
11,3,3030715.0,2019,3,8,3,3,5,2,0,1,1,0,0,0,0,1,0
11,1,1011304.0,2019,3,17,1,3,5,2,1,1,1,0,0,0,0,1,0
11,5,5020625.0,2019,3,16,1,3,2,1,0,0,1,0,1,0,0,1,0
11,5,5020626.0,2019,3,16,3,3,6,4,0,0,1,1,0,0,0,0,0
11,2,2010104.0,2019,3,15,1,3,3,6,0,0,1,0,1,0,0,1,0
11,4,4020208.0,2019,3,15,1,3,5,3,0,0,1,0,0,0,0,1,0
11,12,12214422.0,2019,3,10,1,3,5,3,0,0,1,0,0,0,0,1,0
11,3,3040614.0,2019,3,8,3,3,1,5,0,1,1,0,0,0,0,1,0
11,6,6030504.0,2019,3,4,1,2,6,4,2,0,0,1,0,0,1,1,0
11,2,2020206.0,2019,3,23,1,3,2,2,2,0,1,0,0,0,0,1,0
11,6,6020411.0,2019,3,10,1,3,2,6,0,0,1,0,0,0,0,1,0
11,3,3040614.0,2019,3,16,3,3,2,6,0,1,1,0,0,0,0,0,0
11,1,1044202.0,2019,3,10,1,3,5,3,0,0,1,0,0,0,0,0,0
11,1,1044201.0,2019,3,23,1,3,9,1,2,0,1,0,0,0,0,1,0
11,7,7010102.0,2019,3,13,7,3,2,6,0,0,1,0,0,0,0,0,0
11,7,7040404.0,2019,3,16,3,3,2,6,0,0,1,0,0,1,0,0,0
11,1,1011303.0,2019,3,17,7,3,6,4,1,0,1,1,0,0,0,0,0
11,3,3050920.0,2019,3,16,3,3,3,6,0,0,1,0,0,0,1,0,0
11,4,4030620.0,2019,3,18,7,3,5,2,2,1,1,0,0,0,0,0,0
11,5,5020524.0,2019,3,14,7,3,5,3,0,0,1,0,0,0,0,0,0
11,4,4030416.0,2019,3,14,3,3,1,5,0,0,1,0,1,0,0,0,0
11,11,11020513.0,2019,3,13,7,3,5,2,0,0,1,0,0,0,0,0,0
11,4,4030621.0,2019,3,12,7,3,3,1,0,1,0,0,0,0,1,0,0
11,3,3051017.0,2019,3,18,7,3,5,3,2,0,1,0,0,0,0,0,0
11,4,4010101.0,2019,3,14,3,2,5,2,0,0,1,0,1,0,0,0,0
11,7,7020203.0,2019,3,12,7,3,6,4,0,1,0,1,0,0,0,0,0
11,9,9020702.0,2019,3,18,5,2,6,2,2,0,1,1,0,0,0,1,0
11,2,2040502.0,2019,3,12,7,3,5,7,0,0,1,0,0,0,0,0,0
11,1,1022201.0,2019,3,6,7,3,2,6,2,0,1,0,0,0,1,1,0
11,1,1011201.0,2019,3,19,7,3,2,2,2,0,1,0,0,0,0,0,0
11,12,12103218.0,2019,3,14,3,3,5,3,0,0,1,0,0,0,0,0,0
11,8,8041037.0,2019,3,19,7,2,6,7,2,1,0,1,0,0,0,0,0
11,1,1033202.0,2019,3,18,5,3,5,2,1,1,1,0,0,0,0,1,0
11,5,5020523.0,2019,3,18,7,2,1,1,2,0,1,0,0,0,0,0,0
11,3,3071537.0,2019,3,1,7,3,5,5,2,0,1,0,0,0,0,0,0
11,4,4051446.0,2019,3,18,2,3,6,2,1,0,1,1,0,0,0,0,0
11,11,11051332.0,2019,3,1,7,3,0,1,2,1,0,0,0,0,0,0,0
11,2,2050802.0,2019,3,15,6,2,5,2,0,1,1,0,0,0,0,0,0
11,3,3040818.0,2019,3,14,2,3,2,6,0,0,1,0,0,0,0,1,0
11,1,1011201.0,2019,3,17,6,3,2,2,1,0,1,0,0,0,0,0,0
11,8,8020622.0,2019,3,17,6,3,6,4,0,1,0,1,0,0,0,0,0
11,2,2010104.0,2019,3,16,6,3,2,3,0,1,0,0,0,0,1,0,0
11,2,2020204.0,2019,3,19,2,3,6,2,2,0,1,1,0,0,0,1,0
11,3,3040614.0,2019,3,13,6,3,6,3,0,0,1,1,0,0,0,0,0
11,4,4020311.0,2019,3,12,2,3,6,2,0,0,1,1,0,0,0,0,0
11,4,4030931.0,2019,3,14,6,3,2,2,0,0,0,0,0,0,1,0,0
11,5,5020626.0,2019,3,14,6,2,5,3,0,1,0,0,1,0,0,0,0
11,6,6010207.0,2019,3,12,2,3,5,7,0,0,1,0,1,0,0,1,0
11,4,4031032.0,2019,3,12,6,3,5,3,0,0,1,0,0,0,0,0,0
11,9,9020701.0,2019,3,13,6,3,5,2,0,1,1,0,0,0,0,0,0
11,6,6040809.0,2019,3,14,6,3,0,7,0,0,1,0,0,0,0,0,0
11,1,1011303.0,2019,3,8,6,3,5,7,0,0,1,0,1,0,0,0,0
11,5,5030731.0,2019,3,7,2,3,0,5,0,0,1,0,0,0,0,0,0
11,10,10030727.0,2019,3,8,6,2,0,6,0,0,1,0,0,0,1,0,0
11,3,3020209.0,2019,3,14,6,3,5,3,0,1,1,0,0,0,0,0,0
11,9,9051701.0,2019,3,8,2,3,5,3,0,1,1,0,0,0,0,1,0
11,1,1011402.0,2019,3,1,6,3,3,6,2,0,1,0,0,0,0,0,0
11,8,8010213.0,2019,3,19,6,3,5,3,2,0,1,0,0,0,0,0,0
11,3,3061441.0,2019,3,18,6,2,4,2,2,0,1,0,1,0,0,0,0
11,8,8010301.0,2019,3,10,2,3,2,6,0,0,0,0,0,0,1,0,0
11,1,1022207.0,2019,3,18,6,3,2,6,2,0,1,0,0,0,0,0,0
11,4,4051446.0,2019,3,11,2,3,5,3,0,1,1,0,0,0,0,1,0
11,5,5010206.0,2019,3,18,6,3,0,2,2,0,1,0,1,0,0,0,0
11,10,10040830.0,2019,2,13,5,3,3,6,0,1,0,0,0,0,1,0,0
11,10,10030727.0,2019,3,13,2,3,6,4,0,0,1,1,0,0,0,1,0
11,8,8010301.0,2019,2,16,5,3,5,3,0,0,1,0,1,0,0,0,0
11,4,4020311.0,2019,2,10,5,3,5,3,0,0,1,0,0,0,0,0,0
11,8,8020620.0,2019,3,15,2,3,5,3,0,0,1,0,0,0,0,1,0
11,5,5030833.0,2019,2,12,5,3,5,2,0,0,1,0,1,0,0,0,0
11,8,8040933.0,2019,2,8,5,3,5,2,0,0,1,0,1,0,0,0,0
11,12,12304314.0,2019,3,15,2,3,2,6,0,0,1,0,0,0,0,0,0
11,7,7040401.0,2019,2,8,5,3,5,7,0,0,1,0,1,0,0,0,0
11,12,12214424.0,2019,2,15,5,3,5,3,0,0,1,0,0,0,0,0,0
11,8,8040933.0,2019,2,15,5,2,5,2,0,0,1,0,0,0,0,0,0
11,11,11030618.0,2019,3,16,2,3,2,6,0,0,1,0,0,0,0,1,0
11,1,1022204.0,2019,2,16,5,2,6,4,0,0,1,1,0,0,0,0,0
11,11,11030619.0,2019,3,19,2,3,6,4,2,0,1,1,0,0,0,1,0
11,1,2040501.0,2019,2,16,5,2,3,6,1,1,0,0,0,0,0,0,0
11,4,4030620.0,2019,2,16,5,3,5,2,0,1,1,0,0,0,0,0,0
11,8,8030829.0,2019,3,21,2,2,6,4,2,0,1,1,0,0,0,1,0
11,1,1011203.0,2019,2,17,5,3,6,7,1,0,1,1,0,0,0,0,0
11,12,12214527.0,2019,2,11,5,3,6,7,0,0,1,1,0,0,0,0,0
11,11,11030720.0,2019,2,11,5,2,5,2,0,0,1,0,1,0,0,0,0
11,2,2020205.0,2019,3,22,2,3,2,6,2,1,0,0,0,1,0,1,0
11,3,3040614.0,2019,2,11,5,2,6,4,0,0,1,1,0,0,0,0,0
11,5,5010206.0,2019,3,5,5,2,6,4,2,0,1,1,0,0,0,1,0
11,8,8010117.0,2019,3,8,2,3,3,6,0,0,0,0,0,0,1,1,0
11,2,2020206.0,2019,3,19,5,3,5,2,2,0,1,0,1,0,0,1,0
11,10,10010309.0,2019,3,12,2,3,0,1,0,0,0,0,1,0,0,1,0
11,1,1011302.0,2019,3,10,1,3,5,2,0,1,1,0,0,0,0,0,0
11,2,2050802.0,2019,3,15,5,3,5,3,0,1,1,0,0,0,0,1,0
11,7,7010104.0,2019,3,20,1,2,0,1,2,0,0,0,1,0,0,0,0
11,9,9041402.0,2019,3,14,1,2,3,6,0,1,0,0,0,0,0,0,0
11,1,1022104.0,2019,3,22,5,3,6,2,2,0,1,1,0,0,0,1,0
11,9,9051801.0,2019,3,14,1,3,5,3,0,1,1,0,0,0,0,0,0
11,5,5010312.0,2019,3,16,5,3,1,5,0,1,1,0,0,0,0,1,0
11,11,11020516.0,2019,3,13,1,3,3,6,0,1,1,0,0,0,0,0,0
11,8,8020625.0,2019,3,16,5,2,5,3,0,0,1,0,0,0,0,1,0
11,7,7030301.0,2019,3,12,1,3,2,6,0,0,1,0,0,0,0,0,0
11,1,1011301.0,2019,3,11,1,3,6,4,0,0,1,1,0,0,0,0,0
11,1,3071537.0,2019,3,11,1,3,2,7,0,1,1,0,0,0,0,0,0
11,7,7040401.0,2019,3,10,1,3,5,3,0,0,1,0,0,0,0,0,0
11,6,6040810.0,2019,3,10,1,3,5,3,0,0,1,0,0,0,0,0,0
11,8,8041036.0,2019,3,14,6,3,5,3,0,0,1,0,0,0,0,0,0
11,4,4030931.0,2019,3,0,1,3,5,2,2,1,1,0,0,0,0,0,0
11,12,12103218.0,2019,3,13,1,1,6,4,0,0,0,1,1,0,0,0,0
11,4,4030620.0,2019,3,8,5,3,5,2,0,1,1,0,0,0,0,1,0
11,10,10020622.0,2019,3,9,7,3,6,2,0,0,1,1,0,0,0,0,0
11,5,5010101.0,2019,3,16,5,3,2,6,0,0,1,0,0,0,1,1,0
11,1,1044101.0,2019,3,13,7,3,2,6,0,0,1,0,0,0,0,0,0
11,10,10020412.0,2019,3,16,5,3,6,4,0,0,1,1,0,0,0,1,0
11,2,2050803.0,2019,3,5,7,3,4,1,2,0,1,0,0,0,0,1,0
11,6,6030610.0,2019,3,9,7,3,2,6,0,0,1,0,0,0,0,0,0
11,1,1022203.0,2019,3,0,5,3,5,3,2,0,1,0,0,0,0,1,0
11,5,5030730.0,2019,3,14,7,3,2,6,0,0,1,0,0,0,0,0,0
11,8,8020622.0,2019,3,16,5,3,3,6,0,0,1,0,0,0,0,1,0
11,5,5020629.0,2019,3,14,7,3,6,7,0,0,1,1,0,0,0,0,0
11,7,7010102.0,2019,3,16,5,3,6,4,0,0,1,1,0,0,0,1,0
11,5,5010209.0,2019,3,12,7,3,5,2,0,0,1,0,1,0,0,0,0
11,8,8040933.0,2019,3,10,7,3,5,3,0,0,1,0,1,0,0,0,0
11,5,5010314.0,2019,3,17,5,3,5,2,0,0,1,0,0,0,0,1,0
11,5,5020524.0,2019,3,11,7,3,5,2,0,0,1,0,0,0,1,0,0
11,5,5020625.0,2019,3,12,7,3,0,6,0,0,0,0,1,0,1,0,0
11,7,7040403.0,2019,3,22,6,3,5,3,2,0,1,0,0,0,0,0,0
11,11,11020514.0,2019,3,15,5,3,0,1,0,1,0,0,0,0,0,1,0
11,2,2010103.0,2019,3,14,7,3,1,5,0,1,1,0,0,0,0,0,0
11,6,6020302.0,2019,3,14,7,2,0,6,0,0,0,0,0,0,1,0,0
11,4,4051446.0,2019,3,12,5,3,2,6,0,0,1,0,0,0,0,0,0
11,1,1011402.0,2019,3,14,7,3,1,5,0,1,1,0,0,0,0,0,0
11,2,2020206.0,2019,3,18,5,3,0,5,1,0,1,0,1,0,0,1,0
11,5,5040934.0,2019,3,14,7,3,5,3,0,1,1,0,0,0,0,0,0
11,5,5010101.0,2019,3,12,5,2,9,1,0,0,1,0,0,0,0,1,0
11,8,8020620.0,2019,3,15,7,3,1,5,0,1,1,0,0,0,0,0,0
11,4,4031032.0,2019,3,15,7,3,6,7,0,0,1,1,0,0,0,0,0
11,1,1011103.0,2019,3,18,5,3,5,3,0,1,1,0,0,0,0,0,0
11,1,1011301.0,2019,3,13,5,3,8,1,0,0,0,0,1,0,0,0,0
11,4,4030930.0,2019,3,15,7,3,1,5,0,1,1,0,0,0,0,0,0
11,1,1022206.0,2019,3,6,7,3,5,3,0,0,1,0,0,0,0,0,0
11,6,6010209.0,2019,3,17,5,3,0,6,0,0,1,0,1,0,0,1,0
11,4,4030519.0,2019,3,9,7,3,2,6,0,0,1,0,0,0,0,0,0
11,4,4051655.0,2019,3,15,7,3,1,5,0,1,1,0,0,0,0,0,0
11,9,9020502.0,2019,3,17,6,3,5,3,0,0,1,0,1,0,0,0,0
11,4,4030827.0,2019,3,9,4,3,5,7,0,0,1,0,0,0,0,0,0
11,11,11030721.0,2019,3,10,7,3,5,3,0,0,1,0,0,0,0,0,0
11,1,1011303.0,2019,3,19,5,3,1,5,2,1,1,0,0,0,0,0,0
11,12,12224230.0,2019,3,19,7,3,0,3,2,0,1,0,1,0,0,0,0
11,10,10040931.0,2019,3,10,4,3,5,3,0,1,1,0,0,0,0,0,0
11,3,3020210.0,2019,3,10,7,3,5,2,0,0,1,0,1,0,0,0,0
11,1,1011203.0,2019,3,7,4,3,5,2,0,1,1,0,0,0,0,0,0
11,2,2040703.0,2019,3,2,7,3,2,4,2,0,1,1,0,0,0,0,0
11,2,2030302.0,2019,3,9,7,2,8,1,0,0,1,0,0,0,0,0,0
11,2,2030302.0,2019,3,6,4,3,2,2,0,1,1,0,0,0,0,0,0
11,2,2030301.0,2019,3,2,7,2,0,1,2,1,0,0,0,0,0,0,0
11,5,5030730.0,2019,3,17,6,3,6,2,0,0,0,1,0,0,1,0,0
11,10,10040932.0,2019,3,14,6,2,0,1,0,0,0,0,1,0,0,0,0
11,8,8010301.0,2019,3,23,6,3,5,3,2,1,1,0,0,0,0,0,0
11,1,1011202.0,2019,3,22,4,2,5,3,2,0,1,0,0,0,1,1,0
11,6,6030610.0,2019,3,8,6,3,0,2,0,0,0,0,0,0,1,0,0
11,2,2020204.0,2019,3,17,6,2,5,7,0,1,1,0,0,0,0,0,0
11,12,12231101.0,2019,3,0,6,3,0,7,2,0,1,0,1,0,0,1,0
11,9,9030901.0,2019,3,16,6,3,5,3,0,1,1,0,0,0,0,0,0
11,10,10040830.0,2019,3,16,4,3,2,2,0,0,1,0,0,0,1,0,0
11,9,9051901.0,2019,3,9,6,2,6,4,0,0,1,1,0,0,0,0,0
11,9,9030901.0,2019,3,11,6,3,5,3,0,1,1,0,0,0,0,0,0
11,1,1011203.0,2019,3,8,6,3,1,5,0,1,1,0,0,0,1,0,0
11,6,6040810.0,2019,3,15,4,3,2,2,0,1,1,0,0,0,0,0,0
11,1,1044201.0,2019,3,8,6,3,0,2,0,0,1,0,0,0,1,0,0
11,7,7040405.0,2019,3,14,4,3,5,3,0,0,1,0,0,0,0,0,0
11,4,4031032.0,2019,3,7,6,3,3,6,0,1,1,0,0,0,0,0,0
11,2,2050801.0,2019,3,7,6,3,0,7,0,0,1,0,1,0,0,0,0
11,9,9010301.0,2019,3,13,4,3,5,2,0,0,1,0,0,1,0,0,0
11,6,6010205.0,2019,3,14,6,2,3,6,0,0,1,0,1,0,0,0,0
11,2,2010102.0,2019,3,15,6,2,1,5,0,0,1,0,0,0,1,0,0
11,6,6010207.0,2019,3,16,5,3,0,6,0,0,1,0,0,0,1,0,0
11,1,1022106.0,2019,3,18,6,2,5,2,1,0,0,0,1,0,1,0,0
11,4,4030518.0,2019,3,17,4,3,5,2,0,0,1,0,0,0,0,0,0
11,9,9052001.0,2019,3,14,6,3,2,6,0,0,1,0,0,0,0,0,0
11,5,5030833.0,2019,3,11,4,3,5,3,0,1,1,0,0,0,0,0,0
11,5,5010101.0,2019,3,19,6,3,5,3,2,1,1,0,0,0,0,0,0
11,8,8010301.0,2019,3,12,6,3,5,3,0,0,1,0,0,0,0,0,0
11,12,12103116.0,2019,3,19,6,2,5,3,2,0,1,0,0,0,0,0,0
11,1,1011103.0,2019,3,21,4,3,5,3,2,1,1,0,0,0,0,1,0
11,1,1022206.0,2019,3,8,5,3,5,2,0,1,1,0,0,0,0,0,0
11,8,8010404.0,2019,3,22,4,3,5,3,2,0,1,0,0,0,0,1,0
11,12,12214424.0,2019,3,23,5,3,5,2,2,0,1,0,0,0,0,0,0
11,1,1011103.0,2019,3,21,5,3,2,6,2,0,1,0,0,0,0,0,0
11,2,2010104.0,2019,3,23,4,3,2,2,2,0,1,0,0,0,0,1,0
11,9,9051702.0,2019,3,20,5,3,6,4,2,0,1,1,0,0,0,0,0
11,1,1022203.0,2019,3,19,5,3,0,7,2,1,0,0,0,0,1,0,0
11,6,6020302.0,2019,3,11,6,3,1,5,0,1,1,0,0,0,0,0,0
11,5,5040938.0,2019,3,10,4,3,5,3,0,0,1,0,0,0,1,0,0
11,12,12231101.0,2019,3,19,5,3,5,3,2,1,1,0,0,0,0,0,0
11,4,4030620.0,2019,3,16,5,3,0,3,0,1,1,0,0,0,0,0,0
11,3,3061332.0,2019,3,7,5,3,1,5,0,1,1,0,0,0,0,1,0
11,12,12214422.0,2019,3,16,5,3,6,4,0,0,1,1,0,0,0,0,0
11,6,6040806.0,2019,3,9,4,3,5,2,0,0,1,0,1,0,0,0,0
11,5,5020629.0,2019,3,16,5,2,2,6,0,0,1,0,0,0,0,0,0
11,6,6020303.0,2019,3,9,4,3,5,2,0,0,1,0,1,0,0,0,0
11,4,4051448.0,2019,3,15,5,3,2,6,0,0,1,0,0,0,0,0,0
11,1,1044201.0,2019,3,15,5,3,2,2,0,1,1,0,0,0,0,0,0
11,1,1011302.0,2019,3,21,4,3,2,6,2,0,1,0,1,0,0,1,0
11,3,3061126.0,2019,3,15,5,3,6,4,0,0,1,1,0,0,0,0,0
11,5,5020625.0,2019,3,15,5,3,5,3,0,0,1,0,0,0,0,0,0
11,2,2050802.0,2019,3,17,6,3,0,3,0,1,1,0,0,0,0,0,0
11,3,3040512.0,2019,3,8,4,3,0,1,0,1,0,0,0,0,0,0,0
11,4,4030931.0,2019,3,15,5,3,3,6,0,1,0,0,0,0,1,0,0
11,12,12214527.0,2019,3,13,5,2,5,3,0,0,1,0,0,1,0,0,0
11,4,4051654.0,2019,3,12,5,3,5,3,0,1,1,0,0,0,0,1,0
11,4,4051448.0,2019,3,13,5,3,2,7,0,1,1,0,0,0,0,0,0
11,7,7050503.0,2019,3,12,6,3,2,6,0,0,1,0,0,0,0,0,0
11,6,6010209.0,2019,3,21,4,3,6,2,2,0,1,1,0,0,0,1,0
11,7,7060604.0,2019,3,13,5,3,2,6,0,0,1,0,1,0,0,0,0
11,3,3040614.0,2019,3,11,5,3,5,3,0,0,1,0,0,0,0,0,0
11,8,8010301.0,2019,3,9,5,3,6,4,0,0,0,1,1,0,0,0,0
11,5,5030731.0,2019,3,14,5,3,0,1,0,0,1,0,0,0,1,0,0
11,5,5030731.0,2019,3,8,4,3,5,2,0,0,1,0,0,0,0,0,0
11,9,9010401.0,2019,3,14,5,3,0,3,0,0,1,0,1,0,0,0,0
11,9,9051901.0,2019,3,18,4,3,3,6,2,0,1,0,1,0,0,0,0
11,5,5020521.0,2019,3,14,5,3,5,3,0,1,0,0,0,0,1,0,0
11,4,4030415.0,2019,3,13,5,3,1,5,0,1,0,0,0,0,1,0,0
11,9,9031101.0,2019,3,17,4,3,0,5,0,1,1,0,0,0,0,0,0
11,4,4030724.0,2019,3,13,5,2,2,6,0,1,0,0,0,1,0,0,0
11,6,6030608.0,2019,3,9,5,3,5,3,0,0,1,0,0,0,0,0,0
11,4,4010101.0,2019,3,17,6,3,5,3,0,0,1,0,0,0,0,0,0
11,11,11051229.0,2019,3,6,4,3,2,6,0,1,1,0,0,0,0,0,0
11,1,1011204.0,2019,3,8,5,3,5,3,0,1,1,0,0,0,0,0,0
11,7,7010102.0,2019,3,14,5,3,5,3,0,0,1,0,1,0,0,0,0
11,2,2010103.0,2019,3,8,5,3,2,6,0,0,1,0,0,0,0,0,0
11,1,1011105.0,2019,3,17,4,3,5,2,0,1,1,0,0,0,0,0,0
11,7,7050503.0,2019,3,7,5,3,5,3,0,1,1,0,0,0,0,0,0
11,4,4051551.0,2019,3,17,4,3,2,6,0,0,1,0,0,0,0,0,0
11,10,10040933.0,2019,3,7,5,2,5,3,0,0,1,0,1,0,0,0,0
11,3,3061126.0,2019,3,7,5,3,5,2,0,1,1,0,0,0,0,0,0
11,8,8010116.0,2019,3,5,4,3,6,2,0,0,1,1,0,0,0,0,0
11,3,3020307.0,2019,3,6,5,3,5,3,1,0,1,0,0,0,0,0,0
11,1,1011203.0,2019,3,4,4,3,6,2,2,0,1,1,0,0,0,0,0
11,1,1022104.0,2019,3,6,5,3,0,1,0,1,0,0,0,0,0,0,0
11,9,9031001.0,2019,3,14,4,2,0,3,0,1,0,0,0,0,1,0,0
11,12,12214422.0,2019,3,16,4,3,0,6,0,0,1,0,1,0,0,1,0
11,1,1011201.0,2019,3,21,4,3,0,6,2,0,1,0,1,0,0,0,0
11,1,1033203.0,2019,3,8,4,3,1,5,0,1,0,0,0,0,1,0,0
11,6,6020302.0,2019,3,14,6,3,2,6,0,0,1,0,0,0,0,0,0
11,12,12214125.0,2019,3,21,4,3,5,3,2,0,1,0,0,0,0,0,0
11,2,2050601.0,2019,3,10,3,3,6,4,0,1,0,1,0,0,0,0,0
11,8,8010117.0,2019,3,18,4,3,2,6,1,0,1,0,0,0,0,0,0
11,2,2050802.0,2019,3,12,3,3,5,2,0,1,0,0,0,0,1,1,0
11,9,9041601.0,2019,3,18,4,3,5,3,1,1,1,0,0,0,0,0,0
11,3,3061126.0,2019,3,18,4,3,5,3,1,1,1,0,0,0,0,0,0
11,5,5020625.0,2019,3,7,3,3,5,2,0,1,1,0,0,0,0,0,0
11,10,10040933.0,2019,3,17,4,3,2,1,1,0,1,0,0,0,0,0,0
11,1,1044102.0,2019,3,17,4,3,5,2,0,1,1,0,0,0,0,0,0
11,4,4020311.0,2019,3,8,3,3,2,6,0,0,1,0,0,0,0,0,0
11,11,11030721.0,2019,3,16,4,3,2,2,0,0,1,0,0,0,0,0,0
11,11,11010205.0,2019,3,16,4,3,2,2,2,0,1,0,0,0,0,0,0
11,8,8020727.0,2019,3,16,5,2,2,6,0,0,1,0,0,0,0,1,0
11,2,2040703.0,2019,3,16,4,3,3,6,0,1,0,0,0,1,0,0,0
11,1,1011303.0,2019,3,9,4,3,5,2,0,1,1,0,0,0,0,0,0
11,12,12214424.0,2019,3,20,3,2,0,7,2,0,0,0,1,0,0,1,0
11,12,12103115.0,2019,3,22,4,2,5,2,2,0,1,0,0,0,0,0,0
11,1,1033202.0,2019,3,18,4,3,9,1,2,0,0,0,0,0,1,0,0
11,1,1011402.0,2019,3,10,5,3,0,7,0,1,0,0,0,0,0,1,0
11,6,6020302.0,2019,3,16,4,3,2,6,0,0,1,0,0,0,0,0,0
11,10,10010207.0,2019,3,19,3,3,5,3,2,1,1,0,0,0,0,0,0
11,1,1044101.0,2019,3,16,4,3,5,3,0,0,1,0,0,0,0,0,0
11,2,2010102.0,2019,3,18,3,3,1,5,1,1,0,0,0,0,1,0,0
11,2,2030302.0,2019,3,15,4,3,1,5,0,1,1,0,0,0,0,0,0
11,12,12224230.0,2019,3,15,4,3,0,7,0,0,1,0,0,0,0,0,0
11,3,3061227.0,2019,3,15,4,2,5,3,0,0,1,0,1,0,1,0,0
11,1,1022102.0,2019,3,16,3,3,5,2,0,0,1,0,0,0,0,0,0
11,2,2050601.0,2019,3,12,4,3,3,6,0,1,0,0,0,0,0,0,0
11,12,12214424.0,2019,3,12,4,3,6,4,0,1,0,1,0,0,0,0,0
11,1,1011203.0,2019,3,9,6,3,0,5,0,0,1,0,0,0,0,0,0
11,5,5030832.0,2019,3,15,3,3,2,6,0,0,1,0,0,0,0,1,0
11,12,12214422.0,2019,3,11,4,3,2,6,0,0,1,0,0,0,0,0,0
11,12,12231102.0,2019,3,6,4,3,5,3,0,1,1,0,0,0,0,0,0
11,8,8020727.0,2019,3,8,5,3,5,3,0,0,1,0,0,0,0,1,0
11,11,11010207.0,2019,3,6,4,3,6,4,0,0,0,1,0,0,1,0,0
11,10,10020416.0,2019,3,15,3,3,6,4,0,0,0,1,0,0,1,1,0
11,4,4051551.0,2019,3,6,4,3,6,2,0,0,0,1,0,0,1,0,0
11,8,8010301.0,2019,3,18,3,3,0,6,0,0,1,0,0,0,1,0,0
11,3,3030405.0,2019,3,7,4,3,5,3,0,1,1,0,0,0,0,0,0
11,10,10020413.0,2019,3,7,4,3,5,3,0,0,1,0,0,0,1,0,0
11,10,10010309.0,2019,3,17,3,2,5,3,0,0,1,0,0,0,0,1,0
11,10,10010309.0,2019,3,7,4,3,0,7,0,0,1,0,0,0,1,0,0
11,7,7040403.0,2019,3,19,3,3,2,2,2,0,1,0,0,0,1,0,0
11,3,3061227.0,2019,3,8,4,3,2,7,0,0,1,0,0,0,0,0,0
11,1,1011201.0,2019,3,8,4,2,5,2,0,1,0,0,0,1,0,0,0
11,4,4010103.0,2019,3,10,4,3,3,6,0,0,1,0,0,1,0,0,0
11,12,12301204.0,2019,3,15,3,3,5,3,0,1,1,0,0,0,0,0,0
11,4,4030726.0,2019,3,11,4,2,5,3,0,1,1,0,0,0,0,0,0
11,8,8041036.0,2019,3,7,4,3,5,3,0,1,1,0,0,0,0,0,0
11,1,1033203.0,2019,3,23,6,3,0,1,2,1,0,0,0,0,0,0,0
11,1,1011202.0,2019,3,15,3,3,0,4,0,1,0,1,0,0,0,1,0
11,4,4030620.0,2019,3,11,4,2,0,7,0,1,0,0,0,0,0,0,0
11,1,1033203.0,2019,3,19,4,1,6,4,1,0,1,1,0,0,1,0,0
11,9,9020701.0,2019,3,11,5,3,5,2,0,1,0,0,0,1,0,0,0
11,4,4030726.0,2019,3,13,3,3,1,5,0,1,1,0,0,0,1,0,0
11,5,5020626.0,2019,3,15,3,3,6,4,0,0,1,1,0,0,0,1,0
11,6,6010209.0,2019,3,9,3,3,5,3,0,0,1,0,1,0,0,0,0
11,6,6020303.0,2019,3,15,3,2,1,5,0,0,1,0,1,0,0,1,0
11,8,8010510.0,2019,3,8,3,2,5,3,0,0,1,0,0,0,0,0,0
11,3,3030711.0,2019,3,7,3,3,5,2,0,1,1,0,0,0,0,0,0
11,8,8010509.0,2019,3,15,3,3,5,3,0,1,1,0,0,0,0,1,0
11,6,6040701.0,2019,3,18,3,2,1,5,1,1,1,0,0,0,0,0,0
11,1,1011301.0,2019,3,19,3,3,3,6,2,0,1,0,0,0,0,0,0