LAND,BEZ,LOR_ab_2021,UJAHR,UMONAT,USTUNDE,UWOCHENTAG,UKATEGORIE,UART,UTYP1,ULICHTVERH,IstRad,IstPKW,IstFuss,IstKrad,IstGkfz,IstSonstige,USTRZUSTAND,lockdown
11,3,3061228.0,2019,3,16,6,3,2,6,0,0,1,0,1,0,0,0,0
11,8,8010117.0,2019,3,15,3,3,6,4,0,0,1,1,0,0,0,1,0
11,8,8020622.0,2019,3,15,3,3,6,4,0,0,1,1,0,0,0,1,0
11,5,5010103.0,2019,3,19,3,3,5,3,2,0,1,0,0,0,0,0,0
11,11,11020513.0,2019,3,23,3,3,5,2,2,0,1,0,0,0,1,0,0
11,7,7010102.0,2019,3,16,6,3,0,2,0,0,1,0,1,0,0,0,0
11,1,1011102.0,2019,3,15,3,3,5,3,0,0,1,0,0,0,0,1,0
11,7,7050503.0,2019,3,17,3,2,0,1,0,1,0,0,0,0,0,0,0
11,8,8010301.0,2019,3,20,5,3,1,5,2,1,1,0,0,0,0,1,0
11,1,1044102.0,2019,3,11,3,3,1,5,0,0,1,0,0,1,0,0,0
11,2,2040502.0,2019,3,15,3,3,2,6,0,0,1,0,0,0,0,1,0
11,4,4030929.0,2019,3,11,3,2,0,5,0,0,1,0,1,0,0,0,0
11,12,12302109.0,2019,3,15,3,3,5,3,0,0,1,0,0,0,0,1,0
11,7,7050503.0,2019,3,11,3,2,3,6,0,0,0,0,1,0,1,0,0
11,2,2020204.0,2019,3,9,3,3,0,2,0,1,0,0,0,0,1,0,0
11,1,1011302.0,2019,3,15,3,3,3,6,0,1,0,0,0,0,1,1,0
11,1,1044101.0,2019,3,9,3,3,6,4,0,0,1,1,0,0,0,0,0
11,5,5020627.0,2019,3,7,3,3,6,2,0,0,0,1,0,1,0,0,0
11,7,7010102.0,2019,3,14,6,3,5,2,0,0,1,0,0,0,0,0,0
11,6,6010209.0,2019,3,7,3,3,1,5,0,1,1,0,0,0,0,1,0
11,6,6020409.0,2019,3,9,3,3,0,5,0,0,1,0,0,0,1,0,0
11,2,2050803.0,2019,3,17,3,3,3,2,0,0,1,0,1,0,0,0,0
11,1,1011303.0,2019,3,19,3,3,6,4,2,1,0,1,0,0,0,0,0
11,2,2030302.0,2019,3,17,3,2,6,4,1,0,1,1,0,0,0,0,0
11,8,8010301.0,2019,3,16,3,3,5,2,0,0,1,0,0,0,0,0,0
11,5,5020626.0,2019,3,15,3,3,0,4,0,0,0,1,0,0,1,0,0
11,7,7040401.0,2019,3,13,3,3,1,7,0,1,0,0,0,0,1,0,0
11,3,3020209.0,2019,3,14,3,3,5,2,0,1,0,0,0,0,0,0,0
11,5,5010313.0,2019,3,13,3,3,6,4,0,0,1,1,0,0,0,0,0
11,2,2050801.0,2019,3,21,3,3,5,2,2,1,1,0,0,0,0,0,0
11,8,8010303.0,2019,3,13,3,3,6,2,0,0,1,1,0,0,0,0,0
11,4,4010101.0,2019,3,23,3,3,3,6,2,0,1,0,0,0,1,1,0
11,1,1011303.0,2019,3,15,3,3,2,6,0,0,1,0,0,0,0,1,0
11,8,8010118.0,2019,3,12,3,3,3,6,0,0,1,0,1,0,1,1,0
11,10,10010206.0,2019,3,15,2,3,2,6,0,0,1,0,0,0,0,1,0
11,4,4030415.0,2019,3,21,5,3,6,2,2,0,1,1,0,0,0,1,0
11,1,1011401.0,2019,3,15,2,3,1,5,0,1,1,0,0,0,0,1,0
11,2,2010101.0,2019,3,6,3,3,5,2,0,1,1,0,0,0,0,0,0
11,8,8020625.0,2019,3,14,2,3,2,6,0,0,1,0,0,0,0,1,0
11,9,9030903.0,2019,3,7,3,3,5,3,0,1,1,0,0,0,0,0,0
11,7,7050502.0,2019,3,15,2,3,2,6,0,0,1,0,0,0,0,0,0
11,7,7020204.0,2019,3,15,2,3,0,2,0,0,1,0,1,0,0,1,0
11,2,2020203.0,2019,3,15,2,3,5,2,0,1,1,0,0,0,0,0,0
11,5,5030731.0,2019,3,16,2,3,2,1,0,0,1,0,0,0,0,0,0
11,1,1011302.0,2019,3,17,2,2,5,3,1,1,0,0,0,0,0,1,0
11,8,8010301.0,2019,3,13,6,3,2,2,0,1,1,0,0,0,0,0,0
11,1,1011303.0,2019,3,8,3,3,5,3,0,0,1,0,1,0,0,0,0
11,1,1022204.0,2019,3,18,2,3,5,7,1,0,1,0,0,0,0,1,0
11,7,7030303.0,2019,3,18,2,3,6,2,1,0,1,1,0,0,0,1,0
11,3,3050923.0,2019,3,8,3,3,5,3,0,1,1,0,0,0,0,0,0
11,2,2030302.0,2019,3,18,2,3,6,4,1,0,0,1,1,0,0,1,0
11,11,11040925.0,2019,3,18,2,3,5,3,1,1,0,0,0,0,1,1,0
11,12,12224229.0,2019,3,9,3,3,1,5,0,1,1,0,0,0,0,0,0
11,5,5010310.0,2019,3,18,2,2,6,4,1,0,1,1,0,0,0,1,0
11,7,7060604.0,2019,3,20,2,3,5,2,2,1,1,0,0,0,0,1,0
11,6,6040807.0,2019,3,12,5,2,1,5,0,0,1,0,0,0,1,1,0
11,2,2020206.0,2019,3,20,2,3,5,7,2,0,1,0,0,0,0,1,0
11,2,2030402.0,2019,3,9,3,3,5,3,0,1,1,0,0,0,0,0,0
11,9,9051901.0,2019,3,20,2,3,6,4,2,0,1,1,0,0,0,1,0
11,9,9020702.0,2019,3,14,3,3,5,2,0,1,1,0,0,0,0,0,0
11,1,1033102.0,2019,3,22,2,3,5,2,2,1,1,0,0,0,0,1,0
11,6,6040810.0,2019,3,9,2,3,0,6,0,1,1,0,0,0,0,0,0
11,6,6030504.0,2019,3,14,3,3,5,2,0,1,1,0,0,0,0,1,0
11,3,3010101.0,2019,3,15,2,3,5,3,0,0,1,0,0,0,0,1,0
11,12,12302107.0,2019,3,15,2,3,0,1,0,0,0,0,1,0,0,1,0
11,5,5020626.0,2019,3,22,6,2,6,2,2,0,1,1,0,0,0,0,0
11,2,2040701.0,2019,3,9,3,3,2,6,0,0,1,0,0,0,0,1,0
11,8,8010214.0,2019,3,14,2,3,0,3,0,1,1,0,0,0,0,1,0
11,4,4030518.0,2019,3,14,5,2,6,4,0,0,1,1,0,0,0,1,0
11,8,8041037.0,2019,3,14,2,3,2,6,0,0,1,0,0,0,0,1,0
11,11,11030720.0,2019,3,10,3,3,5,3,0,0,1,0,0,0,0,0,0
11,1,1011306.0,2019,3,13,2,3,6,2,0,0,0,1,0,0,1,0,0
11,7,7010101.0,2019,3,10,3,3,6,7,0,0,1,1,0,0,0,0,0
11,10,10030724.0,2019,3,12,2,3,2,6,0,0,1,0,0,0,0,0,0
11,8,8020622.0,2019,3,9,5,2,1,5,0,0,1,0,1,0,0,1,0
11,4,4030623.0,2019,3,12,2,3,6,2,0,0,1,1,0,0,0,0,0
11,2,2020206.0,2019,3,14,3,3,2,2,0,0,1,0,0,0,0,1,0
11,3,3030715.0,2019,3,11,2,3,5,2,0,0,1,0,0,0,0,0,0
11,9,9052001.0,2019,3,10,3,3,6,4,0,0,1,1,0,0,0,0,0
11,10,10040932.0,2019,3,11,2,3,5,3,0,1,1,0,0,0,0,0,0
11,2,2020202.0,2019,3,7,2,3,3,6,0,0,1,0,0,1,0,0,0
11,1,1022104.0,2019,3,10,3,2,2,7,0,0,1,0,0,0,0,0,0
11,7,7070704.0,2019,3,7,2,2,6,4,0,0,1,1,0,0,0,0,0
11,11,11051330.0,2019,3,8,2,3,1,5,0,1,1,0,0,0,0,0,0
11,2,2030402.0,2019,3,13,6,2,5,3,0,1,1,0,0,0,0,0,0
11,1,1011104.0,2019,3,14,3,3,6,4,0,0,1,1,0,0,0,1,0
11,6,6030503.0,2019,3,9,2,2,5,3,0,0,1,0,0,0,1,0,0
11,3,3061126.0,2019,3,15,5,3,6,4,0,0,1,1,0,0,0,1,0
11,6,6020304.0,2019,3,10,2,3,0,1,0,1,0,0,0,0,0,0,0
11,12,12214125.0,2019,3,13,3,3,1,5,0,0,1,0,0,0,0,1,0
11,2,2020206.0,2019,3,8,2,3,0,1,0,0,0,0,0,0,1,1,0
11,12,12103218.0,2019,3,10,3,3,2,6,0,0,1,0,0,0,0,1,0
11,2,2040502.0,2019,3,19,1,3,5,7,2,0,1,0,0,0,0,0,0
11,8,8010301.0,2019,3,19,1,3,2,6,2,0,1,0,0,0,0,1,0
11,9,9010401.0,2019,3,12,3,3,0,4,0,0,1,1,0,0,0,0,0
11,6,6010209.0,2019,3,18,1,3,5,3,2,0,1,0,0,0,0,1,0
11,12,12103116.0,2019,3,15,1,2,5,3,0,0,1,0,1,0,0,0,0
11,12,12214422.0,2019,3,11,1,3,2,6,0,0,1,0,0,0,0,0,0
11,12,12304313.0,2019,3,13,3,3,5,3,0,0,1,0,0,0,0,1,0
11,11,11040926.0,2019,3,10,1,3,1,1,0,0,1,0,0,0,1,0,0
11,1,1011302.0,2019,3,11,1,3,2,6,0,0,1,0,0,0,0,0,0
11,4,4020312.0,2019,3,14,6,3,0,4,0,1,0,1,0,0,0,0,0
11,2,2010103.0,2019,3,12,1,3,5,3,0,0,1,0,0,0,0,0,0
11,1,1033203.0,2019,3,13,3,3,0,7,0,0,0,0,1,0,0,1,0
11,5,5010206.0,2019,3,14,1,3,5,2,0,0,1,0,0,0,0,1,0
11,1,1044202.0,2019,3,14,1,3,5,7,0,0,1,0,0,0,0,1,0
11,3,3020209.0,2019,3,17,1,3,9,1,1,0,1,0,0,0,0,1,0
11,4,4030930.0,2019,3,12,3,3,2,6,0,0,1,0,0,0,0,1,0
11,9,9051901.0,2019,3,19,1,3,2,6,2,0,1,0,0,0,0,1,0
11,11,11040926.0,2019,3,12,2,3,0,3,0,0,0,0,0,0,1,0,0
11,10,10010310.0,2019,3,20,1,2,5,2,2,1,1,0,0,0,0,1,0
11,1,1011301.0,2019,3,21,1,3,2,6,2,0,1,0,0,0,0,1,0
11,12,12301203.0,2019,3,7,2,2,6,4,0,0,1,1,0,0,0,1,0
11,3,3061227.0,2019,3,10,1,3,1,5,0,0,1,0,0,0,0,0,0
11,3,3061227.0,2019,3,9,1,3,5,3,0,0,1,0,0,0,1,0,0
11,1,1011204.0,2019,3,21,5,3,5,3,2,0,1,0,0,0,0,1,0
11,11,11020514.0,2019,3,8,1,3,5,3,0,0,1,0,1,0,0,0,0
11,5,5020417.0,2019,3,6,2,3,5,3,0,0,1,0,0,1,0,1,0
11,11,11020515.0,2019,3,17,7,3,5,3,2,0,1,0,1,0,0,1,0
11,2,2050801.0,2019,3,4,2,2,0,1,2,1,0,0,0,0,0,0,0
11,1,1011301.0,2019,3,18,7,2,1,5,2,1,1,0,0,0,0,1,0
11,7,7070705.0,2019,3,12,7,2,1,5,0,1,1,0,0,0,0,1,0
11,11,11041128.0,2019,3,16,5,3,2,6,0,0,1,0,0,0,0,1,0
11,7,7020201.0,2019,3,13,7,3,1,5,0,0,1,0,0,0,0,1,0
11,6,6010208.0,2019,3,0,2,2,5,7,2,0,1,0,0,0,0,0,0
11,7,7010102.0,2019,3,14,7,3,2,6,0,0,1,0,0,0,0,1,0
11,2,2030302.0,2019,3,16,2,3,2,6,0,1,0,0,0,0,0,0,0
11,1,1011204.0,2019,3,15,7,3,2,6,0,0,1,0,0,0,0,1,0
11,7,2020205.0,2019,3,18,7,3,2,6,1,0,1,0,0,0,0,1,0
11,6,6040807.0,2019,3,17,2,3,6,4,0,0,1,1,0,0,0,0,0
11,8,8010404.0,2019,3,18,7,3,6,4,1,0,1,1,0,0,0,1,0
11,6,6020303.0,2019,3,18,7,3,6,2,1,0,1,1,0,0,0,1,0
11,4,4030931.0,2019,3,9,6,3,1,5,0,1,1,0,0,0,0,0,0
11,9,9030902.0,2019,3,9,2,3,5,3,0,0,1,0,0,0,1,1,0
11,7,7010102.0,2019,3,18,7,3,6,2,1,0,1,1,0,0,0,1,0
11,1,1011201.0,2019,3,18,7,3,0,3,1,0,1,0,0,0,1,1,0
11,11,11030721.0,2019,3,7,5,3,6,4,0,0,1,1,0,0,0,1,0
11,7,7020204.0,2019,3,19,7,3,6,4,1,0,1,1,0,0,0,1,0
11,7,7060604.0,2019,3,11,2,3,5,2,0,0,1,0,0,0,0,0,0
11,10,10010102.0,2019,3,19,7,3,6,2,2,0,1,1,0,0,0,1,0
11,1,1022206.0,2019,3,11,2,3,2,6,0,0,1,0,0,0,0,1,0
11,1,1044103.0,2019,3,20,7,3,2,6,2,0,1,0,0,0,0,1,0
11,11,11010205.0,2019,3,20,7,3,5,2,2,0,1,0,0,0,0,1,0
11,11,11020515.0,2019,3,12,2,3,0,6,0,0,1,0,1,0,0,1,0
11,1,1033101.0,2019,3,20,7,2,1,5,2,0,1,0,0,1,0,1,0
11,7,7040401.0,2019,3,21,7,3,6,7,2,1,0,1,0,0,0,1,0
11,4,4030929.0,2019,3,17,6,3,2,6,2,0,1,0,0,0,0,0,0
11,1,1033202.0,2019,3,21,7,3,6,4,2,0,1,1,0,0,0,1,0
11,4,4041342.0,2019,3,10,7,3,5,2,0,0,1,0,0,0,0,0,0
11,1,1011301.0,2019,3,12,2,3,1,5,0,1,1,0,0,0,0,0,0
11,11,11051229.0,2019,3,10,7,2,6,4,0,0,1,1,0,0,0,0,0
11,7,7020204.0,2019,3,6,7,2,1,1,1,0,1,0,0,0,1,0,0
11,8,8010118.0,2019,3,18,6,3,5,3,0,0,1,0,0,0,0,0,0
11,1,1033203.0,2019,3,13,2,3,1,5,0,0,1,0,0,0,0,1,0
11,3,3040818.0,2019,3,17,6,3,6,4,1,0,1,1,0,0,0,1,0
11,1,1011306.0,2019,3,9,6,3,1,5,0,1,1,0,0,0,0,1,0
11,2,2040701.0,2019,3,10,5,3,5,2,0,1,1,0,0,0,0,1,0
11,11,11020515.0,2019,3,21,6,2,0,7,2,1,0,0,0,0,0,1,0
11,5,5010101.0,2019,3,15,2,3,6,2,0,0,1,1,0,0,0,0,0
11,7,7030303.0,2019,3,18,6,3,5,2,1,1,1,0,0,0,0,1,0
11,9,9020801.0,2019,3,15,2,3,2,6,0,0,1,0,0,0,0,1,0
11,4,4030725.0,2019,3,23,6,3,2,6,2,0,1,0,0,0,0,0,0
11,1,1011203.0,2019,3,20,6,2,6,2,2,0,1,1,0,0,0,1,0
11,8,8030829.0,2019,3,16,2,3,0,6,0,0,1,0,1,0,0,1,0
11,2,2030302.0,2019,3,21,6,3,5,3,2,1,1,0,0,0,0,0,0
11,11,11051331.0,2019,3,18,6,3,5,7,1,0,1,0,0,0,1,1,0
11,7,7070703.0,2019,3,16,6,3,0,3,0,1,0,0,0,0,1,0,0
11,11,11020412.0,2019,3,16,2,3,2,6,0,0,1,0,0,0,0,0,0
11,3,3050923.0,2019,3,16,6,3,2,6,1,0,1,0,1,0,0,1,0
11,8,8010302.0,2019,3,15,6,3,5,3,0,1,1,0,0,0,0,1,0
11,12,12224230.0,2019,3,17,2,3,6,7,0,0,1,1,0,0,0,0,0
11,12,12214423.0,2019,3,15,6,3,2,6,0,0,1,0,0,0,0,1,0
11,2,2010103.0,2019,3,15,6,3,1,5,0,1,1,0,0,0,0,1,0
11,7,7010104.0,2019,3,20,5,3,2,6,2,0,1,0,0,0,0,1,0
11,1,1011301.0,2019,3,16,6,3,0,1,0,0,0,0,1,0,0,1,0
11,2,2020204.0,2019,3,17,2,2,5,2,0,1,1,0,0,0,0,0,0
11,4,4020310.0,2019,3,1,6,2,9,1,2,0,1,0,0,0,0,1,0
11,3,3061430.0,2019,3,16,2,3,2,6,0,0,1,0,0,0,0,0,0
11,1,1011303.0,2019,3,1,6,2,5,2,2,1,1,0,0,0,0,1,0
11,9,9020702.0,2019,3,6,6,2,5,3,1,1,1,0,0,0,0,1,0
11,12,12214527.0,2019,3,13,2,2,0,4,0,0,0,1,0,0,1,1,0
11,3,3010102.0,2019,3,9,6,3,0,1,0,0,0,0,1,0,0,1,0
11,4,4030623.0,2019,3,9,6,3,5,2,0,1,1,0,0,0,0,0,0
11,4,4030623.0,2019,3,14,6,3,3,6,0,0,1,0,0,0,1,0,0
11,1,1011303.0,2019,3,15,6,2,0,1,0,0,0,0,1,0,0,1,0
11,5,5020628.0,2019,3,11,2,3,5,2,0,0,1,0,0,0,0,1,0
11,11,11020412.0,2019,3,14,6,3,5,2,0,1,1,0,0,0,0,0,0
11,2,2030301.0,2019,4,15,5,3,6,4,0,0,1,1,0,0,0,0,0
11,4,4010102.0,2019,4,20,4,3,2,6,2,0,1,0,0,0,0,0,0
11,8,8010509.0,2019,4,7,5,3,5,3,0,0,1,0,1,0,0,0,0
11,6,6030504.0,2019,4,18,4,3,2,7,0,0,1,0,0,0,0,0,0
11,2,2050801.0,2019,4,0,7,3,2,2,2,1,1,0,0,0,0,0,0
11,6,6020409.0,2019,4,17,4,3,2,6,0,0,1,0,0,0,0,0,0
11,8,8010404.0,2019,4,17,4,3,5,3,0,0,1,0,1,0,0,0,0
11,1,1033201.0,2019,4,8,6,2,5,2,0,0,1,0,1,0,0,0,0
11,10,10030727.0,2019,4,16,4,3,2,7,0,1,1,0,0,0,0,0,0
11,2,2040502.0,2019,4,15,5,3,2,6,0,0,1,0,0,0,0,0,0
11,11,11030824.0,2019,4,12,1,3,6,4,0,0,1,1,0,0,0,0,0
11,2,2050602.0,2019,4,16,4,3,6,4,0,0,1,1,0,0,0,0,0
11,4,4030519.0,2019,4,13,7,3,5,2,0,0,1,0,0,0,0,0,0
11,1,1033102.0,2019,4,15,4,3,6,2,0,1,0,1,0,0,0,0,0
11,8,8041038.0,2019,4,15,4,3,5,3,0,0,1,0,0,0,1,0,0
11,4,4030931.0,2019,4,2,6,2,1,5,2,1,1,0,0,0,0,0,0
11,3,3061227.0,2019,4,14,4,2,5,3,0,1,0,0,0,0,0,0,0
11,9,9041601.0,2019,4,15,7,2,2,2,0,0,1,0,1,0,0,0,0
11,9,9041501.0,2019,4,14,4,2,0,5,0,1,0,0,0,0,1,0,0
11,12,12103218.0,2019,4,16,4,2,5,2,0,0,1,0,0,0,0,0,0
11,2,2040703.0,2019,4,19,6,2,0,2,1,0,0,1,1,0,0,0,0
11,9,9020502.0,2019,4,12,4,3,5,7,0,0,1,0,0,0,1,0,0
11,9,9010402.0,2019,4,14,5,3,0,1,0,1,0,0,0,0,0,0,0
11,8,8010510.0,2019,4,12,4,3,0,7,0,1,0,0,0,0,1,1,0
11,11,11010205.0,2019,4,14,1,3,2,2,0,0,1,0,0,0,0,0,0
11,4,4030623.0,2019,4,12,4,3,5,2,0,1,1,0,0,0,0,0,0
11,4,4041136.0,2019,4,10,4,2,5,2,0,1,1,0,0,0,0,0,0
11,8,8010213.0,2019,4,15,7,3,5,3,0,0,0,0,0,0,1,0,0
11,1,1011305.0,2019,4,9,4,2,1,5,0,1,1,0,0,0,1,0,0
11,1,1011302.0,2019,4,8,4,3,1,5,0,1,1,0,0,0,1,0,0
11,1,1022201.0,2019,4,1,5,3,2,6,2,1,0,0,0,0,1,0,0
11,8,8010303.0,2019,4,7,4,3,6,2,0,0,0,1,0,0,1,0,0
11,4,4030828.0,2019,4,10,5,3,5,2,0,1,1,0,0,0,0,0,0
11,3,3061332.0,2019,4,7,4,3,1,5,0,0,1,0,1,0,0,0,0
11,1,1044202.0,2019,4,7,4,3,5,3,0,1,1,0,0,0,0,0,0
11,8,8010301.0,2019,4,17,5,3,0,4,0,1,0,1,0,0,0,0,0
11,9,9020701.0,2019,4,7,4,3,0,1,0,1,0,0,0,0,0,0,0
11,12,12304313.0,2019,4,16,1,3,5,2,0,0,1,0,0,0,0,0,0
11,3,3061131.0,2019,4,7,4,3,6,6,0,1,0,1,0,0,0,0,0
11,3,3040512.0,2019,4,5,4,3,2,6,2,0,1,0,0,0,0,0,0
11,1,1022206.0,2019,4,17,6,3,6,4,0,0,1,1,0,0,0,0,0
11,7,7050502.0,2019,4,1,4,3,5,3,2,0,1,0,0,0,0,0,0
11,11,11030721.0,2019,4,16,3,3,6,7,0,0,1,1,0,0,0,0,0
11,5,5010314.0,2019,4,11,5,3,0,7,0,0,1,0,0,0,1,0,0
11,1,1044101.0,2019,4,14,3,3,0,5,0,1,1,0,0,0,0,0,0
11,2,2040502.0,2019,4,9,5,2,3,6,0,0,1,0,1,0,0,0,0
11,8,8010303.0,2019,4,16,3,3,2,6,0,0,1,0,0,0,0,0,0
11,1,1044101.0,2019,4,19,7,3,5,2,0,0,1,0,0,0,1,0,0
11,8,8010214.0,2019,4,7,3,3,6,7,0,1,0,1,0,0,0,0,0
11,10,10030725.0,2019,4,16,3,3,5,3,0,1,1,0,0,0,0,0,0
11,4,4051653.0,2019,4,9,6,3,5,3,0,1,0,0,0,0,0,0,0
11,4,4010101.0,2019,4,15,7,3,7,7,0,0,0,0,1,0,0,0,0
11,4,4041344.0,2019,4,16,3,3,5,3,0,0,1,0,0,0,0,0,0
11,12,12301205.0,2019,4,16,3,3,2,2,0,0,1,0,0,0,1,0,0
11,4,4030518.0,2019,4,14,6,3,5,2,0,0,1,0,1,0,0,0,0
11,6,6030610.0,2019,4,16,3,3,6,4,0,0,1,1,0,0,0,0,0
11,6,6010205.0,2019,4,15,5,3,2,6,0,0,1,0,0,0,0,0,0
11,8,8010405.0,2019,4,16,3,3,1,1,0,0,1,0,0,0,0,0,0
11,1,1044201.0,2019,4,16,2,3,2,6,0,0,1,0,0,0,0,0,0
11,8,8030831.0,2019,4,17,5,3,5,3,0,1,1,0,0,0,0,0,0
11,1,3071537.0,2019,4,18,3,3,2,6,0,0,1,0,0,0,0,0,0
11,3,3020209.0,2019,4,16,7,3,0,3,0,1,1,0,0,0,0,0,0
11,12,12214424.0,2019,4,16,3,3,5,2,0,0,1,0,0,0,1,0,0
11,6,6030610.0,2019,4,18,3,3,0,6,0,1,0,0,0,0,1,0,0
11,8,8010404.0,2019,4,7,6,3,4,5,0,1,1,0,0,0,0,0,0
11,2,2010102.0,2019,4,18,3,3,5,2,0,0,1,0,1,0,0,0,0
11,1,1011304.0,2019,4,15,5,2,3,6,0,1,0,0,0,0,0,0,0
11,2,2020203.0,2019,4,18,3,3,5,2,0,1,1,0,0,0,0,0,0
11,5,5020419.0,2019,4,11,1,3,1,5,0,1,1,0,0,0,0,0,0
11,4,4030415.0,2019,4,17,3,2,6,7,0,0,1,1,0,0,0,0,0
11,1,1011201.0,2019,4,16,5,3,2,2,0,1,1,0,0,0,0,0,0
11,11,11030720.0,2019,4,11,3,2,2,6,0,0,1,0,1,0,0,0,0
11,4,4030827.0,2019,4,15,1,3,1,5,0,1,1,0,0,0,0,0,0
11,1,1011303.0,2019,4,17,3,2,5,2,0,0,1,0,1,0,0,0,0
11,10,10010310.0,2019,4,8,3,3,3,6,0,0,1,0,0,1,0,0,0
11,10,10010308.0,2019,4,9,7,3,2,2,0,0,1,0,1,0,0,0,0
11,8,8020619.0,2019,4,23,3,2,5,2,2,0,0,0,1,0,1,0,0
11,1,1011302.0,2019,4,22,3,3,1,5,2,0,1,0,0,0,0,0,0
11,8,8020727.0,2019,4,20,6,2,5,3,2,1,1,0,0,0,0,0,0
11,7,7010101.0,2019,4,21,3,3,6,4,2,0,1,1,0,0,0,0,0
11,7,7030301.0,2019,4,18,5,3,6,4,0,1,0,1,0,0,0,0,0
11,7,7070704.0,2019,4,21,3,3,5,2,2,0,1,0,0,0,1,0,0
11,1,1022101.0,2019,4,22,1,3,5,3,2,0,1,0,0,0,0,0,0
11,2,2010104.0,2019,4,13,3,3,5,2,0,0,0,0,0,0,1,0,0
11,1,1033102.0,2019,4,12,3,3,2,6,0,0,1,0,0,0,0,0,0
11,12,12214424.0,2019,4,13,6,3,2,6,0,0,1,0,0,0,0,0,0
11,3,3061227.0,2019,4,12,3,3,2,6,0,0,1,0,0,0,0,0,0
11,2,2030401.0,2019,4,12,3,3,0,2,0,0,0,0,0,0,1,0,0
11,9,9052001.0,2019,4,14,3,3,4,6,0,0,1,0,0,0,0,0,0
11,8,8030831.0,2019,4,13,7,3,2,6,0,0,1,0,0,0,0,0,0
11,1,1044103.0,2019,4,11,3,3,2,6,0,0,1,0,0,0,0,0,0
11,9,9010401.0,2019,4,15,3,3,2,6,0,0,1,0,0,1,0,0,0
11,1,1011301.0,2019,4,17,6,3,2,6,1,0,1,0,0,0,0,0,0
11,5,5020625.0,2019,4,11,3,3,1,1,0,0,1,0,1,0,0,0,0
11,5,5010314.0,2019,4,16,5,3,5,3,0,0,1,0,0,0,0,0,0
11,12,12214422.0,2019,4,15,3,3,5,3,0,1,0,0,1,0,0,0,0
11,5,5010314.0,2019,4,19,1,3,5,3,0,0,1,0,0,0,1,0,0
11,1,1011302.0,2019,4,11,3,3,3,6,0,0,1,0,1,0,1,0,0
11,2,2040703.0,2019,4,15,3,2,3,6,0,1,1,0,0,0,0,0,0
11,1,1033201.0,2019,4,15,6,3,5,2,0,1,1,0,0,0,0,0,0
11,4,4030518.0,2019,4,16,3,2,5,2,0,0,1,0,1,0,0,0,0
11,4,4030417.0,2019,4,10,3,2,6,7,0,0,0,1,0,0,1,0,0
11,5,5030730.0,2019,4,11,5,3,5,7,0,0,1,0,0,0,0,0,0
11,1,1044202.0,2019,4,10,3,2,5,2,0,0,1,0,1,0,0,0,0
11,1,1022206.0,2019,4,11,3,3,1,5,0,1,0,0,0,0,1,0,0
11,11,11051332.0,2019,4,8,5,3,5,2,0,1,1,0,0,0,0,0,0
11,2,2050801.0,2019,4,10,3,3,0,4,0,1,1,0,0,0,1,0,0
11,6,6010102.0,2019,4,10,5,3,3,6,0,0,1,0,1,0,0,0,0
11,1,1011306.0,2019,4,9,3,3,1,5,0,1,0,0,0,0,1,0,0
11,3,3061435.0,2019,4,20,7,3,2,7,2,1,1,0,0,0,0,0,0
11,1,1011302.0,2019,4,1,3,3,1,5,2,1,1,0,0,0,0,0,0
11,5,5020625.0,2019,4,5,3,3,5,3,2,0,1,0,0,0,0,0,0
11,9,9041501.0,2019,4,12,6,3,5,7,0,0,1,0,0,0,1,0,0
11,9,9020501.0,2019,4,7,3,3,5,3,0,0,1,0,1,0,0,0,0
11,5,5030832.0,2019,4,14,5,3,6,3,0,0,1,1,0,0,0,0,0
11,11,11040926.0,2019,4,7,3,3,2,1,0,0,1,0,0,0,0,0,0
11,12,12214422.0,2019,4,17,1,3,2,6,0,0,1,0,0,0,0,0,0
11,5,5020625.0,2019,4,5,5,3,2,6,2,0,1,0,1,0,0,0,0
11,4,4030417.0,2019,4,7,3,3,6,7,0,0,1,1,0,0,0,0,0
11,3,3050923.0,2019,4,16,7,3,5,3,0,0,1,0,0,0,0,0,0
11,1,1044103.0,2019,4,8,3,3,5,3,0,0,1,0,0,0,0,0,0
11,1,1011105.0,2019,4,8,5,3,5,3,0,1,1,0,0,0,0,0,0
11,6,6040703.0,2019,4,8,3,2,0,6,0,0,1,0,0,0,0,0,0
11,12,12304314.0,2019,4,18,7,3,2,6,0,0,1,0,0,0,0,0,0
11,10,10010207.0,2019,4,8,3,3,5,2,0,0,1,0,0,0,0,0,0
11,4,4020311.0,2019,4,9,3,2,6,2,0,0,1,1,0,0,0,0,0
11,5,5020625.0,2019,4,11,6,2,6,4,0,0,1,1,0,0,0,0,0
11,2,2020204.0,2019,4,18,2,3,3,6,1,1,0,0,0,0,0,0,0
11,8,8041037.0,2019,4,16,5,3,6,6,0,0,1,1,0,0,0,0,0
11,1,1011302.0,2019,4,9,2,3,4,6,0,1,0,0,0,0,0,0,0
11,8,8030830.0,2019,4,13,1,3,5,2,0,0,1,0,1,0,0,0,0
11,9,9052001.0,2019,4,19,2,3,5,2,0,1,1,0,0,0,0,0,0
11,11,11051229.0,2019,4,12,2,3,3,6,0,0,1,0,0,1,0,0,0
11,4,4020314.0,2019,4,12,7,3,5,2,0,1,1,0,0,0,0,0,0
11,7,7040403.0,2019,4,12,2,3,5,2,0,1,1,0,0,0,0,0,0
11,8,8010303.0,2019,4,16,2,3,1,5,0,1,1,0,0,0,0,0,0