LAND,BEZ,LOR_ab_2021,UJAHR,UMONAT,USTUNDE,UWOCHENTAG,UKATEGORIE,UART,UTYP1,ULICHTVERH,IstRad,IstPKW,IstFuss,IstKrad,IstGkfz,IstSonstige,USTRZUSTAND,lockdown
11,1,1011203.0,2019,4,9,6,3,2,6,0,0,1,0,1,0,0,0,0
11,12,12214125.0,2019,4,16,2,2,2,6,0,0,1,0,0,0,0,0,0
11,10,10020622.0,2019,4,17,5,3,5,3,0,1,1,0,0,0,0,0,0
11,9,9020701.0,2019,4,16,2,3,5,3,0,1,1,0,0,0,0,0,0
11,8,8041036.0,2019,4,7,6,3,3,6,0,1,1,0,0,0,0,0,0
11,8,8010213.0,2019,4,15,2,3,5,3,0,1,0,0,0,0,1,0,0
11,3,3040614.0,2019,4,12,5,3,5,2,0,0,0,0,0,1,1,0,0
11,1,1011303.0,2019,4,15,2,3,2,4,0,1,1,1,0,0,0,0,0
11,5,5020523.0,2019,4,14,1,3,5,2,0,0,1,0,0,0,0,0,0
11,1,1011303.0,2019,4,15,2,3,5,3,0,1,0,0,0,0,0,0,0
11,1,1022204.0,2019,4,15,2,3,5,2,0,1,1,0,0,0,0,0,0
11,5,5020521.0,2019,4,15,7,3,5,2,0,0,1,0,0,0,0,0,0
11,5,5020417.0,2019,4,13,2,3,0,3,0,1,0,0,0,0,1,0,0
11,10,10010308.0,2019,4,14,2,3,5,3,0,1,0,0,0,0,1,0,0
11,2,2010102.0,2019,4,7,5,3,3,6,0,1,0,0,0,0,0,0,0
11,5,5020626.0,2019,4,14,2,3,5,3,0,0,1,0,1,0,0,0,0
11,10,10020620.0,2019,4,16,5,3,2,6,0,0,1,0,0,0,0,0,0
11,6,6010210.0,2019,4,16,2,2,6,4,0,1,0,1,0,0,0,0,0
11,3,3061227.0,2019,4,13,7,3,5,3,0,1,1,0,0,0,0,0,0
11,4,4030931.0,2019,4,18,2,3,1,5,0,0,1,0,0,0,0,0,0
11,10,10040931.0,2019,4,13,2,3,5,3,0,1,1,0,0,0,0,0,0
11,2,2020206.0,2019,4,16,2,3,2,6,0,0,1,0,0,0,0,0,0
11,3,3061434.0,2019,4,19,1,3,2,6,0,0,1,0,0,0,0,0,0
11,4,4041136.0,2019,4,12,2,3,1,5,0,1,1,0,0,0,0,0,0
11,5,5030731.0,2019,4,14,2,3,0,7,0,0,0,0,1,0,0,1,0
11,4,4030828.0,2019,4,19,4,3,5,3,1,1,1,0,0,0,0,0,0
11,2,2010104.0,2019,4,18,6,3,5,3,0,0,1,0,0,0,0,0,0
11,1,1044201.0,2019,4,17,2,3,5,5,0,1,1,0,0,0,0,0,0
11,1,1011402.0,2019,4,18,4,3,2,6,0,0,1,0,0,0,0,0,0
11,5,5020625.0,2019,4,12,2,3,2,6,0,0,1,0,0,0,0,0,0
11,1,1011303.0,2019,4,18,4,3,3,6,0,1,1,0,0,0,0,0,0
11,6,6040806.0,2019,4,14,5,3,5,2,0,0,1,0,1,0,0,0,0
11,6,6020303.0,2019,4,16,2,3,5,3,0,1,1,0,0,0,0,0,0
11,8,8010213.0,2019,4,18,4,3,2,7,0,1,0,0,0,0,1,0,0
11,3,3040818.0,2019,4,17,4,3,1,1,0,0,0,0,1,1,0,0,0
11,4,4030623.0,2019,4,9,5,3,5,7,0,0,1,0,0,0,0,0,0
11,1,1011402.0,2019,4,13,2,3,0,3,0,1,1,0,0,0,0,0,0
11,9,9020802.0,2019,4,17,4,3,2,7,0,0,1,0,0,0,0,0,0
11,4,4010102.0,2019,4,18,7,3,6,4,1,0,0,1,1,0,0,0,0
11,7,7010102.0,2019,4,17,4,3,0,6,0,0,1,0,0,0,1,0,0
11,1,1044103.0,2019,4,13,2,3,1,5,0,0,1,0,0,0,1,0,0
11,4,4020311.0,2019,4,17,4,3,5,3,0,0,1,0,1,0,0,0,0
11,5,5030731.0,2019,4,18,2,3,5,2,0,1,1,0,0,0,0,0,0
11,2,2050601.0,2019,4,17,4,3,5,3,0,1,1,0,0,0,0,0,0
11,7,7050501.0,2019,4,10,6,3,3,6,0,0,1,0,1,0,0,0,0
11,7,7020201.0,2019,4,11,2,3,2,6,0,0,1,0,0,0,0,0,0
11,7,7040403.0,2019,4,16,4,3,2,6,0,0,1,0,0,0,0,0,0
11,2,2020204.0,2019,4,16,4,3,5,2,0,1,1,0,0,0,0,0,0
11,6,6030610.0,2019,4,15,5,3,3,2,0,0,1,0,0,0,0,0,0
11,6,6040701.0,2019,4,16,4,3,4,6,0,1,1,0,0,0,0,0,0
11,7,7050502.0,2019,4,14,6,3,5,3,0,0,1,0,0,0,0,0,0
11,12,12301203.0,2019,4,15,4,3,6,6,0,1,0,1,0,0,0,0,0
11,4,4020311.0,2019,4,15,4,3,5,3,0,0,1,0,0,0,0,0,0
11,6,6010205.0,2019,4,15,4,3,5,7,0,0,1,0,1,0,0,0,0
11,1,1011302.0,2019,4,14,5,3,5,7,0,0,1,0,1,0,0,0,0
11,7,7020204.0,2019,4,18,2,3,5,2,0,1,1,0,0,0,0,0,0
11,7,7040405.0,2019,4,14,4,3,5,3,0,0,1,0,0,0,0,0,0
11,4,4051652.0,2019,4,16,2,3,6,4,0,0,1,1,0,0,0,0,0
11,1,1011204.0,2019,4,14,4,3,5,3,0,0,1,0,1,0,0,0,0
11,7,7040402.0,2019,4,7,5,3,0,7,0,0,0,1,1,0,0,0,0
11,1,1011301.0,2019,4,10,2,3,6,2,0,0,1,1,0,0,0,0,0
11,10,10010309.0,2019,4,17,4,3,0,1,0,0,0,0,1,0,0,0,0
11,1,1033201.0,2019,4,17,7,3,6,7,0,1,0,1,0,0,0,0,0
11,7,7040405.0,2019,4,8,4,3,5,3,0,0,1,0,0,0,0,0,0
11,10,10040830.0,2019,4,17,2,2,5,2,0,0,1,0,1,0,0,0,0
11,7,7010104.0,2019,4,8,4,3,5,2,0,1,1,0,0,0,0,0,0
11,1,1044101.0,2019,4,18,2,3,6,4,0,0,1,1,0,0,0,0,0
11,2,2030402.0,2019,4,9,3,3,2,6,0,1,0,0,0,0,0,0,0
11,4,4041344.0,2019,4,8,6,3,2,6,0,0,1,0,0,0,1,0,0
11,3,3020307.0,2019,4,19,2,3,2,6,0,0,1,0,1,0,0,0,0
11,1,1011202.0,2019,4,18,3,3,5,2,0,0,1,0,0,0,0,0,0
11,1,1011101.0,2019,4,9,3,3,2,6,0,0,1,0,0,0,0,0,0
11,4,4041134.0,2019,4,16,5,3,2,6,0,0,1,0,0,0,0,0,0
11,3,3040512.0,2019,4,12,3,3,5,2,0,1,1,0,0,0,0,0,0
11,8,8020619.0,2019,4,17,3,3,6,3,0,0,1,1,0,0,0,0,0
11,9,9051702.0,2019,4,11,1,3,2,6,0,0,1,0,0,0,0,0,0
11,1,1022104.0,2019,4,17,3,3,6,4,0,1,0,1,0,0,0,0,0
11,11,11051331.0,2019,4,20,2,2,6,4,2,0,1,1,0,0,0,0,0
11,7,7070701.0,2019,4,10,2,3,5,2,0,1,0,0,0,1,0,0,0
11,2,2020204.0,2019,4,17,3,3,2,6,0,1,1,0,0,0,0,0,0
11,4,4020311.0,2019,4,13,7,2,5,3,0,0,1,0,1,0,0,0,0
11,7,7040403.0,2019,4,12,3,3,5,3,0,0,1,0,0,0,0,0,0
11,1,1011302.0,2019,4,9,2,3,5,3,0,1,1,0,0,0,0,0,0
11,1,1033203.0,2019,4,18,3,3,2,6,0,1,1,0,0,0,0,0,0
11,4,4061757.0,2019,4,1,1,2,9,1,2,0,0,0,1,0,0,0,0
11,6,6040809.0,2019,4,12,3,3,5,3,0,0,1,0,1,0,0,0,0
11,3,3061429.0,2019,4,14,4,3,2,2,0,0,1,0,0,0,0,0,0
11,10,10020413.0,2019,4,9,2,3,5,3,0,1,1,0,0,0,0,0,0
11,8,8010404.0,2019,4,11,3,3,6,4,0,0,1,1,0,0,0,0,0
11,8,8010118.0,2019,4,1,7,3,1,6,2,1,1,0,0,0,0,0,0
11,6,6020409.0,2019,4,11,3,3,5,3,0,0,1,0,0,0,0,0,0
11,5,5030730.0,2019,4,8,2,3,1,5,0,0,1,0,0,0,1,0,0
11,4,4020311.0,2019,4,10,3,3,5,3,0,0,1,0,0,0,0,0,0
11,7,7010102.0,2019,4,8,2,3,2,6,0,0,0,0,1,0,1,0,0
11,1,1011303.0,2019,4,18,3,2,5,2,1,1,1,0,0,0,0,0,0
11,6,6010207.0,2019,4,11,6,3,1,5,0,1,1,0,0,0,1,0,0
11,1,1022102.0,2019,4,8,2,2,6,4,0,0,1,1,0,0,0,0,0
11,11,11030721.0,2019,4,20,3,3,5,3,2,1,1,0,0,0,0,0,0
11,4,4051652.0,2019,4,10,3,3,2,7,0,1,0,0,0,0,1,0,0
11,12,12214125.0,2019,4,20,5,3,5,3,2,0,1,0,0,0,0,0,0
11,2,2050803.0,2019,4,8,2,3,2,6,0,1,0,0,0,0,0,0,0
11,12,12103115.0,2019,4,21,3,3,5,2,2,0,1,0,0,0,0,0,0
11,1,1011401.0,2019,4,12,1,3,0,1,0,1,0,0,0,0,0,0,0
11,4,4030726.0,2019,4,10,3,3,3,6,0,1,1,0,0,0,0,0,0
11,9,9010402.0,2019,4,11,2,2,0,1,0,0,0,0,1,0,0,0,0
11,12,12214424.0,2019,4,17,2,3,2,6,0,0,1,0,0,0,1,0,0
11,12,12224230.0,2019,4,9,3,3,3,6,0,0,1,0,0,0,0,0,0
11,1,1011306.0,2019,4,19,6,3,2,6,0,1,1,0,0,0,0,0,0
11,9,9010302.0,2019,3,18,1,3,5,3,0,0,1,0,0,0,0,0,0
11,7,7010104.0,2019,4,21,3,3,5,2,2,1,1,0,0,0,0,0,0
11,1,1044101.0,2019,3,18,1,3,3,6,0,0,1,0,1,0,0,0,0
11,5,5030832.0,2019,4,13,3,3,2,6,0,0,1,0,0,0,0,0,0
11,1,1011302.0,2019,4,11,5,3,3,6,0,1,0,0,0,1,0,0,0
11,12,12301206.0,2019,3,17,1,3,5,2,0,1,0,0,0,0,0,0,0
11,2,2050802.0,2019,4,22,3,3,5,7,2,1,1,0,0,0,0,0,0
11,12,12214125.0,2019,3,17,1,3,2,2,0,0,1,0,0,0,0,0,0
11,1,1022206.0,2019,4,7,3,3,5,3,0,1,0,0,1,0,0,0,0
11,9,9020502.0,2019,3,15,1,3,6,4,0,0,0,1,0,0,1,0,0
11,7,7050503.0,2019,4,6,3,3,3,6,0,1,1,0,0,0,0,0,0
11,12,12214527.0,2019,4,14,6,3,2,7,0,0,1,0,1,0,0,0,0
11,1,1011401.0,2019,3,13,1,3,5,2,0,1,1,0,0,0,0,0,0
11,12,12214424.0,2019,4,13,3,3,0,6,0,0,1,0,0,0,1,0,0
11,3,3040818.0,2019,4,17,3,2,5,3,0,0,1,0,0,0,0,0,0
11,10,10020415.0,2019,4,17,5,3,6,4,0,0,1,1,0,0,0,0,0
11,12,12214422.0,2019,3,16,1,3,3,6,0,0,1,0,0,0,0,0,0
11,6,6030501.0,2019,4,11,3,2,6,4,0,0,1,1,0,0,0,0,0
11,1,1011203.0,2019,4,16,1,3,2,1,0,0,1,0,1,0,0,0,0
11,6,6010206.0,2019,4,22,3,2,6,2,2,0,1,1,0,0,0,0,0
11,4,4030931.0,2019,3,16,1,2,2,6,0,0,1,0,0,0,0,0,0
11,3,3050923.0,2019,3,1,1,3,6,4,2,0,1,1,0,0,0,0,0
11,4,4051652.0,2019,4,9,3,3,1,5,0,1,1,0,0,0,1,0,0
11,5,5030832.0,2019,4,18,6,3,5,2,1,1,1,0,0,0,0,0,0
11,8,8010117.0,2019,3,0,1,3,3,6,2,0,1,0,0,0,0,0,0
11,4,4041343.0,2019,4,17,3,3,1,5,0,1,1,0,0,0,0,0,0
11,5,5020419.0,2019,3,9,1,3,2,6,0,0,1,0,0,0,0,0,0
11,5,5020625.0,2019,4,20,3,3,0,1,2,1,0,0,0,0,0,0,0
11,8,8010509.0,2019,4,15,5,3,6,4,0,0,1,1,0,0,0,0,0
11,5,5020524.0,2019,3,11,1,3,5,3,0,1,1,0,0,0,0,0,0
11,1,1011202.0,2019,4,17,3,3,0,1,0,1,0,0,0,0,0,0,0
11,2,2050801.0,2019,4,18,3,3,0,1,0,1,0,0,0,0,0,0,0
11,10,10010308.0,2019,4,9,5,3,5,2,0,1,1,0,0,0,0,0,0
11,4,4030518.0,2019,3,12,1,3,5,2,0,0,1,0,0,0,0,0,0
11,3,3030406.0,2019,4,7,3,2,5,3,0,1,1,0,0,0,0,0,0
11,7,7050503.0,2019,4,18,7,2,5,3,0,1,1,0,0,0,0,0,0
11,7,7010104.0,2019,4,16,3,3,1,5,0,1,1,0,0,0,0,0,0
11,1,1011102.0,2019,4,16,3,3,5,2,0,0,1,0,1,0,0,0,0
11,1,1011202.0,2019,4,10,5,3,6,4,0,0,0,1,0,0,1,0,0
11,5,5020625.0,2019,3,13,7,3,5,3,0,0,1,0,0,0,0,0,0
11,9,9020701.0,2019,4,16,3,3,5,2,0,1,1,0,0,0,0,0,0
11,1,1011302.0,2019,4,23,7,3,5,7,2,0,1,0,0,0,1,0,0
11,7,7060601.0,2019,4,16,3,3,0,6,0,0,1,0,0,0,1,0,0
11,3,3020203.0,2019,3,15,7,3,5,3,0,1,1,0,0,0,0,0,0
11,7,7040405.0,2019,4,15,3,3,5,2,0,1,1,0,0,0,0,0,0
11,12,12103218.0,2019,3,15,7,3,1,1,0,0,1,0,0,1,0,0,0
11,11,11030721.0,2019,4,15,3,2,6,4,0,0,1,1,0,0,0,0,0
11,1,1011301.0,2019,4,13,6,3,3,6,0,0,1,0,1,0,0,0,0
11,4,4030518.0,2019,4,14,3,2,6,4,0,0,1,1,0,0,0,0,0
11,4,4030415.0,2019,4,14,3,3,2,6,0,0,1,0,1,0,0,0,0
11,3,3061126.0,2019,3,14,7,3,5,3,0,1,0,0,0,0,0,0,0
11,8,8010509.0,2019,4,14,3,3,2,6,0,0,1,0,0,0,0,0,0
11,7,7050503.0,2019,4,16,5,3,5,2,0,0,1,0,1,0,0,0,0
11,7,7040401.0,2019,3,14,7,3,5,2,0,0,1,0,1,0,0,0,0
11,12,12103219.0,2019,4,14,3,3,5,2,0,0,1,0,0,0,1,0,0
11,11,11030721.0,2019,4,17,1,2,5,7,0,0,1,0,1,0,0,0,0
11,1,1011303.0,2019,4,14,3,3,5,2,0,1,1,0,0,0,0,0,0
11,2,2040501.0,2019,4,7,5,3,6,4,0,0,1,1,0,0,0,0,0
11,3,3020210.0,2019,3,14,7,3,2,2,0,0,1,0,0,0,0,0,0
11,2,2020203.0,2019,4,13,3,3,0,1,0,1,0,0,0,0,1,0,0
11,4,4051652.0,2019,4,16,7,3,1,5,0,1,1,0,0,0,0,0,0
11,12,12214527.0,2019,4,13,3,3,5,2,0,0,1,0,0,0,0,0,0
11,7,7070705.0,2019,3,14,7,2,5,2,0,1,1,0,0,0,0,0,0
11,3,3040614.0,2019,4,13,3,3,5,2,0,0,0,0,1,0,1,0,0
11,6,6020305.0,2019,3,13,7,2,0,5,0,0,0,0,1,0,1,0,0
11,7,7020203.0,2019,4,13,3,3,1,5,0,1,1,0,0,0,0,0,0
11,2,2010103.0,2019,4,7,6,3,0,2,0,1,1,0,0,0,0,0,0
11,11,11030618.0,2019,3,13,7,3,1,5,0,0,1,0,0,0,0,0,0
11,11,11030720.0,2019,4,15,2,3,0,1,0,1,0,0,0,0,0,0,0
11,3,3071536.0,2019,4,23,2,3,5,2,2,1,0,0,0,0,0,0,0
11,8,8030829.0,2019,3,13,7,3,2,6,0,0,1,0,0,0,0,0,0
11,3,3010104.0,2019,4,15,2,3,2,6,0,0,1,0,0,0,0,0,0
11,12,12214125.0,2019,3,13,7,2,5,3,0,1,1,0,0,0,0,0,0
11,3,3040614.0,2019,4,15,2,3,6,2,0,0,1,1,0,0,0,0,0
11,10,10020414.0,2019,4,16,6,2,6,4,0,0,1,1,0,0,0,0,0
11,10,10010102.0,2019,3,12,7,3,6,4,0,0,1,1,0,0,0,0,0
11,5,5010101.0,2019,4,17,2,3,5,3,0,1,1,0,0,0,0,0,0
11,7,7040401.0,2019,4,14,2,3,6,4,0,0,1,1,0,0,0,0,0
11,12,12103115.0,2019,4,14,5,3,1,5,0,0,1,0,1,0,0,0,0
11,2,2020203.0,2019,3,8,7,2,5,2,0,0,1,0,0,0,0,0,0
11,1,1022205.0,2019,4,15,2,3,2,7,0,0,1,0,0,0,0,0,0
11,3,3040614.0,2019,4,15,1,3,0,2,0,1,1,0,0,0,0,0,0
11,8,8010301.0,2019,4,8,2,3,5,3,0,1,1,0,0,0,0,0,0
11,12,12302108.0,2019,3,8,7,3,1,1,0,0,1,0,0,0,0,0,0
11,7,7040405.0,2019,3,7,7,2,6,2,0,0,0,1,0,0,1,0,0
11,4,4010101.0,2019,4,22,2,3,5,2,2,0,1,0,0,0,0,0,0
11,6,6040701.0,2019,4,11,7,2,5,2,0,1,1,0,0,0,0,0,0
11,3,3050925.0,2019,4,21,2,3,3,6,2,1,1,0,0,0,0,0,0
11,3,3061131.0,2019,3,8,7,3,0,1,0,1,0,0,0,0,0,0,0
11,8,8020622.0,2019,4,20,2,3,6,7,2,0,1,1,0,0,0,0,0
11,5,5020626.0,2019,3,13,7,3,0,1,0,0,0,0,1,0,0,0,0
11,2,2010103.0,2019,4,20,2,3,6,2,2,0,1,1,0,0,0,0,0
11,4,4051448.0,2019,4,19,6,3,4,5,1,1,0,0,0,0,0,0,0
11,7,7010102.0,2019,3,0,7,3,5,3,2,0,1,0,0,0,0,0,0
11,2,2010102.0,2019,4,20,2,3,2,6,2,0,1,0,1,0,0,0,0
11,8,8010405.0,2019,4,19,2,3,2,7,1,0,1,0,1,0,0,0,0
11,5,5010311.0,2019,4,17,5,3,2,6,0,0,1,0,0,0,0,0,0
11,2,2030302.0,2019,3,15,7,3,0,4,0,1,0,1,0,0,0,0,0
11,1,1022206.0,2019,4,18,2,3,5,2,0,0,1,0,1,0,0,0,0
11,4,4051655.0,2019,4,19,1,3,6,2,2,0,1,1,0,0,0,0,0
11,11,11020514.0,2019,4,18,2,3,5,2,0,1,1,0,0,0,0,0,0
11,11,11030619.0,2019,3,15,7,3,2,2,0,0,1,0,0,0,0,0,0
11,9,9020802.0,2019,4,17,2,3,2,6,0,0,1,0,0,1,0,0,0
11,12,12304314.0,2019,4,12,5,3,5,2,0,0,1,0,0,0,1,0,0
11,4,4030725.0,2019,4,16,2,3,2,6,0,0,1,0,0,0,0,0,0
11,9,9041501.0,2019,3,15,7,3,5,3,0,1,1,0,0,0,0,0,0
11,2,2020206.0,2019,4,8,2,3,3,6,0,0,1,0,0,0,0,0,0
11,3,3061332.0,2019,4,12,1,3,2,6,0,1,1,0,0,0,0,0,0
11,1,1011105.0,2019,4,8,2,3,5,3,0,1,1,0,0,0,0,0,0
11,10,10020412.0,2019,3,15,7,3,5,2,0,0,1,0,0,0,0,0,0
11,2,2020206.0,2019,3,16,7,3,5,7,0,0,1,0,0,0,0,0,0
11,4,4030931.0,2019,4,8,2,3,5,2,0,1,0,0,1,0,0,0,0
11,2,2050602.0,2019,4,14,7,3,0,3,0,0,1,0,1,0,0,0,0
11,3,3061228.0,2019,4,8,2,3,2,6,0,0,1,0,0,0,0,0,0
11,9,9020601.0,2019,3,16,7,3,2,6,0,0,1,0,0,0,1,0,0
11,9,9051801.0,2019,4,7,2,3,2,6,0,0,1,0,0,0,0,0,0
11,1,1044202.0,2019,3,20,7,3,6,2,2,0,1,1,0,0,0,0,0
11,2,2050802.0,2019,4,7,2,3,6,7,0,1,0,1,0,0,0,0,0
11,11,11030618.0,2019,4,14,6,3,0,7,0,0,1,0,0,0,0,0,0
11,12,12302108.0,2019,3,21,7,3,5,3,2,0,1,0,0,0,0,0,0
11,1,1011202.0,2019,4,8,2,3,2,6,0,1,1,0,0,0,0,0,0
11,3,3061227.0,2019,4,9,2,3,5,3,0,0,1,0,0,0,0,0,0
11,7,7060602.0,2019,4,17,5,2,0,7,0,1,0,0,0,0,0,0,0
11,1,1044103.0,2019,3,21,7,3,1,5,2,1,1,0,0,0,0,0,0
11,2,2040701.0,2019,4,10,2,3,5,3,0,0,1,0,0,0,0,0,0
11,6,6020411.0,2019,4,18,7,3,6,4,0,0,1,1,0,0,0,0,0
11,1,1011301.0,2019,4,10,2,3,5,3,0,0,1,0,0,0,0,0,0
11,9,9010101.0,2019,3,14,7,3,2,6,0,1,1,0,1,0,0,0,0
11,2,2050801.0,2019,3,21,7,3,0,7,2,1,0,0,0,0,0,0,0
11,4,4020311.0,2019,4,10,2,3,5,3,0,0,1,0,0,0,0,0,0
11,2,2010104.0,2019,4,14,6,3,5,2,0,0,1,0,0,0,0,0,0
11,10,10010308.0,2019,4,11,2,3,2,6,0,0,1,0,0,0,0,0,0
11,3,3061332.0,2019,3,20,7,3,0,1,2,1,0,0,0,0,0,0,0
11,1,1022202.0,2019,4,12,2,3,2,6,0,0,1,0,1,0,0,0,0
11,4,4041137.0,2019,4,22,6,2,2,6,2,0,1,0,0,0,0,0,0
11,8,8010213.0,2019,4,13,2,3,6,7,0,0,1,1,0,0,0,0,0
11,7,7020203.0,2019,3,11,7,3,5,3,0,0,1,0,0,0,1,0,0
11,5,5020625.0,2019,4,12,2,3,5,3,0,0,1,0,0,0,0,0,0
11,2,2040703.0,2019,3,23,6,3,5,7,2,1,1,0,0,0,0,0,0
11,8,8010301.0,2019,4,12,2,3,2,2,0,0,1,0,0,0,1,0,0
11,6,6010101.0,2019,4,11,5,3,5,2,0,0,1,0,0,0,0,0,0
11,2,2020206.0,2019,3,9,6,3,1,7,0,0,1,0,0,0,0,0,0
11,10,10030724.0,2019,4,15,2,3,5,3,0,1,1,0,0,0,0,0,0
11,3,3061332.0,2019,4,15,2,3,1,5,0,1,1,0,0,0,0,0,0
11,2,2030402.0,2019,4,10,5,3,2,6,0,0,1,0,1,0,0,0,0
11,4,4041241.0,2019,3,13,6,3,5,2,0,1,0,0,0,0,1,0,0
11,11,11010204.0,2019,4,15,2,3,5,3,0,1,1,0,0,0,0,0,0
11,1,1022103.0,2019,4,19,7,3,5,3,1,0,1,0,0,0,0,0,0
11,4,4041241.0,2019,4,15,2,3,1,5,0,1,1,0,0,0,0,0,0
11,7,7060604.0,2019,3,12,6,3,2,2,0,0,1,0,0,0,0,0,0
11,8,8010213.0,2019,4,16,2,3,1,5,0,1,1,0,0,0,0,0,0
11,7,7030301.0,2019,3,12,6,3,5,3,0,1,1,0,0,0,0,0,0
11,8,8010301.0,2019,4,11,6,3,5,3,0,0,1,0,0,0,1,0,0
11,4,4020310.0,2019,4,18,4,3,6,4,0,1,0,1,0,0,0,0,0
11,2,2010104.0,2019,4,15,5,3,5,2,0,0,1,0,0,0,0,0,0
11,1,1033102.0,2019,4,13,1,3,6,4,0,0,1,1,0,0,0,0,0
11,5,5040936.0,2019,4,15,4,2,0,2,0,0,0,0,0,0,1,0,0
11,10,10040933.0,2019,4,19,4,3,5,2,0,1,1,0,0,0,0,0,0
11,4,4030827.0,2019,4,9,4,3,3,6,0,1,1,0,0,0,0,0,0
11,1,1011401.0,2019,4,10,7,2,0,1,0,1,0,0,0,0,0,0,0
11,5,5010208.0,2019,4,17,6,3,5,2,0,1,0,0,0,0,1,0,0
11,2,2050802.0,2019,4,15,6,3,6,7,0,1,0,1,0,0,0,0,0
11,8,8010212.0,2019,4,16,6,3,2,6,0,0,1,0,0,0,0,0,0
11,9,9041501.0,2019,4,13,6,3,0,7,0,1,0,0,0,0,0,0,0
11,4,4030415.0,2019,4,14,6,3,2,6,0,0,1,0,0,0,0,0,0
11,5,5010206.0,2019,4,11,6,3,5,3,0,1,1,0,0,0,0,0,0
11,9,9051701.0,2019,4,10,6,2,0,6,0,0,1,0,1,0,0,0,0
11,7,7040404.0,2019,4,8,6,3,9,1,0,0,1,0,0,0,0,0,0
11,4,4030620.0,2019,4,9,6,3,5,7,0,0,1,0,0,0,0,0,0
11,4,4030623.0,2019,4,12,6,3,3,6,0,0,1,0,1,0,0,0,0
11,5,5030731.0,2019,4,14,6,3,2,2,0,0,1,0,0,0,0,0,0
11,4,4041344.0,2019,4,14,6,3,0,1,0,1,0,0,0,0,0,0,0
11,4,4020204.0,2019,4,11,6,3,0,1,0,0,0,0,1,0,0,0,0
11,1,1011303.0,2019,4,16,6,3,6,2,0,1,0,1,0,0,0,0,0
11,4,4020310.0,2019,4,16,6,2,5,3,0,0,1,0,0,0,0,0,0
11,7,7040401.0,2019,4,14,4,2,5,3,0,1,1,0,0,0,0,0,0
11,7,7030303.0,2019,4,17,6,3,3,2,0,1,0,0,0,0,1,0,0
11,3,3061429.0,2019,4,17,6,2,1,5,0,1,1,0,0,0,0,0,0
11,12,12214125.0,2019,4,18,6,3,2,6,0,0,1,0,0,0,0,0,0
11,4,4030931.0,2019,4,20,6,3,2,6,2,0,1,0,0,0,0,0,0
11,8,8010301.0,2019,4,17,6,3,5,7,0,0,1,0,0,0,0,0,0
11,4,4020313.0,2019,4,18,6,3,0,1,0,1,0,0,0,0,0,0,0
11,12,12214527.0,2019,4,15,5,3,0,1,0,1,0,0,0,0,0,0,0
11,8,8010117.0,2019,4,19,5,3,6,4,0,1,0,1,0,0,0,0,0
11,1,1011101.0,2019,4,16,5,3,0,2,0,1,1,0,0,0,0,0,0
11,2,2010104.0,2019,4,20,5,3,6,4,2,0,0,1,1,0,0,0,0
11,9,9041601.0,2019,4,14,5,3,2,2,0,1,0,0,0,0,1,0,0
11,12,12301203.0,2019,4,20,5,3,1,5,1,0,1,0,1,0,0,0,0
11,11,11041128.0,2019,4,20,5,3,1,5,1,0,1,0,1,0,0,0,0
11,9,9051901.0,2019,4,14,5,3,5,5,0,1,1,0,0,0,0,0,0
11,10,10020416.0,2019,4,5,5,3,5,7,0,0,1,0,1,0,0,0,0
11,4,4030931.0,2019,4,20,5,2,5,7,0,0,1,0,1,0,0,0,0
11,6,6010209.0,2019,4,19,5,3,5,3,1,1,1,0,0,0,0,0,0
11,10,10010203.0,2019,4,12,5,3,5,2,0,0,1,0,0,0,0,0,0
11,8,8020625.0,2019,4,12,5,3,6,4,0,0,1,1,0,0,0,0,0
11,1,1033102.0,2019,4,11,5,3,6,7,0,0,0,1,0,0,1,0,0
11,2,2030301.0,2019,4,19,5,3,5,3,0,1,1,0,0,0,0,0,0
11,6,6020409.0,2019,4,19,5,3,2,6,1,0,1,0,0,0,0,0,0
11,2,2050601.0,2019,4,18,5,3,6,2,0,0,1,1,0,0,0,0,0
11,4,4051655.0,2019,4,18,5,3,5,3,0,1,1,0,0,0,0,0,0
11,2,2050601.0,2019,4,18,5,3,5,2,0,1,1,0,0,0,0,0,0
11,1,1011302.0,2019,4,10,5,3,4,6,0,1,0,0,0,0,1,0,0
11,12,12302110.0,2019,4,8,5,3,5,2,0,1,1,0,0,0,0,0,0
11,1,1022204.0,2019,4,7,5,3,1,5,0,1,1,0,0,0,0,0,0
11,5,5010314.0,2019,4,5,5,3,2,7,0,0,0,0,1,0,1,0,0
11,12,12103115.0,2019,4,12,5,3,5,2,0,0,1,0,0,0,0,0,0
11,5,5030730.0,2019,4,12,5,3,2,6,0,0,1,0,0,0,0,0,0
11,1,1011301.0,2019,4,11,5,3,0,1,0,1,0,0,0,0,0,0,0
11,6,6030609.0,2019,4,4,5,3,1,1,2,1,1,0,0,0,0,0,0
11,3,3030715.0,2019,4,17,5,3,5,2,0,0,1,0,1,0,0,0,0
11,1,1033102.0,2019,4,17,5,3,2,6,0,0,1,0,0,0,0,0,0
11,1,1011103.0,2019,4,16,5,3,0,6,0,0,1,0,0,0,1,0,0
11,9,9010101.0,2019,4,16,5,3,5,2,0,1,1,0,0,0,0,0,0
11,1,1011201.0,2019,4,15,5,3,5,3,0,1,1,0,0,0,0,0,0