LAND,BEZ,LOR_ab_2021,UJAHR,UMONAT,USTUNDE,UWOCHENTAG,UKATEGORIE,UART,UTYP1,ULICHTVERH,IstRad,IstPKW,IstFuss,IstKrad,IstGkfz,IstSonstige,USTRZUSTAND,lockdown
11,1,1022102.0,2019,5,11,1,2,5,7,0,0,1,0,1,0,0,0,0
11,2,2020203.0,2019,5,9,1,3,4,6,0,1,0,0,0,0,0,0,0
11,4,4020314.0,2019,5,10,1,2,5,2,0,0,1,0,0,0,0,0,0
11,2,2020206.0,2019,5,13,1,3,6,4,0,1,0,1,0,0,0,0,0
11,1,1011301.0,2019,5,13,1,3,2,2,0,1,1,0,0,0,0,0,0
11,9,9020502.0,2019,5,10,1,3,5,2,0,0,1,0,0,0,1,0,0
11,8,8010303.0,2019,5,4,1,3,5,7,1,0,1,0,0,0,0,1,0
11,9,9010101.0,2019,5,20,1,3,0,7,0,0,1,0,0,0,0,0,0
11,12,12302109.0,2019,5,19,1,2,5,3,0,0,1,0,0,0,0,0,0
11,7,7020202.0,2019,5,12,7,3,5,3,0,1,0,0,0,0,1,0,0
11,5,5020419.0,2019,5,18,1,3,5,3,0,0,1,0,1,0,0,0,0
11,1,1044101.0,2019,5,14,7,3,6,2,0,0,1,1,0,0,0,0,0
11,4,4030931.0,2019,5,18,1,2,2,6,0,0,1,0,0,0,0,0,0
11,5,5010101.0,2019,5,17,1,2,6,4,0,0,1,1,0,0,0,0,0
11,1,1022104.0,2019,5,11,7,3,3,6,0,1,0,0,0,0,0,0,0
11,4,4041137.0,2019,5,16,1,3,1,5,0,0,1,0,0,0,0,0,0
11,1,1022202.0,2019,5,17,1,2,5,2,0,0,1,0,0,0,1,0,0
11,5,5020625.0,2019,5,12,7,3,2,7,0,0,1,0,0,0,0,0,0
11,8,8010301.0,2019,5,16,1,3,0,1,0,0,0,0,1,0,0,1,0
11,11,11030618.0,2019,5,17,7,2,0,1,0,0,0,0,1,0,0,1,0
11,9,9051801.0,2019,5,16,1,2,5,3,0,1,1,0,0,0,0,0,0
11,1,1011401.0,2019,5,16,1,3,3,6,0,1,1,0,0,0,0,0,0
11,6,6020304.0,2019,5,23,7,3,5,2,2,0,1,0,0,0,0,0,0
11,5,5010313.0,2019,5,19,7,3,5,2,0,0,1,0,0,0,0,1,0
11,6,6020302.0,2019,5,16,1,3,0,1,0,0,1,0,1,0,0,1,0
11,1,1022206.0,2019,5,15,1,3,5,2,0,1,1,0,0,0,0,0,0
11,5,5020523.0,2019,5,18,7,3,5,3,1,0,1,0,0,0,0,1,0
11,6,6040703.0,2019,5,13,1,3,1,5,0,1,1,0,0,0,0,0,0
11,2,2030401.0,2019,5,18,7,3,5,2,0,1,1,0,0,0,0,1,0
11,3,3020307.0,2019,5,12,7,3,5,3,0,1,1,0,0,0,0,0,0
11,6,6040701.0,2019,5,13,1,3,0,3,0,0,1,0,1,0,0,0,0
11,5,5010206.0,2019,5,12,1,3,0,2,0,0,1,0,1,0,0,0,0
11,5,5010207.0,2019,5,11,7,3,5,2,0,0,1,0,0,0,0,0,0
11,1,1011104.0,2019,5,11,1,3,2,6,0,0,1,0,0,0,0,0,0
11,4,4020313.0,2019,5,12,7,3,5,2,0,1,1,0,0,0,0,0,0
11,3,3030406.0,2019,5,11,1,2,1,5,0,1,1,0,0,0,0,0,0
11,4,4030621.0,2019,5,20,7,3,5,2,0,0,1,0,1,0,0,1,0
11,4,4030827.0,2019,5,9,1,3,5,2,0,1,1,0,0,0,0,0,0
11,6,6020409.0,2019,5,13,7,3,5,3,0,1,0,0,0,0,0,0,0
11,1,1022205.0,2019,5,1,1,3,0,7,2,1,1,0,0,0,0,1,0
11,4,4041342.0,2019,5,15,7,3,1,5,0,1,1,0,0,0,0,1,0
11,4,4041240.0,2019,5,10,7,3,0,7,0,1,0,0,0,0,0,0,0
11,6,6020302.0,2019,5,15,7,3,5,3,0,1,1,0,0,0,0,1,0
11,1,1011104.0,2019,5,23,7,3,5,2,2,1,1,0,0,0,0,0,0
11,2,2040701.0,2019,5,16,7,3,5,3,0,1,1,0,0,0,0,1,0
11,6,6030610.0,2019,5,9,7,3,1,5,0,1,1,0,0,0,0,0,0
11,10,10030724.0,2019,5,9,7,3,5,3,0,0,1,0,0,0,0,0,0
11,1,1011303.0,2019,5,17,7,3,1,5,0,0,1,0,0,0,0,1,0
11,10,10010311.0,2019,5,9,7,3,5,3,0,1,1,0,0,0,0,0,0
11,10,10010205.0,2019,5,11,7,3,5,2,0,1,1,0,0,0,0,0,0
11,9,9010101.0,2019,5,5,7,3,0,7,0,1,0,0,0,0,0,0,0
11,9,9010402.0,2019,5,1,7,3,1,5,2,1,1,0,0,0,0,0,0
11,12,12224229.0,2019,5,17,7,3,5,3,0,0,1,0,0,0,0,1,0
11,9,9010302.0,2019,5,20,7,3,6,4,0,0,1,1,0,0,0,0,0
11,1,1011301.0,2019,5,15,7,3,0,1,0,0,0,0,1,0,0,1,0
11,10,10040828.0,2019,5,19,7,2,0,1,0,1,0,0,0,0,0,0,0
11,1,1033101.0,2019,5,11,7,3,6,4,0,1,0,1,0,0,0,0,0
11,5,5020625.0,2019,5,18,7,3,5,2,0,0,1,0,0,0,0,0,0
11,10,10010204.0,2019,5,4,7,3,5,3,1,0,1,0,0,0,0,0,0
11,1,1011305.0,2019,5,8,7,3,5,2,0,1,1,0,0,0,0,0,0
11,10,10030727.0,2019,5,18,7,3,2,7,0,0,1,0,0,0,0,0,0
11,2,2020202.0,2019,5,15,6,3,3,6,0,1,0,0,0,0,0,0,0
11,8,8020622.0,2019,5,8,6,3,5,7,0,0,1,0,0,0,0,0,0
11,1,1044101.0,2019,5,10,7,3,2,6,0,0,1,0,0,0,0,0,0
11,7,7070703.0,2019,5,7,6,3,6,2,0,0,1,1,0,0,0,0,0
11,5,5030731.0,2019,5,10,7,2,2,7,0,0,1,0,1,0,0,0,0
11,3,3030406.0,2019,5,7,6,3,5,3,0,1,1,0,0,0,0,1,0
11,1,1011401.0,2019,5,11,7,3,1,5,0,1,1,0,0,0,0,0,0
11,5,5020625.0,2019,5,11,7,2,6,2,0,0,1,1,0,0,0,0,0
11,8,8010301.0,2019,5,7,6,3,0,7,0,1,0,0,0,0,1,1,0
11,3,3020307.0,2019,5,7,6,3,0,3,0,1,1,0,0,0,0,1,0
11,3,3051022.0,2019,5,12,7,3,2,6,0,0,1,0,1,0,0,0,0
11,5,5010101.0,2019,5,12,7,1,2,6,0,0,1,0,0,0,0,0,0
11,8,8040933.0,2019,5,6,6,3,5,2,1,0,1,0,0,0,0,0,0
11,4,4020205.0,2019,5,12,7,3,2,6,0,0,1,0,0,0,0,0,0
11,11,11020411.0,2019,5,5,6,3,5,3,0,1,1,0,0,0,0,1,0
11,4,4010102.0,2019,5,13,7,3,5,2,0,0,1,0,0,0,1,0,0
11,1,1044101.0,2019,5,12,7,3,2,6,0,0,1,0,0,0,1,0,0
11,9,9052001.0,2019,5,5,6,3,5,3,0,1,1,0,0,0,0,0,0
11,10,10020622.0,2019,5,13,7,3,2,7,0,0,1,0,0,0,1,0,0
11,3,3050923.0,2019,5,5,6,3,1,5,0,1,1,0,0,0,0,1,0
11,5,5010339.0,2019,5,14,7,2,1,5,0,0,1,0,1,0,0,0,0
11,2,2040701.0,2019,5,21,6,2,5,3,2,1,1,0,0,0,0,0,0
11,6,6030608.0,2019,5,14,7,3,5,3,0,0,1,0,0,0,0,0,0
11,1,1011303.0,2019,5,18,6,3,1,5,0,1,1,0,0,0,1,0,0
11,3,3030716.0,2019,5,15,7,3,5,3,0,1,1,0,0,0,0,0,0
11,7,7010102.0,2019,5,15,7,3,2,6,0,0,1,0,0,0,0,0,0
11,4,4030620.0,2019,5,17,6,3,5,3,0,0,1,0,0,0,0,0,0
11,9,9031001.0,2019,5,17,6,2,6,4,0,0,1,1,0,0,0,0,0
11,4,4030417.0,2019,5,15,7,3,2,6,0,0,1,0,0,0,1,0,0
11,2,2010101.0,2019,5,17,7,2,3,2,0,1,1,0,0,0,0,0,0
11,10,10040829.0,2019,5,17,6,2,5,3,0,0,1,0,0,0,1,0,0
11,9,9010402.0,2019,5,22,7,3,5,2,2,0,1,0,1,0,0,0,0
11,2,2010101.0,2019,5,16,6,3,2,6,0,0,1,0,0,0,0,0,0
11,3,3051017.0,2019,5,7,6,3,5,3,0,1,1,0,0,0,0,0,0
11,7,7040405.0,2019,5,15,6,3,3,6,0,0,1,0,1,1,0,0,0
11,11,11051330.0,2019,5,14,6,2,5,2,0,0,1,0,0,0,1,0,0
11,1,1011203.0,2019,5,13,6,3,5,3,0,0,1,0,1,0,0,0,0
11,10,10030725.0,2019,5,17,6,3,1,6,0,1,1,0,0,0,0,0,0
11,10,10020517.0,2019,5,14,6,2,6,4,0,0,1,1,0,0,0,0,0
11,2,2010101.0,2019,5,0,6,3,0,1,2,1,0,0,0,0,0,1,0
11,1,1011301.0,2019,5,14,6,2,6,4,0,0,0,1,0,0,1,0,0
11,12,12231101.0,2019,5,11,6,3,5,3,0,1,1,0,0,0,0,0,0
11,5,5010314.0,2019,5,13,6,3,2,6,0,0,1,0,0,0,0,0,0
11,5,5030832.0,2019,5,11,6,3,2,6,0,0,1,0,0,0,0,0,0
11,8,8010405.0,2019,5,19,6,3,1,5,0,0,1,0,0,0,0,0,0
11,1,1044201.0,2019,5,13,6,3,6,4,0,0,1,1,0,0,0,0,0
11,11,11030721.0,2019,5,22,6,2,6,2,2,0,0,1,0,0,1,0,0
11,7,7040406.0,2019,5,14,6,3,2,2,0,0,1,0,0,0,0,0,0
11,6,6040807.0,2019,5,20,6,3,1,5,0,0,1,0,1,0,0,0,0
11,8,8010214.0,2019,5,12,6,2,6,4,0,0,0,1,0,0,1,0,0
11,3,3061227.0,2019,5,19,6,3,5,2,0,0,1,0,0,0,0,0,0
11,9,9041301.0,2019,5,19,6,3,2,6,0,0,1,0,0,0,0,0,0
11,8,8020622.0,2019,5,11,6,3,1,5,0,0,1,0,0,0,1,0,0
11,2,2020203.0,2019,5,10,6,3,5,3,0,1,1,0,0,0,0,0,0
11,1,1011301.0,2019,5,18,6,3,0,2,0,1,1,0,0,0,0,0,0
11,2,2050801.0,2019,5,18,6,3,3,6,0,1,1,0,0,0,0,0,0
11,1,1011301.0,2019,5,0,6,3,0,2,2,1,1,0,0,0,0,0,0
11,12,12231101.0,2019,5,17,6,3,5,2,0,0,1,0,0,0,0,0,0
11,5,5010314.0,2019,5,13,5,3,5,7,0,1,1,0,0,0,0,0,0
11,4,4030930.0,2019,5,17,6,3,3,6,0,1,1,0,0,0,0,0,0
11,11,11051229.0,2019,5,17,6,2,5,2,0,1,0,0,0,0,1,0,0
11,9,9051702.0,2019,5,12,5,2,5,3,0,1,0,0,0,0,0,0,0
11,9,9020701.0,2019,5,17,6,3,2,6,0,0,1,0,0,0,0,0,0
11,4,4051551.0,2019,5,9,6,3,0,6,0,0,0,0,1,0,1,0,0
11,3,3071639.0,2019,5,6,5,3,6,4,0,1,0,1,0,0,0,0,0
11,3,3071638.0,2019,5,9,6,3,1,5,0,1,1,0,0,0,0,0,0
11,12,12231101.0,2019,5,9,6,3,4,7,0,0,1,0,0,0,0,0,0
11,7,7020201.0,2019,5,18,5,3,5,3,0,1,1,0,0,0,0,0,0
11,12,12301206.0,2019,5,16,6,3,5,2,0,1,1,0,0,0,0,0,0
11,5,5020419.0,2019,5,13,5,3,1,5,0,0,1,0,0,0,1,0,0
11,3,3061227.0,2019,5,8,6,3,5,3,0,0,1,0,0,0,0,0,0
11,5,5010314.0,2019,5,12,5,3,0,1,0,0,1,0,1,0,0,1,0
11,3,3071536.0,2019,5,9,6,3,1,5,0,1,0,0,0,0,1,0,0
11,5,5020417.0,2019,5,5,5,2,5,3,0,0,1,0,0,0,0,1,0
11,4,4041134.0,2019,5,16,6,3,5,3,0,1,0,0,0,0,1,0,0
11,3,3050925.0,2019,5,10,6,2,6,2,0,0,1,1,0,0,0,0,0
11,2,2050803.0,2019,5,21,5,3,5,3,2,1,1,0,0,0,0,1,0
11,2,2040703.0,2019,5,20,5,3,1,5,1,1,1,0,0,0,1,1,0
11,3,3010102.0,2019,5,8,6,3,3,6,0,1,1,0,0,0,0,0,0
11,3,3071537.0,2019,5,8,6,2,2,6,0,0,1,0,0,0,0,0,0
11,12,12103218.0,2019,5,19,5,2,5,3,0,0,1,0,1,0,0,0,0
11,3,3071639.0,2019,5,8,6,3,2,6,0,0,1,0,0,0,1,0,0
11,1,1011306.0,2019,5,19,5,3,1,5,0,1,1,0,0,0,0,0,0
11,3,3030715.0,2019,5,8,6,3,5,2,0,0,1,0,0,1,0,0,0
11,6,6010103.0,2019,5,16,5,3,1,6,0,1,1,0,0,0,0,0,0
11,5,5010314.0,2019,5,7,6,3,5,3,0,1,1,0,0,0,0,0,0
11,8,8010509.0,2019,5,16,5,3,0,5,0,0,1,0,0,0,1,0,0
11,3,3061429.0,2019,5,21,6,3,5,2,2,0,1,0,1,0,0,0,0
11,3,3061441.0,2019,5,18,6,3,5,3,0,0,1,0,0,0,0,0,0
11,10,10040933.0,2019,5,15,5,3,5,2,0,1,1,0,0,0,0,1,0
11,1,1011402.0,2019,5,15,5,3,5,3,0,0,1,0,0,0,0,0,0
11,6,6030502.0,2019,5,16,6,2,5,3,0,1,1,0,0,0,0,0,0
11,5,5030832.0,2019,5,15,5,3,2,6,0,0,1,0,0,0,0,0,0
11,12,12103116.0,2019,5,16,3,2,1,5,0,1,1,0,0,0,0,0,0
11,8,8041037.0,2019,5,16,3,3,0,1,0,0,0,0,1,0,0,0,0
11,7,7020203.0,2019,5,16,3,2,0,7,0,0,0,0,1,0,0,0,0
11,4,4020311.0,2019,5,17,3,3,0,3,0,0,1,0,1,0,0,0,0
11,3,3040513.0,2019,5,17,3,3,5,3,0,1,1,0,0,0,0,0,0
11,4,4030621.0,2019,5,11,3,3,6,4,0,0,1,1,0,0,0,0,0
11,5,5020629.0,2019,5,11,3,3,5,3,0,1,1,0,0,0,0,0,0
11,7,7010101.0,2019,5,18,3,3,6,2,0,0,1,1,0,0,0,0,0
11,5,5010101.0,2019,5,18,3,3,4,6,0,1,0,0,0,0,0,0,0
11,5,5030730.0,2019,5,21,3,3,5,3,2,1,1,0,0,0,0,0,0
11,7,7020201.0,2019,5,17,3,3,5,3,0,0,1,0,0,0,0,0,0
11,2,2010102.0,2019,5,19,3,3,0,6,0,1,1,0,0,0,0,0,0
11,9,9031202.0,2019,5,18,3,1,0,1,0,1,0,0,0,0,0,0,0
11,3,3061429.0,2019,5,18,2,3,5,2,0,1,1,0,0,0,0,0,0
11,6,6040809.0,2019,5,11,2,3,5,3,0,0,1,0,0,0,0,0,0
11,4,4031032.0,2019,5,20,2,3,5,7,2,0,1,0,0,0,0,0,0
11,4,4020313.0,2019,5,19,2,3,6,7,0,0,1,1,0,0,0,0,0
11,7,7050505.0,2019,5,19,2,3,2,6,0,0,1,0,0,0,1,1,0
11,1,1011306.0,2019,5,18,2,2,1,5,0,1,0,0,0,0,1,0,0
11,2,2020206.0,2019,5,17,2,3,5,2,0,1,1,0,0,0,0,0,0
11,3,3050920.0,2019,5,18,2,3,0,1,0,1,0,0,0,0,0,1,0
11,10,10020517.0,2019,5,18,2,3,0,1,0,0,0,0,1,0,0,1,0
11,7,7070703.0,2019,5,7,2,3,5,3,0,1,1,0,0,0,0,0,0
11,8,8010118.0,2019,5,7,2,3,5,2,0,1,1,0,0,0,0,0,0
11,12,12304314.0,2019,5,8,2,3,2,6,0,0,1,0,0,0,0,0,0
11,5,5020625.0,2019,5,10,2,3,6,7,0,0,1,1,0,0,0,0,0
11,10,10010311.0,2019,5,10,2,3,6,4,0,0,1,1,0,0,0,0,0
11,12,12103117.0,2019,5,18,2,3,2,6,0,0,1,0,0,0,0,0,0
11,12,12301203.0,2019,5,10,2,3,5,2,0,1,0,0,0,1,0,0,0
11,1,1033102.0,2019,5,10,2,3,5,2,0,1,1,0,0,0,0,0,0
11,4,4051653.0,2019,5,18,2,3,5,2,0,1,1,0,0,0,0,0,0
11,8,8010404.0,2019,5,11,2,2,6,4,0,0,1,1,0,0,0,0,0
11,1,1022106.0,2019,5,12,2,2,2,6,0,0,1,0,0,0,0,0,0
11,2,2030302.0,2019,5,18,2,3,6,4,0,0,1,1,1,0,0,0,0
11,7,7040404.0,2019,5,13,2,3,2,6,0,0,1,0,0,0,0,0,0
11,10,10040932.0,2019,5,15,2,3,2,6,0,0,1,0,0,0,0,0,0
11,9,9031001.0,2019,5,17,2,3,6,2,0,0,1,1,0,0,0,0,0
11,12,12231102.0,2019,5,10,2,3,0,1,0,1,0,0,0,0,0,0,0
11,6,6020302.0,2019,5,16,2,3,2,6,0,0,1,0,0,0,0,0,0
11,1,1022104.0,2019,5,16,2,3,2,6,0,0,1,0,0,0,0,0,0
11,2,2020206.0,2019,5,15,2,3,5,3,0,1,1,0,0,0,0,0,0
11,2,2020205.0,2019,5,15,2,3,2,7,0,1,1,0,0,0,0,0,0
11,12,12214527.0,2019,5,12,2,3,5,5,0,1,1,0,0,0,0,0,0
11,3,3061227.0,2019,5,18,2,3,2,6,0,0,1,0,0,0,1,1,0
11,11,11010309.0,2019,5,13,1,2,5,3,0,1,1,0,0,0,0,0,0
11,12,12224230.0,2019,5,13,1,3,0,5,0,1,1,0,0,0,0,0,0
11,7,7030301.0,2019,5,14,1,3,5,3,0,0,1,0,0,0,0,0,0
11,9,9020802.0,2019,5,9,1,3,1,5,0,1,1,0,0,0,1,0,0
11,2,2030301.0,2019,5,9,1,3,5,3,0,0,1,0,0,0,0,0,0
11,2,2010104.0,2019,5,12,1,3,2,2,0,1,1,0,0,0,0,0,0
11,4,4051448.0,2019,5,14,1,3,6,4,0,1,0,1,0,0,0,0,0
11,3,3020210.0,2019,5,14,1,3,2,6,0,0,1,0,1,0,0,0,0
11,1,1011303.0,2019,5,17,1,2,5,3,0,1,0,0,0,0,0,0,0
11,9,9010401.0,2019,5,18,1,3,6,4,0,0,0,1,0,0,1,0,0
11,2,2030401.0,2019,5,6,1,3,1,5,0,0,1,0,0,0,0,0,0
11,11,11030619.0,2019,5,3,1,3,5,3,2,0,1,0,0,0,1,0,0
11,5,5020521.0,2019,5,13,1,3,2,6,0,0,1,0,0,0,0,0,0
11,6,6020409.0,2019,5,1,1,2,1,5,2,0,1,0,0,0,0,0,0
11,4,4030620.0,2019,5,13,1,3,0,7,0,1,0,0,0,0,0,0,0
11,1,1011202.0,2019,5,22,1,3,6,4,2,1,0,1,0,0,0,0,0
11,1,1033102.0,2019,5,23,1,3,3,6,2,0,1,0,0,0,1,0,0
11,8,8010211.0,2019,5,22,1,3,3,6,2,1,1,0,0,0,0,0,0
11,3,3061227.0,2019,5,20,1,3,0,1,0,1,0,0,0,0,0,0,0
11,11,11010310.0,2019,5,17,7,3,3,6,0,0,1,0,0,0,0,0,0
11,8,8010404.0,2019,5,22,7,3,2,5,2,1,1,0,0,0,0,0,0
11,3,3040614.0,2019,5,11,7,3,2,6,0,0,1,0,0,1,0,0,0
11,1,1022101.0,2019,5,16,7,3,6,6,0,0,0,1,0,0,1,0,0
11,2,2040701.0,2019,5,15,7,3,1,5,0,0,1,0,1,0,0,0,0
11,2,2050804.0,2019,5,16,7,3,5,7,0,0,1,0,1,0,0,0,0
11,8,8010404.0,2019,5,22,7,3,1,5,2,0,1,0,1,0,0,0,0
11,5,5020625.0,2019,5,23,7,3,2,6,2,0,1,0,0,0,0,0,0
11,2,2050801.0,2019,5,13,7,3,5,3,0,1,1,0,0,0,0,0,0
11,2,2030402.0,2019,5,13,7,3,5,7,0,1,1,0,0,0,0,0,0
11,2,2050803.0,2019,5,13,7,3,3,6,0,0,1,0,0,0,0,0,0
11,10,10040933.0,2019,5,11,7,3,5,2,0,1,1,0,0,0,0,0,0
11,4,4030930.0,2019,5,10,7,3,2,6,0,0,1,0,0,0,0,0,0
11,2,2040702.0,2019,5,10,7,3,6,4,0,1,0,1,0,0,0,0,0
11,7,7040401.0,2019,5,9,7,3,6,4,0,0,1,1,0,0,0,0,0
11,7,7040403.0,2019,5,10,7,3,5,2,0,0,1,0,0,0,0,0,0
11,6,6020304.0,2019,5,11,7,3,5,3,0,0,1,0,0,0,0,0,0
11,4,4030931.0,2019,5,11,7,2,5,5,0,0,1,0,1,0,0,0,0
11,1,1022205.0,2019,5,21,7,3,3,6,2,0,1,0,1,0,0,0,0
11,1,1044202.0,2019,5,20,7,3,0,7,0,0,1,0,0,0,0,0,0
11,3,3061126.0,2019,5,20,7,3,5,2,0,1,1,0,0,0,0,0,0
11,12,12231102.0,2019,5,19,7,3,1,5,0,1,1,0,0,0,0,0,0
11,1,1011302.0,2019,5,19,7,3,2,6,0,0,1,0,0,0,0,0,0
11,3,3071536.0,2019,5,19,7,3,5,7,0,1,1,0,0,0,0,0,0
11,11,11030721.0,2019,5,19,7,3,5,3,0,1,0,0,0,0,0,0,0
11,8,8010404.0,2019,5,18,7,3,5,2,0,0,1,0,0,0,1,0,0
11,7,7020204.0,2019,5,17,7,3,5,3,0,1,1,0,0,0,0,0,0
11,7,7070702.0,2019,5,17,7,3,2,6,0,0,1,0,1,0,0,0,0
11,11,11051331.0,2019,5,17,7,3,5,3,0,0,1,0,0,0,0,0,0
11,8,8020622.0,2019,5,16,7,3,1,5,0,1,1,0,0,0,1,0,0
11,6,6010207.0,2019,5,23,7,3,0,1,2,1,0,0,0,0,0,0,0
11,12,12214424.0,2019,5,15,7,3,2,6,0,0,1,0,0,0,1,0,0
11,8,8010214.0,2019,5,15,7,3,2,6,0,0,1,0,1,0,0,0,0
11,9,9010301.0,2019,5,14,7,3,5,3,0,0,1,0,0,0,0,0,0
11,4,4051446.0,2019,5,14,7,3,5,2,0,0,1,0,0,0,0,0,0
11,12,12301203.0,2019,5,14,7,2,5,2,0,0,0,0,1,1,0,0,0
11,7,7050501.0,2019,5,13,7,2,1,5,0,0,1,0,0,0,0,0,0
11,6,6040703.0,2019,5,17,7,3,0,5,0,0,1,0,1,0,0,0,0
11,3,3020209.0,2019,5,22,6,3,5,3,2,0,1,0,0,0,0,0,0
11,10,10030727.0,2019,5,20,6,3,2,6,0,0,1,0,1,0,0,0,0
11,3,3061430.0,2019,5,18,6,3,6,4,0,1,0,1,0,0,0,0,0
11,8,8020619.0,2019,5,19,6,3,2,2,1,0,1,0,1,0,0,0,0
11,2,2010104.0,2019,5,12,6,3,5,3,0,1,0,0,0,0,0,0,0
11,7,7010102.0,2019,5,11,6,3,5,2,0,0,1,0,1,0,0,0,0
11,1,1044201.0,2019,5,10,6,3,5,3,0,0,1,0,0,0,0,0,0
11,8,8010301.0,2019,5,10,6,3,5,2,0,1,1,0,0,0,0,0,0
11,12,12103219.0,2019,5,9,6,3,0,3,0,0,1,0,1,0,0,0,0
11,4,4020310.0,2019,5,7,6,3,5,2,0,0,1,0,1,0,0,0,0
11,1,1011301.0,2019,5,8,6,3,5,2,0,1,1,0,0,0,0,0,0
11,4,4030827.0,2019,5,7,6,3,0,1,0,1,1,0,0,0,0,0,0
11,7,7040405.0,2019,5,6,6,3,5,2,0,0,1,0,0,0,0,0,0
11,10,10020414.0,2019,5,9,6,3,5,3,0,0,1,0,0,0,0,0,0
11,2,2040502.0,2019,5,8,6,3,2,6,0,0,1,0,0,0,0,0,0
11,2,2010104.0,2019,5,11,6,2,2,6,0,0,0,0,0,1,0,0,0
11,5,5020626.0,2019,5,13,6,3,6,2,0,0,1,1,0,0,0,0,0
11,4,4030931.0,2019,5,14,6,3,6,4,0,0,1,1,0,0,0,0,0
11,4,4041241.0,2019,5,14,6,3,5,3,0,1,1,0,0,0,0,0,0
11,4,4030620.0,2019,5,15,6,3,5,2,0,1,1,0,0,0,0,0,0
11,5,5020626.0,2019,5,14,6,3,1,5,0,0,0,0,1,0,1,0,0
11,1,1022201.0,2019,5,15,6,3,3,6,0,1,1,0,0,0,0,0,0
11,6,6020302.0,2019,5,15,6,3,5,3,0,0,1,0,0,0,0,0,0
11,1,1011101.0,2019,5,16,6,3,5,2,0,1,1,0,0,0,0,0,0
11,1,1044203.0,2019,5,16,6,3,5,3,0,1,0,0,0,0,1,0,0
11,4,4051446.0,2019,5,16,6,3,5,2,0,1,1,0,0,0,0,0,0
11,10,10010310.0,2019,5,17,6,3,5,3,0,0,1,0,0,0,0,0,0
11,3,3020307.0,2019,5,17,6,3,2,6,0,0,1,0,0,0,1,0,0
11,7,7060604.0,2019,5,17,6,3,5,3,0,0,1,0,0,0,0,0,0
11,12,12103218.0,2019,5,17,6,3,5,7,0,0,1,0,1,0,0,0,0
11,7,7050501.0,2019,5,17,6,3,0,2,0,1,1,0,0,0,0,0,0
11,9,9051801.0,2019,5,16,6,2,5,3,0,1,1,0,0,0,0,0,0
11,2,2030301.0,2019,5,16,6,3,1,5,0,1,1,0,0,0,0,0,0
11,5,5010103.0,2019,5,18,6,3,2,2,0,1,1,0,0,0,0,0,0
11,2,2050801.0,2019,5,15,6,3,3,6,0,1,0,0,0,0,0,0,0
11,3,3020209.0,2019,5,15,5,3,3,6,0,1,1,0,0,0,0,0,0
11,2,2020204.0,2019,5,15,5,3,6,4,0,1,0,1,0,0,0,0,0
11,12,12103218.0,2019,5,8,5,3,1,5,0,0,1,0,0,0,1,0,0
11,10,10020412.0,2019,5,6,5,3,5,2,0,1,1,0,0,0,0,0,0
11,11,11010310.0,2019,5,18,5,3,2,3,0,1,1,0,0,0,0,0,0
11,1,1033203.0,2019,5,17,5,3,2,6,0,0,0,0,1,0,1,0,0
11,3,3050923.0,2019,5,15,5,3,3,2,0,1,1,0,0,0,0,0,0
11,2,2010102.0,2019,5,23,5,3,2,6,2,0,1,0,0,0,0,0,0
11,3,3020210.0,2019,5,8,5,3,2,6,0,0,1,0,0,0,0,0,0
11,4,4041344.0,2019,5,11,5,3,5,3,0,0,1,0,0,0,0,0,0
11,9,9030901.0,2019,5,8,5,3,6,2,0,0,1,1,0,0,0,0,0
11,9,9041501.0,2019,5,11,5,3,5,2,0,0,1,0,0,0,0,0,0
11,10,11030720.0,2019,5,9,5,3,3,6,0,0,1,0,1,0,0,0,0
11,2,2020202.0,2019,5,11,5,3,2,6,0,0,1,0,1,0,0,0,0
11,11,11030721.0,2019,5,9,5,3,5,3,0,1,1,0,0,0,0,0,0
11,2,2040502.0,2019,5,13,5,3,3,6,0,1,0,0,0,0,0,0,0
11,9,9010202.0,2019,5,9,5,2,5,2,0,1,0,0,0,1,0,0,0
11,4,4010102.0,2019,5,13,5,2,2,7,0,0,1,0,1,0,0,0,0
11,4,4030931.0,2019,5,13,5,3,0,1,0,1,0,0,0,0,0,0,0
11,9,9020702.0,2019,5,9,5,2,6,4,0,0,1,1,0,0,0,0,0
11,1,1011302.0,2019,5,9,5,3,2,6,0,0,1,0,0,0,1,0,0
11,2,2030302.0,2019,5,22,5,3,5,3,2,1,1,0,0,0,0,0,0
11,2,2010104.0,2019,5,21,5,3,5,3,2,0,1,0,0,0,0,0,0
11,3,3071536.0,2019,5,21,5,3,0,7,2,0,1,0,0,0,0,0,0
11,1,1033102.0,2019,5,20,5,3,5,2,0,0,1,0,0,0,1,0,0
11,4,4030725.0,2019,5,18,5,3,3,6,0,1,1,0,0,0,0,0,0
11,11,11020514.0,2019,5,17,5,3,5,2,0,1,1,0,0,0,1,0,0
11,1,1011203.0,2019,5,17,5,3,3,6,0,1,0,0,0,0,0,0,0
11,7,7010102.0,2019,5,16,5,3,6,3,0,1,0,1,0,0,0,0,0
11,1,1011105.0,2019,5,16,5,3,5,3,0,1,1,0,0,0,0,0,0
11,12,12231102.0,2019,5,15,5,3,2,6,0,1,1,0,0,0,0,0,0
11,5,5030832.0,2019,5,15,5,3,2,6,0,0,1,0,0,0,0,0,0
11,4,4030620.0,2019,5,15,5,3,5,7,0,1,1,0,0,0,0,0,0