LAND,BEZ,LOR_ab_2021,UJAHR,UMONAT,USTUNDE,UWOCHENTAG,UKATEGORIE,UART,UTYP1,ULICHTVERH,IstRad,IstPKW,IstFuss,IstKrad,IstGkfz,IstSonstige,USTRZUSTAND,lockdown
11,4,4030415.0,2019,6,10,2,3,2,6,0,0,1,0,1,0,0,0,0
11,8,8030830.0,2019,6,10,2,3,5,7,0,1,1,0,0,0,0,0,0
11,3,3061430.0,2019,6,15,2,3,0,7,0,0,1,0,0,0,0,0,0
11,9,9010401.0,2019,6,15,2,3,0,6,0,1,1,0,0,0,0,0,0
11,2,2040701.0,2019,6,9,2,3,5,3,0,1,1,0,0,0,0,0,0
11,5,5020626.0,2019,6,9,2,3,5,2,0,1,1,0,0,0,0,0,0
11,2,2020204.0,2019,6,8,2,3,5,2,0,1,1,0,0,0,0,0,0
11,4,4020310.0,2019,6,8,2,3,5,2,0,0,1,0,0,0,0,0,0
11,2,2030301.0,2019,6,7,2,3,2,6,0,0,1,0,0,1,0,0,0
11,5,5020625.0,2019,6,15,2,3,6,4,0,0,1,1,0,0,0,0,0
11,9,9052001.0,2019,6,7,2,3,5,3,0,0,1,0,0,0,0,0,0
11,1,1011105.0,2019,6,6,2,3,5,7,0,0,1,0,0,0,0,0,0
11,12,12214125.0,2019,6,15,2,3,0,2,0,0,1,0,0,0,1,0,0
11,1,1011302.0,2019,6,6,2,3,2,6,0,0,1,0,0,0,0,0,0
11,9,9020702.0,2019,6,6,2,3,0,3,0,1,1,0,0,0,0,0,0
11,1,1011304.0,2019,6,15,2,2,2,2,0,0,1,0,0,0,0,0,0
11,3,3061228.0,2019,6,5,2,3,1,5,0,0,1,0,1,0,0,0,0
11,2,2050601.0,2019,6,1,2,3,5,2,2,0,1,0,0,0,0,0,0
11,1,1011401.0,2019,6,8,2,3,0,1,0,1,0,0,0,0,0,0,0
11,11,11030720.0,2019,6,20,2,3,5,2,0,1,1,0,0,0,0,1,0
11,6,6040810.0,2019,6,9,2,3,5,2,0,1,0,0,0,0,1,0,0
11,10,10010203.0,2019,6,17,2,1,1,7,0,0,1,0,0,0,0,0,0
11,4,4030724.0,2019,6,14,1,3,2,6,0,1,0,0,0,0,0,0,0
11,4,4041238.0,2019,6,14,1,3,5,3,0,1,1,0,0,0,0,0,0
11,1,1011401.0,2019,6,14,1,3,6,7,0,0,1,1,0,0,0,0,0
11,9,9041501.0,2019,6,19,1,3,3,6,0,1,1,0,0,0,0,0,0
11,1,1044201.0,2019,6,21,1,3,5,3,0,0,1,0,0,0,0,0,0
11,11,2050803.0,2019,6,20,1,2,4,6,0,0,1,0,1,0,0,0,0
11,2,2040701.0,2019,6,20,1,3,1,5,0,1,1,0,0,0,1,0,0
11,4,4010102.0,2019,6,17,1,3,0,2,0,1,1,0,0,0,0,0,0
11,2,2010102.0,2019,6,17,1,2,5,3,0,0,1,0,1,0,0,0,0
11,10,10040933.0,2019,6,15,1,2,5,3,0,0,1,0,1,0,0,0,0
11,7,7010104.0,2019,6,16,1,3,5,2,0,1,1,0,0,0,0,0,0
11,3,3071633.0,2019,6,16,1,3,0,1,0,1,0,0,0,0,0,0,0
11,11,11051331.0,2019,6,14,1,3,5,3,0,0,1,0,0,0,0,0,0
11,7,7010102.0,2019,6,14,1,3,5,3,0,0,1,0,1,0,0,0,0
11,1,1011101.0,2019,6,14,1,3,5,3,0,0,1,0,0,0,0,0,0
11,1,1011202.0,2019,6,14,1,3,5,2,0,0,1,0,1,0,0,0,0
11,11,11051331.0,2019,6,14,1,2,5,3,0,1,1,0,0,0,0,0,0
11,3,3061126.0,2019,6,13,1,3,2,6,0,0,1,0,0,0,0,0,0
11,11,11051330.0,2019,6,12,6,3,5,2,0,1,1,0,0,0,0,0,0
11,8,8020619.0,2019,6,13,1,3,2,6,0,0,1,0,0,0,0,0,0
11,7,7040403.0,2019,6,12,1,2,5,3,0,0,1,0,1,0,0,0,0
11,1,1033102.0,2019,6,12,6,3,5,2,0,1,0,0,0,0,1,0,0
11,1,1044101.0,2019,6,1,1,2,5,2,2,0,1,0,0,0,0,0,0
11,6,6040809.0,2019,6,17,6,2,5,2,0,1,1,0,0,0,0,0,0
11,11,11020411.0,2019,6,2,1,3,5,3,2,0,1,0,0,0,0,0,0
11,8,8020625.0,2019,6,12,6,3,3,6,0,1,0,0,0,1,0,0,0
11,12,12301203.0,2019,6,10,1,3,4,5,0,0,1,0,0,0,0,0,0
11,12,12301203.0,2019,6,7,6,2,5,2,0,1,0,0,0,1,0,0,0
11,1,1044202.0,2019,6,10,1,3,5,2,0,0,1,0,0,0,0,0,0
11,1,1033102.0,2019,6,11,1,3,5,3,0,0,1,0,0,0,1,0,0
11,5,5010101.0,2019,6,12,6,3,5,3,0,1,1,0,0,0,0,0,0
11,6,6030607.0,2019,6,12,1,2,2,1,0,0,1,0,0,0,0,0,0
11,4,4051448.0,2019,6,12,6,3,0,6,0,0,1,0,1,0,0,0,0
11,11,11030618.0,2019,6,1,1,3,0,1,2,0,0,0,1,0,0,0,0
11,4,4041342.0,2019,6,11,6,3,5,2,0,0,1,0,1,0,0,0,0
11,8,8010301.0,2019,6,0,1,3,0,1,2,1,0,0,0,0,0,0,0
11,8,8020727.0,2019,6,11,6,3,5,2,0,1,1,0,0,0,0,0,0
11,2,2040701.0,2019,6,12,7,3,5,3,0,0,1,0,0,0,0,0,0
11,3,3071536.0,2019,6,18,7,3,5,3,0,0,1,0,0,0,0,0,0
11,9,9041401.0,2019,6,12,6,3,5,3,0,0,1,0,0,0,1,0,0
11,3,3051017.0,2019,6,13,6,2,5,3,0,1,1,0,0,0,0,0,0
11,6,6030606.0,2019,6,15,7,3,1,5,0,1,1,0,0,0,0,0,0
11,10,10010206.0,2019,6,18,7,2,5,3,0,1,1,0,0,0,0,0,0
11,9,9020802.0,2019,6,12,6,2,3,6,0,1,0,0,0,1,0,0,0
11,7,7040401.0,2019,6,15,7,3,5,2,0,1,0,0,0,0,0,0,0
11,4,4020311.0,2019,6,16,6,3,5,3,0,1,1,0,0,0,0,0,0
11,1,1022104.0,2019,6,14,7,3,5,2,0,0,1,0,1,0,0,0,0
11,1,1044201.0,2019,6,19,7,3,2,6,0,0,1,0,0,0,0,0,0
11,8,8020727.0,2019,6,16,6,3,5,3,0,0,1,0,1,0,0,0,0
11,2,2030301.0,2019,6,19,7,3,5,3,0,1,1,0,0,0,0,0,0
11,4,4030931.0,2019,6,13,7,3,5,2,0,1,1,0,0,0,0,0,0
11,3,3030405.0,2019,6,16,6,3,6,4,0,0,1,1,0,0,0,0,0
11,11,11051332.0,2019,6,19,7,3,2,6,0,0,1,0,0,0,0,0,0
11,9,9041501.0,2019,6,16,6,2,5,2,0,1,1,0,0,0,0,0,0
11,4,4020310.0,2019,6,16,6,2,4,6,0,1,0,0,0,0,0,0,0
11,7,7020201.0,2019,6,19,7,3,5,3,0,0,1,0,0,0,0,0,0
11,2,2010104.0,2019,6,15,6,2,5,7,0,0,1,0,0,1,0,0,0
11,2,2030302.0,2019,6,12,7,2,5,2,0,1,1,0,0,0,0,0,0
11,4,4030621.0,2019,6,16,6,3,5,2,0,1,0,0,1,0,0,0,0
11,6,6040806.0,2019,6,22,7,3,6,4,2,0,1,1,0,0,0,0,0
11,7,7070702.0,2019,6,12,7,3,1,5,0,0,1,0,0,0,0,0,0
11,7,7010102.0,2019,6,16,6,3,1,5,0,1,1,0,0,0,0,0,0
11,4,4041238.0,2019,6,9,6,3,2,7,0,0,1,0,0,0,0,0,0
11,5,5010314.0,2019,6,11,7,3,0,2,0,0,1,0,0,0,1,0,0
11,5,5010339.0,2019,6,10,7,3,5,2,0,1,1,0,0,0,0,0,0
11,3,3050924.0,2019,6,12,6,2,1,1,0,0,1,0,0,0,1,0,0
11,1,1011302.0,2019,6,23,7,2,0,1,2,1,0,0,0,0,0,0,0
11,2,2010102.0,2019,6,17,6,3,5,3,0,0,1,0,0,0,0,0,0
11,8,8020622.0,2019,6,9,7,3,5,7,0,0,1,0,0,0,0,0,0
11,1,1033201.0,2019,6,9,7,2,5,2,0,1,0,0,0,1,0,0,0
11,8,8010117.0,2019,6,15,6,3,6,2,0,0,1,1,0,0,0,0,0
11,4,4051445.0,2019,5,5,6,3,5,2,0,1,1,0,0,0,0,0,0
11,3,3050923.0,2019,5,7,6,3,5,3,0,0,1,0,1,0,0,0,0
11,2,2010102.0,2019,6,23,6,2,5,3,2,0,1,0,0,0,0,0,0
11,4,4030519.0,2019,5,9,6,3,5,2,0,1,1,0,0,0,0,0,0
11,11,11010103.0,2019,6,15,6,3,5,2,0,0,1,0,1,0,0,0,0
11,4,4030725.0,2019,5,9,6,3,5,2,0,0,1,0,0,0,0,0,0
11,7,7050503.0,2019,5,15,6,3,2,6,0,0,1,0,0,0,0,0,0
11,7,7050501.0,2019,6,11,6,3,1,5,0,1,1,0,0,0,1,0,0
11,3,3050923.0,2019,6,11,6,3,2,1,0,0,1,0,0,0,0,0,0
11,12,12214423.0,2019,5,15,6,3,5,3,0,0,1,0,0,0,0,0,0
11,7,7040401.0,2019,5,15,6,3,5,2,0,1,1,0,0,0,0,0,0
11,4,4030416.0,2019,6,18,6,3,0,7,0,1,0,0,0,0,0,0,0
11,9,9031001.0,2019,5,13,6,3,5,3,0,1,1,0,0,0,0,0,0
11,2,2010104.0,2019,6,10,6,2,6,4,0,1,0,1,0,0,0,0,0
11,12,12214424.0,2019,5,13,6,2,5,2,0,0,1,0,0,0,0,0,0
11,12,12302107.0,2019,5,16,6,3,5,3,0,0,1,0,0,0,0,0,0
11,4,5030833.0,2019,5,17,6,2,2,6,0,0,1,0,0,0,0,0,0
11,12,12231102.0,2019,6,15,6,3,1,5,0,0,1,0,0,0,0,0,0
11,9,9010202.0,2019,5,17,6,2,5,2,0,1,1,0,0,0,0,0,0
11,3,3061131.0,2019,6,10,6,3,5,2,0,0,1,0,1,0,0,0,0
11,2,2020206.0,2019,5,19,6,3,5,7,0,1,0,0,0,0,1,0,0
11,5,5030731.0,2019,6,9,6,3,1,5,0,1,1,0,0,0,1,0,0
11,2,2020206.0,2019,5,19,6,3,0,6,0,0,1,0,0,0,1,0,0
11,2,2030301.0,2019,6,9,6,3,5,3,0,1,1,0,0,0,0,0,0
11,12,12214424.0,2019,5,20,6,3,5,2,0,0,1,0,0,0,0,1,0
11,9,9010402.0,2019,6,15,6,3,5,3,0,1,1,0,0,0,0,0,0
11,7,7040405.0,2019,5,21,6,3,2,6,2,0,1,0,0,0,1,1,0
11,7,7070703.0,2019,6,15,6,3,1,5,0,1,1,0,0,0,0,0,0
11,2,2020205.0,2019,5,18,6,3,0,1,0,1,0,0,0,0,0,0,0
11,6,6010101.0,2019,5,9,6,3,2,2,0,0,1,0,0,0,1,0,0
11,4,4010102.0,2019,6,14,6,3,5,2,0,1,1,0,0,0,0,0,0
11,9,9051801.0,2019,5,10,6,3,5,2,0,1,1,0,0,0,0,0,0
11,4,4030620.0,2019,6,14,6,3,5,2,0,1,1,0,0,0,0,0,0
11,3,3071537.0,2019,5,12,6,3,2,6,0,0,1,0,0,0,0,0,0
11,1,1011306.0,2019,5,12,6,3,0,7,0,1,0,0,0,0,1,1,0
11,3,3061126.0,2019,6,14,6,2,5,2,0,1,1,0,0,0,0,0,0
11,1,1044203.0,2019,5,12,6,3,2,6,0,0,1,0,0,0,0,0,0
11,6,6020303.0,2019,6,13,6,3,1,5,0,1,1,0,0,0,0,0,0
11,2,2030302.0,2019,5,12,6,3,2,6,0,0,1,0,0,0,1,0,0
11,6,6040808.0,2019,6,14,6,3,2,6,0,0,1,0,0,1,0,0,0
11,1,1011306.0,2019,5,12,6,3,0,7,0,0,0,0,1,0,1,1,0
11,1,1044101.0,2019,6,10,6,3,2,6,0,0,1,0,0,1,0,0,0
11,12,12301203.0,2019,5,23,6,3,2,6,2,0,1,0,0,0,0,1,0
11,1,1011301.0,2019,5,21,6,3,0,1,2,0,0,0,1,0,0,1,0
11,1,1022106.0,2019,6,8,6,3,1,1,0,0,1,0,0,0,0,0,0
11,11,11051332.0,2019,6,8,6,1,6,4,0,0,0,1,0,1,0,0,0
11,2,2010101.0,2019,5,18,5,3,6,7,0,0,1,1,0,0,0,0,0
11,8,8010406.0,2019,6,16,5,3,0,2,0,1,0,0,0,0,1,1,0
11,7,7070704.0,2019,5,18,5,2,5,2,0,0,1,0,1,0,0,0,0
11,2,2010102.0,2019,6,18,5,3,3,6,0,1,1,0,0,0,0,0,0
11,4,4041344.0,2019,5,17,5,3,6,4,0,0,1,1,0,0,0,0,0
11,10,10020519.0,2019,5,17,5,2,5,3,0,1,1,0,0,0,0,0,0
11,12,12214527.0,2019,6,15,5,3,2,6,0,0,1,0,0,0,0,0,0
11,9,9041501.0,2019,6,7,5,3,5,2,0,1,1,0,0,0,0,0,0
11,3,3020209.0,2019,5,16,5,3,5,3,0,0,1,0,0,0,0,0,0
11,10,10040828.0,2019,5,16,5,2,5,3,0,1,1,0,0,0,0,0,0
11,9,9020701.0,2019,6,7,5,3,5,2,0,1,1,0,0,0,0,0,0
11,1,1022106.0,2019,5,18,5,3,5,2,0,1,1,0,0,0,0,0,0
11,5,5010102.0,2019,6,6,5,3,5,3,0,0,1,0,1,0,0,0,0
11,12,12231102.0,2019,5,16,5,3,0,1,0,1,0,0,0,0,0,0,0
11,10,10010102.0,2019,5,16,5,3,5,7,0,0,1,0,0,0,0,0,0
11,8,8010508.0,2019,6,6,5,3,5,2,0,1,0,0,1,0,0,0,0
11,2,2040701.0,2019,5,23,5,2,6,4,2,0,1,1,0,0,0,0,0
11,1,1044203.0,2019,6,21,5,3,5,7,2,1,1,0,0,0,0,1,0
11,8,8010214.0,2019,5,22,5,3,5,7,2,1,1,0,0,0,0,0,0
11,8,8010117.0,2019,6,21,5,3,2,6,1,1,1,0,0,0,0,1,0
11,4,4051446.0,2019,5,20,5,3,5,3,1,1,1,0,0,0,0,0,0
11,4,4030828.0,2019,6,21,5,3,6,4,1,0,1,1,0,0,0,1,0
11,3,3051017.0,2019,5,20,5,3,5,2,1,1,1,0,0,0,0,0,0
11,1,1022204.0,2019,5,19,5,3,1,5,0,1,1,0,0,0,0,0,0
11,8,8041038.0,2019,6,12,5,2,6,2,0,0,1,1,0,0,0,0,0
11,3,3061228.0,2019,6,23,5,3,5,3,2,0,1,0,0,0,0,1,0
11,10,10030727.0,2019,5,18,5,3,2,6,0,1,0,0,0,0,0,0,0
11,10,10040830.0,2019,5,18,5,3,5,3,0,0,1,0,0,0,0,0,0
11,3,3030716.0,2019,6,15,5,3,0,7,0,0,1,0,0,0,0,0,0
11,1,1011202.0,2019,5,15,5,3,3,6,0,1,1,0,0,0,0,0,0
11,8,8010303.0,2019,6,15,5,3,5,2,0,0,1,0,0,0,0,1,0
11,4,4020311.0,2019,5,15,5,3,5,3,0,0,1,0,0,0,0,0,0
11,1,1022101.0,2019,6,15,5,3,1,5,0,1,1,0,0,0,1,1,0
11,3,3040508.0,2019,5,14,5,3,2,2,0,0,1,0,0,0,0,0,0
11,7,7060601.0,2019,6,13,5,2,2,6,0,1,1,0,0,0,0,0,0
11,4,4051549.0,2019,5,14,5,3,2,6,0,0,1,0,0,0,0,0,0
11,11,11030721.0,2019,6,12,5,2,6,2,0,0,1,1,0,0,0,0,0
11,11,11040926.0,2019,5,13,5,3,6,2,0,0,0,1,0,0,1,0,0
11,2,2040502.0,2019,6,12,5,3,5,2,0,1,1,0,0,0,0,0,0
11,5,5040934.0,2019,5,13,5,2,1,5,0,1,1,0,0,0,0,0,0
11,6,6030608.0,2019,5,10,5,2,5,7,0,0,1,0,1,0,0,0,0
11,1,1022205.0,2019,6,12,5,3,5,2,0,0,1,0,1,0,0,0,0
11,5,5020625.0,2019,5,6,5,2,1,5,0,0,1,0,0,0,0,0,0
11,9,9020501.0,2019,6,12,5,3,2,6,0,0,1,0,0,0,0,0,0
11,12,12214528.0,2019,5,16,4,3,2,6,0,0,1,0,0,0,0,0,0
11,2,2020205.0,2019,6,11,5,2,5,7,0,1,1,0,0,0,0,0,0
11,4,4010102.0,2019,5,18,4,3,2,2,0,1,1,0,0,0,0,0,0
11,6,6040703.0,2019,6,11,5,3,5,2,0,0,1,0,1,0,0,0,0
11,2,2040703.0,2019,5,18,4,3,5,2,0,1,0,0,0,0,1,0,0
11,1,1022104.0,2019,5,16,4,3,3,6,0,0,1,0,1,0,0,0,0
11,10,10010310.0,2019,6,11,5,3,2,6,0,0,1,0,0,0,0,0,0
11,9,9051702.0,2019,6,7,5,3,6,2,0,0,1,1,0,0,0,0,0
11,9,9051901.0,2019,5,23,4,3,0,1,2,1,0,0,0,0,0,0,0
11,4,4030622.0,2019,5,17,4,3,6,4,0,0,1,1,0,0,0,0,0
11,2,2050802.0,2019,6,10,5,3,5,5,0,0,1,0,1,0,0,0,0
11,1,1011204.0,2019,5,20,4,3,0,2,1,1,0,0,0,1,0,0,0
11,4,4030621.0,2019,6,10,5,3,2,2,0,0,1,0,0,0,0,0,0
11,4,4051653.0,2019,5,18,4,3,5,3,0,1,1,0,0,0,0,0,0
11,9,9010301.0,2019,5,18,4,2,5,2,0,0,1,0,0,0,0,0,0
11,4,4051448.0,2019,6,9,5,3,6,2,0,1,0,1,0,0,0,0,0
11,2,2020203.0,2019,5,23,4,3,5,3,2,0,1,0,0,0,0,0,0
11,11,11040926.0,2019,5,22,4,3,5,2,2,0,1,0,0,0,0,0,0
11,11,11010310.0,2019,6,9,5,2,6,4,0,0,0,1,0,0,1,0,0
11,3,3040818.0,2019,5,21,4,3,5,2,1,1,1,0,0,0,0,0,0
11,3,3061332.0,2019,5,18,4,3,0,2,0,0,1,0,1,0,0,0,0
11,4,4030929.0,2019,6,19,5,3,2,6,0,1,0,0,1,0,0,1,0
11,1,1044203.0,2019,5,18,4,3,5,2,0,1,1,0,0,0,0,0,0
11,1,1011302.0,2019,6,18,5,3,0,1,0,1,0,0,0,0,0,1,0
11,5,5020625.0,2019,5,15,4,3,6,2,0,0,1,1,0,0,0,0,0
11,1,1011302.0,2019,6,18,5,3,0,3,0,1,0,0,1,0,0,1,0
11,10,10040830.0,2019,5,18,4,3,5,3,0,1,1,0,0,0,0,0,0
11,5,5010314.0,2019,6,18,5,3,0,2,0,1,1,0,0,0,0,1,0
11,6,6010101.0,2019,5,9,4,2,3,6,0,0,1,0,1,0,0,0,0
11,2,2030302.0,2019,5,11,4,3,5,3,0,1,1,0,0,0,0,0,0
11,1,1011201.0,2019,6,18,5,2,5,3,1,1,1,0,0,0,0,1,0
11,12,12302109.0,2019,6,18,5,3,5,2,0,1,1,0,0,0,0,1,0
11,4,4051446.0,2019,5,18,4,3,2,6,0,0,1,0,0,0,0,0,0
11,4,4041136.0,2019,5,11,4,3,5,2,0,0,1,0,0,1,0,0,0
11,6,6040806.0,2019,6,18,5,2,6,4,0,0,1,1,0,0,0,1,0
11,7,7010102.0,2019,5,11,4,3,5,7,0,0,1,0,0,0,0,0,0
11,1,1011301.0,2019,6,18,5,3,0,1,0,0,0,0,1,0,0,1,0
11,5,5010314.0,2019,5,11,4,3,5,2,0,0,1,0,1,0,0,0,0
11,2,2030301.0,2019,6,17,5,2,6,4,0,0,0,1,1,0,0,1,0
11,2,2040703.0,2019,5,12,4,3,1,5,0,1,1,0,0,0,1,0,0
11,12,12224230.0,2019,6,16,5,2,0,1,0,1,0,0,0,0,0,1,0
11,9,9010302.0,2019,5,17,4,3,2,6,0,1,1,0,0,0,0,0,0
11,4,4020311.0,2019,5,17,4,2,6,4,0,0,1,1,0,0,0,0,0
11,1,1022102.0,2019,6,16,5,3,6,4,0,0,1,1,0,0,0,1,0
11,7,7050505.0,2019,6,15,5,3,1,5,0,0,1,0,0,0,0,1,0
11,6,6020410.0,2019,5,17,4,3,5,3,0,0,1,0,0,0,1,0,0
11,4,4030417.0,2019,6,17,5,3,5,3,0,1,1,0,0,0,0,0,0
11,1,1033101.0,2019,6,17,5,3,4,6,0,0,0,0,1,1,0,0,0
11,4,4030519.0,2019,6,17,5,3,5,3,0,0,1,0,0,0,0,0,0
11,12,12103219.0,2019,6,17,5,3,5,3,0,1,1,0,0,0,0,0,0
11,1,1011306.0,2019,6,16,5,3,5,3,0,0,1,0,0,0,1,0,0
11,6,6030504.0,2019,6,16,5,3,5,2,0,1,1,0,0,0,0,0,0
11,4,4030620.0,2019,6,16,5,2,5,3,0,1,1,0,0,0,0,0,0
11,3,3010102.0,2019,6,16,5,3,5,2,0,1,1,0,0,0,0,0,0
11,1,1011301.0,2019,6,16,5,3,5,2,0,0,1,0,1,0,0,0,0
11,10,10020621.0,2019,6,20,5,3,2,6,0,0,1,0,1,0,0,0,0
11,2,2050801.0,2019,6,20,5,3,5,3,0,1,1,0,0,0,0,0,0
11,2,2050601.0,2019,6,19,5,3,5,3,0,1,1,0,0,0,0,0,0
11,11,11040926.0,2019,6,19,5,3,2,2,0,0,1,0,0,0,0,0,0
11,5,5020626.0,2019,6,19,5,3,1,5,0,0,1,0,0,0,1,0,0
11,10,10020412.0,2019,6,18,5,3,2,6,0,0,1,0,0,0,1,0,0
11,6,6040810.0,2019,6,18,5,3,0,7,0,1,0,0,0,0,0,0,0
11,1,1022104.0,2019,6,18,5,3,5,3,0,1,1,0,0,0,0,0,0
11,1,1011401.0,2019,6,18,5,3,0,1,0,1,0,0,0,0,0,0,0
11,7,7060604.0,2019,6,18,5,3,0,2,0,1,1,0,0,0,0,0,0
11,9,9020502.0,2019,6,15,5,3,6,7,0,1,0,1,0,0,0,0,0
11,9,9051901.0,2019,6,17,5,3,2,6,0,0,1,0,1,0,0,0,0
11,2,2050602.0,2019,6,15,5,3,6,4,0,0,1,1,0,0,0,0,0
11,9,9020501.0,2019,6,15,5,3,2,6,0,0,1,0,0,0,0,0,0
11,2,2010104.0,2019,6,15,5,3,5,7,0,0,1,0,0,0,0,0,0
11,10,10010203.0,2019,6,6,5,2,5,2,0,1,1,0,0,0,0,0,0
11,3,3040614.0,2019,6,7,5,2,5,3,0,1,1,0,0,0,0,0,0
11,1,1011102.0,2019,6,14,5,3,6,4,0,0,1,1,0,0,0,0,0
11,11,11051229.0,2019,6,7,5,3,3,6,0,0,1,0,1,0,0,1,0
11,2,2030402.0,2019,6,7,5,3,3,6,0,1,0,0,0,0,1,0,0
11,6,6010205.0,2019,6,7,5,3,3,6,0,0,1,0,1,0,0,0,0
11,6,6030503.0,2019,6,7,5,2,5,2,0,0,1,0,1,0,0,1,0
11,1,1044201.0,2019,6,8,5,3,5,3,0,1,1,0,0,0,0,0,0
11,11,11020412.0,2019,6,8,5,3,6,4,0,0,1,1,0,0,0,0,0
11,9,9010101.0,2019,6,8,5,3,5,2,0,1,1,0,0,0,0,0,0
11,9,9020501.0,2019,6,9,5,3,5,2,0,1,1,0,0,0,0,0,0
11,1,1011203.0,2019,6,14,5,3,5,7,0,0,1,0,1,0,0,0,0
11,1,1011202.0,2019,6,10,5,3,5,3,0,1,1,0,0,0,0,0,0
11,11,11041128.0,2019,6,10,5,2,5,3,0,1,0,0,0,1,0,0,0
11,4,4041136.0,2019,6,12,5,3,2,6,0,1,1,0,0,0,0,0,0
11,3,3051022.0,2019,6,12,5,3,1,5,0,1,1,0,0,0,0,0,0
11,2,2020204.0,2019,6,12,5,3,0,3,0,1,0,0,0,1,0,0,0
11,4,4030726.0,2019,6,8,5,2,0,1,0,1,0,0,0,0,0,0,0
11,4,4020208.0,2019,6,16,5,3,5,3,0,1,0,0,0,0,1,0,0
11,6,6030610.0,2019,6,15,4,3,6,7,0,0,0,1,1,0,0,0,0
11,1,1033202.0,2019,6,11,4,3,6,4,0,1,0,1,0,0,0,0,0
11,1,1011301.0,2019,6,19,4,3,0,1,0,0,0,0,1,0,0,1,0
11,8,8010509.0,2019,6,19,4,3,0,1,1,1,0,0,0,0,0,1,0
11,3,3010102.0,2019,6,11,4,2,4,6,0,0,1,0,0,1,0,0,0
11,2,2020203.0,2019,6,8,4,3,0,1,0,0,0,0,1,0,0,1,0
11,1,1033102.0,2019,6,23,4,3,0,2,2,1,1,0,0,0,0,1,0
11,1,1033203.0,2019,6,22,4,3,0,3,2,0,1,0,1,0,0,1,0
11,12,12302108.0,2019,6,22,4,3,5,3,2,0,1,0,0,0,0,1,0
11,6,6010206.0,2019,6,15,4,3,5,2,0,0,1,0,1,0,0,0,0
11,10,10020412.0,2019,6,15,4,2,6,4,0,0,1,1,0,0,0,0,0
11,7,7040405.0,2019,6,15,4,3,0,7,0,0,1,0,0,0,1,0,0
11,1,1011201.0,2019,6,16,4,3,6,4,0,1,0,1,0,0,0,0,0
11,9,9051901.0,2019,6,18,4,3,5,2,0,1,1,0,0,0,0,1,0
11,9,9020802.0,2019,6,18,4,3,6,4,0,0,1,1,0,0,0,1,0
11,4,4030620.0,2019,6,18,4,3,5,3,0,1,1,0,0,0,0,1,0
11,11,11030824.0,2019,6,19,4,3,0,7,0,0,1,0,0,0,0,1,0
11,8,8010405.0,2019,6,18,4,3,5,2,0,0,0,0,1,0,1,0,0
11,5,5010206.0,2019,6,17,4,3,6,4,0,1,0,1,0,0,0,0,0
11,3,3061430.0,2019,6,16,4,3,6,4,0,1,0,1,0,0,0,0,0
11,3,3040818.0,2019,6,16,4,3,5,3,0,0,1,0,0,0,1,0,0
11,8,8010303.0,2019,6,22,4,3,2,6,2,0,1,0,0,0,0,1,0
11,3,3050920.0,2019,6,20,4,3,5,3,1,1,1,0,0,0,0,1,0
11,5,5020626.0,2019,6,16,4,3,2,6,0,0,1,0,0,0,0,0,0
11,1,1011201.0,2019,6,20,4,3,1,5,0,1,1,0,0,0,0,1,0
11,1,1033201.0,2019,6,19,4,2,5,7,0,0,1,0,0,0,1,1,0
11,8,8030829.0,2019,6,18,4,3,0,1,1,1,0,0,0,0,0,1,0
11,1,1011302.0,2019,6,10,4,3,1,5,0,1,1,0,0,0,1,0,0
11,6,6030610.0,2019,6,13,4,3,5,2,0,1,1,0,0,0,0,0,0
11,5,5010311.0,2019,6,14,4,3,5,2,0,1,1,0,0,0,0,0,0
11,6,6040703.0,2019,6,14,4,3,5,3,0,0,1,0,0,0,0,0,0
11,2,2010103.0,2019,6,12,4,3,2,6,0,1,1,0,0,0,0,0,0
11,2,2030402.0,2019,6,13,4,3,5,2,0,0,1,0,1,0,0,0,0
11,1,1022201.0,2019,6,13,4,3,5,3,0,1,1,0,0,0,0,0,0
11,4,4020313.0,2019,6,13,4,3,5,3,0,1,1,0,0,0,0,0,0
11,6,6020305.0,2019,6,15,4,3,5,2,0,1,1,0,0,0,0,0,0
11,4,4051653.0,2019,6,15,4,3,2,6,0,0,1,0,0,0,0,0,0
11,4,4030724.0,2019,6,12,4,2,5,3,0,1,1,0,0,0,0,0,0
11,6,6020410.0,2019,6,13,4,3,2,6,0,0,1,0,0,0,0,0,0
11,3,3051021.0,2019,6,10,4,3,5,7,0,0,1,0,0,0,1,0,0
11,1,1044201.0,2019,6,19,4,3,3,6,0,0,1,0,0,0,0,1,0
11,2,2020206.0,2019,6,19,4,3,0,5,0,1,1,0,0,0,0,1,0
11,11,11030619.0,2019,6,4,4,3,0,7,1,0,0,0,1,0,1,1,0
11,4,4041344.0,2019,6,5,4,3,0,3,0,0,1,0,1,0,0,1,0
11,1,1011203.0,2019,6,6,4,3,5,3,0,0,1,0,0,0,0,1,0
11,9,9020502.0,2019,6,6,4,3,5,3,0,0,1,0,0,0,0,0,0
11,10,10010308.0,2019,6,10,4,3,5,3,0,1,1,0,0,0,0,0,0
11,4,4030621.0,2019,6,6,4,3,2,7,0,0,0,0,1,1,0,1,0
11,4,4051445.0,2019,6,7,4,3,5,7,0,0,1,0,0,0,0,0,0
11,11,11030619.0,2019,6,7,4,3,5,2,0,1,1,0,0,0,0,0,0
11,5,5020522.0,2019,6,8,4,3,5,2,0,1,1,0,0,0,0,1,0