LAND,BEZ,LOR_ab_2021,UJAHR,UMONAT,USTUNDE,UWOCHENTAG,UKATEGORIE,UART,UTYP1,ULICHTVERH,IstRad,IstPKW,IstFuss,IstKrad,IstGkfz,IstSonstige,USTRZUSTAND,lockdown
11,2,2020204.0,2019,6,9,4,3,3,6,0,1,0,0,0,0,0,0,0
11,1,1011303.0,2019,6,9,4,3,5,2,0,1,1,0,0,0,0,0,0
11,9,9041501.0,2019,6,9,4,3,2,6,0,0,1,0,0,1,0,0,0
11,2,2030301.0,2019,6,9,4,3,5,2,0,0,1,0,1,0,0,0,0
11,6,6030605.0,2019,6,8,4,3,5,3,0,1,1,0,0,0,0,0,0
11,4,4030519.0,2019,6,9,4,3,6,4,0,0,1,1,0,0,0,0,0
11,3,3061441.0,2019,6,8,4,3,1,5,0,0,1,0,0,0,0,0,0
11,3,3061228.0,2019,6,9,4,3,2,6,0,1,0,0,0,0,1,0,0
11,7,7040404.0,2019,6,8,4,3,6,4,0,1,0,1,0,0,0,0,0
11,12,12302108.0,2019,6,8,4,3,5,3,0,0,1,0,0,0,1,0,0
11,4,4030929.0,2019,6,8,4,3,0,1,0,0,0,0,1,0,0,0,0
11,3,3040512.0,2019,6,15,3,3,2,6,0,0,1,0,0,0,0,0,0
11,1,1044201.0,2019,6,18,3,3,2,6,0,1,1,0,0,0,0,0,0
11,1,1033102.0,2019,6,14,3,3,6,7,0,1,0,1,0,0,0,0,0
11,8,8010302.0,2019,6,14,3,3,2,6,0,0,1,0,0,0,0,0,0
11,1,1011102.0,2019,6,12,3,3,6,7,0,1,0,1,0,0,0,0,0
11,5,5020523.0,2019,6,19,3,3,5,3,0,0,1,0,0,0,0,0,0
11,1,1011204.0,2019,6,18,3,3,2,6,0,1,1,0,0,0,0,0,0
11,3,3061126.0,2019,6,17,3,3,2,6,0,0,0,0,1,1,0,0,0
11,1,1044202.0,2019,6,18,3,3,0,7,0,0,1,0,0,0,1,0,0
11,5,5020627.0,2019,6,18,3,3,2,6,0,0,1,0,0,0,0,0,0
11,2,2040702.0,2019,6,18,3,3,5,3,0,0,1,0,0,0,0,0,0
11,4,4030930.0,2019,6,18,3,3,6,2,0,0,1,1,0,0,0,0,0
11,11,11041128.0,2019,6,17,3,2,5,3,0,1,0,0,0,0,0,0,0
11,3,3061131.0,2019,6,17,3,3,6,4,0,1,0,1,0,0,0,0,0
11,1,1011105.0,2019,6,17,3,3,5,2,0,1,1,0,0,0,0,0,0
11,1,1033203.0,2019,6,17,3,3,2,6,0,0,1,0,0,0,0,0,0
11,11,11051331.0,2019,6,16,3,3,6,7,0,1,0,1,0,0,0,0,0
11,9,9051901.0,2019,6,15,3,3,5,2,0,0,1,0,1,0,0,0,0
11,8,8010211.0,2019,6,15,3,3,2,7,0,0,1,0,1,0,0,0,0
11,7,7060601.0,2019,6,10,2,2,8,1,0,0,1,0,0,0,0,0,0
11,4,4051653.0,2019,6,15,3,3,2,6,0,0,1,0,0,0,0,0,0
11,11,11040926.0,2019,6,8,2,3,0,7,0,0,0,0,1,1,0,1,0
11,12,12214424.0,2019,6,14,3,3,1,5,0,1,1,0,0,0,1,0,0
11,3,3040818.0,2019,6,10,2,3,0,1,0,1,0,0,0,0,0,0,0
11,9,9010301.0,2019,6,14,3,3,5,2,0,0,1,0,0,0,0,0,0
11,2,2020204.0,2019,6,19,2,3,5,2,0,1,1,0,0,0,0,0,0
11,5,5020418.0,2019,6,19,2,3,2,7,0,0,0,0,1,0,1,0,0
11,5,5030731.0,2019,6,14,3,3,1,5,0,1,1,0,0,0,0,0,0
11,12,12302211.0,2019,6,13,3,3,3,6,0,0,1,0,1,0,0,0,0
11,1,1044201.0,2019,6,19,2,3,5,2,0,1,1,0,0,0,0,0,0
11,2,2040701.0,2019,6,21,2,2,9,1,1,0,0,0,1,0,0,0,0
11,11,11010207.0,2019,6,17,3,3,8,1,0,0,1,0,0,0,0,0,0
11,3,3061131.0,2019,6,18,2,2,0,1,0,0,0,0,1,0,0,0,0
11,1,1011101.0,2019,6,9,3,3,3,6,0,1,0,0,0,0,1,0,0
11,10,10040932.0,2019,6,18,2,3,5,3,0,0,1,0,0,0,1,0,0
11,6,6030608.0,2019,6,18,2,3,5,3,0,1,1,0,0,0,0,0,0
11,2,2050601.0,2019,6,17,2,3,5,3,0,0,1,0,0,1,0,0,0
11,1,1022104.0,2019,6,10,3,3,2,6,0,1,1,0,0,0,0,0,0
11,1,1022103.0,2019,6,17,2,3,5,7,0,0,1,0,1,0,0,0,0
11,4,4041343.0,2019,6,10,3,3,0,6,0,0,1,0,0,0,1,0,0
11,2,2020202.0,2019,6,18,2,3,5,2,0,1,1,0,0,0,0,0,0
11,9,9020701.0,2019,6,16,2,3,2,2,0,0,1,0,0,0,0,0,0
11,1,1011202.0,2019,6,10,3,3,8,1,0,1,1,0,0,0,0,0,0
11,12,12103115.0,2019,6,16,2,3,5,2,0,1,0,0,0,0,1,0,0
11,7,7070704.0,2019,6,17,2,3,8,1,0,0,1,0,0,0,0,0,0
11,9,9051901.0,2019,6,11,3,3,0,2,0,1,0,0,0,0,0,0,0
11,5,5020521.0,2019,6,7,2,2,6,4,0,0,1,1,0,0,0,0,0
11,5,5010209.0,2019,6,13,3,3,5,3,0,0,1,0,0,0,0,0,0
11,12,12301203.0,2019,6,7,2,3,0,2,0,1,0,0,0,1,0,0,0
11,1,1011204.0,2019,6,7,2,2,5,3,0,0,1,0,1,0,0,0,0
11,7,7020203.0,2019,6,11,3,3,0,7,0,0,0,0,1,0,0,1,0
11,6,6020410.0,2019,6,12,3,2,2,2,0,0,1,0,1,0,0,0,0
11,10,10030724.0,2019,6,7,2,3,5,2,0,0,1,0,1,0,0,0,0
11,3,3010101.0,2019,6,7,2,3,2,6,0,0,1,0,0,0,0,0,0
11,11,11010205.0,2019,6,10,3,2,2,7,0,0,1,0,0,0,0,0,0
11,6,6010102.0,2019,6,6,2,3,5,3,0,1,1,0,0,0,0,0,0
11,9,9020701.0,2019,6,9,3,2,5,2,0,1,1,0,0,0,0,0,0
11,12,12302110.0,2019,6,5,2,3,5,3,0,0,1,0,0,0,0,0,0
11,3,3040512.0,2019,6,9,3,3,9,1,0,0,1,0,0,0,0,0,0
11,2,2050802.0,2019,6,3,2,3,0,1,2,1,0,0,0,0,0,0,0
11,12,12214424.0,2019,6,19,3,3,0,4,1,0,0,1,0,0,1,0,0
11,8,8010406.0,2019,6,10,2,3,5,3,0,0,1,0,0,0,0,0,0
11,4,4030518.0,2019,6,10,2,3,2,6,0,0,1,0,0,0,0,0,0
11,4,4041134.0,2019,6,22,3,3,2,6,2,0,1,0,0,0,0,1,0
11,2,2030401.0,2019,6,8,3,3,1,5,0,1,1,0,0,0,0,0,0
11,9,9041302.0,2019,6,10,2,3,5,3,0,1,1,0,0,0,0,0,0
11,12,12103117.0,2019,6,9,3,3,1,5,0,1,1,0,0,0,0,0,0
11,11,11030618.0,2019,6,9,2,3,1,5,0,0,1,0,0,0,0,0,0
11,8,8020620.0,2019,6,9,3,3,5,3,0,0,1,0,1,0,0,0,0
11,6,6020409.0,2019,6,9,2,3,5,7,0,0,1,0,0,0,0,0,0
11,1,1011105.0,2019,6,8,3,2,3,6,0,1,0,0,0,1,0,0,0
11,9,9020501.0,2019,6,9,2,2,5,2,0,0,1,0,0,0,1,0,0
11,3,3030715.0,2019,6,6,3,3,2,6,0,0,1,0,0,0,0,0,0
11,6,6040810.0,2019,6,8,2,3,5,3,0,0,1,0,1,0,0,0,0
11,7,7010104.0,2019,6,9,2,3,5,2,0,1,0,0,0,0,1,0,0
11,5,5030832.0,2019,6,4,3,3,2,2,1,0,1,0,0,0,0,1,0
11,11,11040926.0,2019,6,8,2,3,5,3,0,1,1,0,0,0,0,1,0
11,2,2030301.0,2019,6,8,3,3,0,1,0,0,0,0,1,0,0,0,0
11,12,12214421.0,2019,6,16,2,3,0,2,0,0,1,0,0,0,1,0,0
11,11,11030721.0,2019,6,16,2,3,5,7,0,0,0,0,1,0,1,0,0
11,7,7040404.0,2019,6,8,3,3,0,7,0,1,0,0,0,0,0,0,0
11,1,1011304.0,2019,6,11,2,3,5,2,0,1,0,0,0,0,1,0,0
11,4,4041241.0,2019,6,15,2,3,2,6,0,0,1,0,0,0,0,0,0
11,1,1022103.0,2019,6,11,2,2,5,3,0,1,1,0,0,0,0,0,0
11,1,1044103.0,2019,6,17,2,3,0,5,0,0,1,0,0,0,1,0,0
11,2,2010104.0,2019,6,11,2,3,5,2,0,0,1,0,0,0,0,0,0
11,7,7070701.0,2019,6,16,2,2,5,2,0,0,1,0,0,0,1,0,0
11,6,6040810.0,2019,6,11,2,3,5,2,0,1,1,0,0,0,0,0,0
11,3,3040818.0,2019,6,12,2,3,2,2,0,0,1,0,0,0,0,0,0
11,8,8010405.0,2019,6,16,2,3,5,2,0,1,1,0,0,0,0,0,0
11,10,10020517.0,2019,6,16,2,3,4,6,0,1,0,0,0,0,0,0,0
11,5,5040935.0,2019,6,16,2,3,6,7,0,0,1,1,0,0,0,0,0
11,8,8010118.0,2019,6,14,2,3,2,6,0,0,1,0,0,0,0,0,0
11,7,7040405.0,2019,6,13,2,2,5,3,0,1,0,0,0,0,0,0,0
11,4,4041344.0,2019,6,13,2,3,5,3,0,0,1,0,0,0,0,0,0
11,3,3061429.0,2019,6,14,2,3,1,5,0,1,1,0,0,0,0,0,0
11,3,3061227.0,2019,6,14,2,2,0,7,0,0,0,0,1,0,0,1,0
11,4,4030417.0,2019,6,16,2,3,5,3,0,0,1,0,0,0,0,0,0
11,11,11020515.0,2019,6,14,2,3,5,3,0,1,1,0,0,0,0,0,0
11,2,2020206.0,2019,6,17,2,3,5,2,0,0,1,0,1,0,0,0,0
11,12,12214424.0,2019,6,15,2,3,2,6,0,0,1,0,1,0,0,0,0
11,3,3040512.0,2019,6,22,2,3,5,3,2,0,1,0,0,1,0,0,0
11,8,8010212.0,2019,6,14,2,3,6,7,0,0,1,1,0,0,0,0,0
11,10,10020622.0,2019,6,19,2,3,5,3,0,0,1,0,0,0,0,0,0
11,8,8041035.0,2019,6,15,2,3,0,2,0,0,1,0,1,0,0,0,0
11,3,3071633.0,2019,6,19,2,2,0,3,0,1,0,0,0,0,0,0,0
11,10,10010308.0,2019,6,15,2,3,0,2,0,1,0,0,0,0,1,0,0
11,7,7060601.0,2019,6,15,2,3,6,4,0,0,0,1,0,0,1,0,0
11,5,5020625.0,2019,6,18,2,3,0,5,0,0,1,0,1,0,0,0,0
11,4,4030519.0,2019,6,15,2,3,5,3,0,1,1,0,0,0,0,0,0
11,5,5020625.0,2019,6,16,2,2,5,2,0,0,1,0,1,0,0,0,0
11,8,8010214.0,2019,6,14,2,3,5,2,0,1,1,0,0,0,0,0,0
11,7,7060604.0,2019,6,11,2,3,0,1,0,1,0,0,0,0,0,0,0
11,5,5020524.0,2019,6,14,2,3,0,3,0,0,1,0,0,0,0,0,0
11,8,8010301.0,2019,6,7,2,3,0,1,0,0,0,0,1,0,0,1,0
11,8,8041037.0,2019,6,15,2,3,5,3,0,0,1,0,0,0,0,0,0
11,4,7030301.0,2019,6,14,2,3,1,5,0,1,1,0,0,0,0,0,0
11,2,2020204.0,2019,6,0,2,3,5,3,2,1,1,0,0,0,0,0,0
11,4,4010101.0,2019,6,0,2,3,3,6,2,1,1,0,0,0,0,0,0
11,12,12214527.0,2019,6,15,2,3,5,3,0,1,1,0,0,0,0,0,0
11,1,1033201.0,2019,6,16,1,3,3,6,0,0,1,0,0,0,0,0,0
11,9,9010301.0,2019,6,10,1,3,5,2,0,0,1,0,1,0,0,0,0
11,11,11010205.0,2019,6,14,1,3,2,2,0,0,1,0,0,0,0,0,0
11,1,1044101.0,2019,6,4,1,3,9,1,1,0,1,0,0,0,0,0,0
11,3,3040614.0,2019,6,20,1,3,0,7,0,0,1,0,1,0,0,0,0
11,2,2050801.0,2019,6,19,1,3,5,3,0,1,1,0,0,0,0,0,0
11,3,3020210.0,2019,6,13,1,3,1,5,0,1,1,0,0,0,0,0,0
11,8,8020622.0,2019,6,18,1,3,5,2,0,0,1,0,0,0,0,0,0
11,2,2030301.0,2019,6,18,1,3,5,7,0,1,1,0,0,0,0,0,0
11,4,4051549.0,2019,6,14,1,3,1,5,0,1,1,0,0,0,0,0,0
11,3,3071536.0,2019,6,17,1,3,3,6,0,1,1,0,0,0,0,0,0
11,6,6030606.0,2019,6,16,1,3,2,7,0,0,1,0,1,0,0,0,0
11,11,11040925.0,2019,6,17,1,3,2,6,0,0,1,0,1,0,0,0,0
11,8,8010117.0,2019,6,16,1,3,6,7,0,1,0,1,0,0,0,0,0
11,1,1011103.0,2019,6,17,1,3,5,2,0,1,0,0,1,0,0,0,0
11,5,5010312.0,2019,6,16,1,3,0,1,0,1,1,0,0,0,0,0,0
11,12,12103218.0,2019,6,14,1,2,6,4,0,0,1,1,0,0,0,0,0
11,4,4010101.0,2019,6,16,1,2,1,5,0,0,1,0,1,0,0,0,0
11,7,7070703.0,2019,6,16,1,3,3,6,0,1,1,0,0,0,0,0,0
11,4,4031032.0,2019,6,12,1,2,5,2,0,1,1,0,0,0,0,0,0
11,5,5020629.0,2019,6,11,1,2,6,4,0,0,1,1,0,0,0,0,0
11,1,1033203.0,2019,6,16,1,3,1,5,0,1,1,0,0,0,0,0,0
11,9,9020701.0,2019,6,15,1,3,5,2,0,1,1,0,0,0,0,0,0
11,8,8010301.0,2019,6,15,1,3,5,2,0,0,1,0,0,0,0,0,0
11,5,5040935.0,2019,6,14,1,3,2,6,0,0,1,0,0,0,0,0,0
11,12,12103117.0,2019,6,11,1,2,5,2,0,0,1,0,0,0,0,0,0
11,9,9020702.0,2019,6,14,1,3,0,1,0,1,0,0,0,0,0,0,0
11,7,7010101.0,2019,6,14,1,2,3,1,0,1,1,0,0,0,0,0,0
11,1,1011401.0,2019,6,5,1,3,0,1,0,1,0,0,0,0,0,0,0
11,3,3040818.0,2019,6,13,1,2,1,5,0,1,1,0,0,0,0,0,0
11,6,6030504.0,2019,6,12,1,3,0,1,0,0,0,0,1,0,0,0,0
11,6,6040804.0,2019,6,16,1,3,0,1,0,1,0,0,0,0,0,0,0
11,12,12302108.0,2019,6,10,1,2,5,3,0,0,1,0,0,0,0,0,0
11,8,8010301.0,2019,6,1,1,3,5,3,2,1,1,0,0,0,0,0,0
11,2,2020202.0,2019,6,2,1,2,0,1,2,0,0,0,1,0,0,0,0
11,2,2020206.0,2019,6,1,1,3,2,6,2,1,1,0,0,0,0,0,0
11,6,6020303.0,2019,6,21,1,3,0,4,2,0,0,1,0,0,1,0,0
11,6,6010207.0,2019,6,18,1,3,5,3,0,0,1,0,1,0,0,0,0
11,8,8010301.0,2019,6,1,1,3,5,2,2,1,1,0,0,0,0,0,0
11,4,4010103.0,2019,6,1,1,3,0,1,2,1,0,0,0,0,0,0,0
11,8,8010301.0,2019,6,3,7,3,6,4,2,0,0,1,1,0,0,0,0
11,4,4030417.0,2019,6,12,7,3,2,6,0,0,1,0,0,0,0,0,0
11,11,11020513.0,2019,6,10,7,3,6,4,0,0,1,1,0,0,0,0,0
11,10,10040933.0,2019,6,9,7,3,5,2,0,1,1,0,0,0,0,0,0
11,2,2010104.0,2019,6,15,7,3,1,5,0,1,0,0,0,0,0,0,0
11,3,3061227.0,2019,6,19,7,3,2,6,0,0,1,0,0,0,0,0,0
11,8,8010303.0,2019,6,16,7,3,5,2,0,0,1,0,1,0,0,0,0
11,1,2010103.0,2019,6,16,7,3,2,2,0,1,1,0,0,0,0,0,0
11,3,3050924.0,2019,6,14,7,3,5,3,0,1,0,0,0,0,0,0,0
11,2,2040701.0,2019,6,14,7,3,5,3,0,1,1,0,0,0,0,0,0
11,3,3040614.0,2019,6,13,7,3,6,7,0,1,0,1,0,0,0,0,0
11,10,10010204.0,2019,6,15,7,3,2,7,0,0,1,0,0,0,0,0,0
11,8,8010301.0,2019,6,12,7,3,3,6,0,1,1,0,0,0,0,0,0
11,7,7040404.0,2019,6,15,7,3,0,3,0,0,0,0,1,0,1,0,0
11,9,9051901.0,2019,6,12,7,3,6,4,0,0,1,1,0,0,0,0,0
11,4,4030931.0,2019,6,15,7,3,5,3,0,1,1,0,0,0,0,0,0
11,12,12214527.0,2019,6,12,7,3,5,7,0,0,1,0,0,0,0,0,0
11,12,12304314.0,2019,6,17,7,3,0,7,0,0,1,0,0,0,0,0,0
11,4,4030417.0,2019,6,18,7,3,1,5,0,1,1,0,0,0,0,0,0
11,4,4051448.0,2019,6,9,7,3,5,3,0,1,1,0,0,0,0,0,0
11,10,10040933.0,2019,6,18,7,3,0,1,0,0,0,0,1,0,0,0,0
11,9,9010401.0,2019,6,14,7,3,0,1,0,1,0,0,0,0,0,0,0
11,7,7030303.0,2019,6,21,7,2,9,1,0,0,0,0,1,0,0,0,0
11,4,4031032.0,2019,6,20,7,3,5,2,0,0,1,0,1,0,0,0,0
11,2,2010101.0,2019,6,13,7,2,6,7,0,0,1,1,0,0,0,0,0
11,5,5020627.0,2019,6,18,7,2,2,6,0,0,1,0,1,0,0,0,0
11,1,1033202.0,2019,6,13,7,3,0,1,0,1,0,0,0,0,0,0,0
11,7,7020203.0,2019,6,7,7,3,2,2,0,1,0,0,0,0,0,0,0
11,2,2050802.0,2019,6,15,7,2,5,2,0,1,0,0,0,0,1,0,0
11,4,4030623.0,2019,6,3,7,3,1,5,2,0,1,0,1,0,0,0,0
11,12,12103218.0,2019,6,11,7,3,0,2,0,0,1,0,0,0,1,0,0
11,8,8020728.0,2019,6,13,7,3,5,3,0,0,1,0,1,0,0,0,0
11,12,12301203.0,2019,6,12,7,2,5,3,0,1,1,0,0,0,0,0,0
11,12,12302110.0,2019,6,11,7,2,0,7,0,0,1,0,0,0,1,0,0
11,11,11030720.0,2019,6,11,7,3,0,7,0,1,0,0,0,0,0,0,0
11,9,9051701.0,2019,6,12,7,3,0,7,0,1,0,0,0,0,0,0,0
11,4,4030726.0,2019,6,3,7,3,5,3,1,0,1,0,1,0,0,0,0
11,9,9020701.0,2019,6,11,7,3,5,2,0,1,1,0,0,0,0,0,0
11,6,6040807.0,2019,6,21,7,3,5,3,2,0,1,0,0,0,0,0,0
11,3,3061131.0,2019,6,11,7,3,5,2,0,1,1,0,0,0,0,0,0
11,3,3040614.0,2019,6,9,7,3,0,1,0,1,0,0,0,0,0,0,0
11,6,6020301.0,2019,6,20,7,3,1,5,0,1,1,0,0,0,0,0,0
11,10,10040830.0,2019,6,20,7,3,2,2,0,1,1,0,0,0,0,0,0
11,12,12224230.0,2019,6,10,7,3,2,3,0,0,1,0,0,0,0,0,0
11,7,7010102.0,2019,6,10,7,3,7,7,0,1,0,0,0,0,1,0,0
11,2,2020206.0,2019,6,19,7,3,2,6,0,0,1,0,0,0,0,0,0
11,6,6010205.0,2019,6,2,7,3,0,1,2,1,0,0,0,0,0,0,0
11,4,4041134.0,2019,6,11,7,3,1,5,0,1,1,0,0,0,0,0,0
11,1,1011301.0,2019,6,16,6,3,0,1,0,1,0,0,0,0,0,0,0
11,6,6010102.0,2019,6,15,6,3,0,1,0,0,0,0,1,0,0,0,0
11,5,5020419.0,2019,6,19,7,2,6,4,0,0,1,1,0,0,0,0,0
11,4,4020311.0,2019,6,9,6,3,5,3,0,0,1,0,1,0,0,0,0
11,9,9041501.0,2019,6,19,7,3,5,3,0,1,1,0,0,0,0,0,0
11,9,9010401.0,2019,6,15,6,2,5,3,0,0,1,0,1,0,0,0,0
11,3,3061227.0,2019,6,18,7,2,5,3,0,0,1,0,0,0,0,0,0
11,4,4020311.0,2019,6,15,6,3,2,6,0,0,1,0,0,0,0,0,0
11,4,4051653.0,2019,6,18,7,3,5,2,0,1,1,0,0,0,0,0,0
11,5,5030730.0,2019,6,14,6,3,2,6,0,0,1,0,0,0,0,0,0
11,7,7030303.0,2019,6,14,6,3,0,6,0,0,1,0,1,0,0,0,0
11,5,5010101.0,2019,6,17,7,3,2,6,0,0,1,0,1,0,0,0,0
11,6,6010101.0,2019,6,17,7,3,5,3,0,1,1,0,0,0,0,0,0
11,4,4041344.0,2019,6,13,6,2,5,3,0,0,1,0,0,0,1,0,0
11,1,1011303.0,2019,6,9,6,3,6,4,0,0,1,1,0,0,0,0,0
11,1,1033201.0,2019,6,19,7,3,2,6,0,0,1,0,1,0,0,0,0
11,9,9041403.0,2019,6,12,6,3,5,3,0,1,1,0,0,0,0,0,0
11,3,3030715.0,2019,6,16,7,3,5,2,0,0,1,0,0,0,0,0,0
11,1,1022104.0,2019,6,14,6,3,2,6,0,0,1,0,0,0,0,0,0
11,2,2050801.0,2019,6,16,7,3,1,5,0,1,1,0,0,0,0,0,0
11,1,1011303.0,2019,6,16,6,3,4,6,0,1,0,0,0,0,0,0,0
11,5,5010314.0,2019,6,9,6,2,6,7,0,0,0,1,0,0,1,0,0
11,9,9051901.0,2019,6,15,6,3,2,6,0,0,1,0,0,0,0,0,0
11,4,4041137.0,2019,6,9,6,3,1,5,0,0,1,0,0,1,0,0,0
11,5,5010311.0,2019,6,16,6,3,0,1,0,1,0,0,0,0,0,0,0
11,12,12214424.0,2019,6,17,6,3,2,5,0,0,1,0,1,0,0,0,0
11,9,9041301.0,2019,6,9,6,3,5,3,0,1,1,0,0,0,0,0,0
11,1,1011302.0,2019,6,8,6,3,5,2,0,1,0,0,0,0,1,0,0
11,1,1011304.0,2019,6,9,6,3,5,2,0,1,1,0,0,0,0,0,0
11,5,5010208.0,2019,6,8,6,3,2,6,0,0,1,0,0,0,0,0,0
11,7,7040405.0,2019,6,11,6,3,6,4,0,1,0,1,0,0,0,0,0
11,1,1044202.0,2019,6,8,6,3,5,3,0,1,1,0,0,0,0,0,0
11,7,7010101.0,2019,6,19,6,3,5,7,0,0,1,0,1,0,0,0,0
11,3,3061430.0,2019,6,8,6,3,6,7,0,0,1,1,0,0,0,0,0
11,2,2020203.0,2019,6,18,6,3,5,3,0,1,1,0,0,0,0,0,0
11,7,7060603.0,2019,6,8,6,3,5,3,0,0,1,0,1,0,0,0,0
11,6,6040809.0,2019,6,7,6,3,5,2,0,0,1,0,1,0,0,0,0
11,12,12214125.0,2019,6,17,6,3,2,2,0,0,1,0,0,0,0,0,0
11,9,9020701.0,2019,6,17,6,3,5,2,0,1,1,0,0,0,0,0,0
11,6,6040804.0,2019,6,5,6,3,2,6,1,0,1,0,0,1,0,0,0
11,8,8010303.0,2019,6,23,6,3,1,5,2,1,1,0,0,0,0,0,0
11,3,3040614.0,2019,6,8,6,3,6,2,0,0,1,1,0,0,0,0,0
11,1,1011303.0,2019,6,21,6,3,6,4,1,0,1,1,0,0,0,0,0
11,4,4020313.0,2019,6,8,6,3,5,2,0,0,1,0,0,0,0,0,0
11,1,1011303.0,2019,6,20,6,3,5,2,1,0,1,0,0,0,0,0,0
11,2,2020203.0,2019,6,1,6,2,5,3,2,1,1,0,0,0,0,0,0
11,4,4020311.0,2019,6,8,6,3,5,2,0,1,1,0,0,0,0,0,0
11,1,1011201.0,2019,6,0,6,3,5,3,2,1,1,0,0,0,0,0,0
11,1,1011302.0,2019,6,18,6,2,0,7,0,1,0,0,0,0,0,0,0
11,10,10010309.0,2019,6,7,6,3,5,3,0,1,1,0,0,0,0,0,0
11,1,1011304.0,2019,6,18,6,3,6,4,0,0,1,1,0,0,0,0,0
11,11,11051229.0,2019,6,18,6,3,5,2,0,1,1,0,0,0,0,0,0
11,5,5020522.0,2019,6,7,6,3,3,6,0,0,1,0,1,0,0,0,0
11,7,7060604.0,2019,6,18,6,3,5,2,0,1,1,0,0,0,0,0,0
11,1,1011202.0,2019,6,6,6,3,5,2,0,1,1,0,0,0,0,0,0
11,1,1022103.0,2019,6,17,6,2,3,6,0,0,1,0,1,0,0,0,0
11,2,2050802.0,2019,6,3,6,3,1,5,2,1,1,0,0,0,0,0,0
11,2,2050801.0,2019,6,18,6,3,2,6,0,1,1,0,0,0,0,0,0
11,8,8010510.0,2019,6,17,6,3,1,5,0,1,1,0,0,0,1,0,0
11,2,2010104.0,2019,6,17,6,3,5,2,0,1,1,0,0,0,0,0,0
11,12,12231101.0,2019,6,17,6,3,2,6,0,0,1,0,0,0,0,0,0
11,5,5010313.0,2019,6,19,6,3,5,3,0,0,1,0,0,0,0,0,0
11,3,3020307.0,2019,6,7,6,3,5,3,0,0,1,1,0,0,0,0,0
11,7,7070704.0,2019,6,18,6,3,8,1,0,1,0,0,0,0,0,0,0
11,1,1033101.0,2019,6,9,6,3,3,6,0,1,0,0,0,1,0,0,0
11,7,7050501.0,2019,6,8,6,3,5,3,0,0,1,0,0,0,1,0,0
11,1,1011401.0,2019,6,17,5,2,2,6,0,1,0,0,0,0,0,0,0
11,6,6040806.0,2019,6,22,6,3,1,1,2,0,1,0,0,0,0,0,0
11,3,3061227.0,2019,6,8,5,3,5,3,0,1,1,0,0,0,0,0,0
11,1,1022106.0,2019,6,21,6,2,5,2,0,1,1,0,0,0,0,0,0
11,6,6040703.0,2019,6,17,5,2,5,3,0,0,1,0,0,0,0,0,0
11,12,12214422.0,2019,6,20,6,2,5,3,0,0,1,0,1,0,0,0,0
11,7,7040403.0,2019,6,17,5,3,0,6,0,0,1,0,1,0,0,0,0
11,10,10020621.0,2019,6,17,5,3,6,4,0,0,1,1,0,0,0,0,0
11,2,2010104.0,2019,6,18,6,2,6,4,0,1,0,1,0,0,0,0,0
11,8,8010303.0,2019,6,13,6,3,6,4,0,0,0,1,0,1,0,0,0
11,1,1044101.0,2019,6,13,1,3,1,5,0,1,1,0,0,0,0,0,0
11,8,8010117.0,2019,6,12,1,3,3,6,0,1,1,0,0,0,0,0,0
11,6,6040808.0,2019,6,18,1,3,2,6,0,0,1,0,0,0,0,0,0
11,5,5020625.0,2019,6,21,1,2,8,1,1,0,1,0,0,0,0,0,0
11,1,1011402.0,2019,6,18,1,3,0,1,0,0,0,0,1,0,0,0,0
11,11,11051330.0,2019,6,20,7,3,0,7,0,1,0,0,0,0,0,0,0
11,10,10040931.0,2019,6,15,7,3,0,1,0,0,0,0,1,0,0,0,0
11,6,6040703.0,2019,6,12,7,3,1,7,0,0,1,0,0,0,0,0,0
11,4,4020311.0,2019,6,19,7,3,2,2,0,0,1,0,0,0,1,0,0
11,8,8010509.0,2019,6,15,7,3,5,2,0,0,1,0,0,0,0,0,0
11,2,2010101.0,2019,6,15,7,3,5,3,0,0,1,0,0,0,0,0,0
11,8,8020620.0,2019,6,15,7,3,5,3,0,0,1,0,1,0,0,0,0
11,7,7050503.0,2019,6,16,7,3,5,2,0,0,1,0,1,0,0,0,0
11,11,11040925.0,2019,6,16,7,3,3,6,0,1,1,0,0,0,0,0,0
11,3,3040818.0,2019,6,17,7,3,5,3,0,1,1,0,0,0,0,0,0
11,8,8020622.0,2019,6,17,7,3,2,6,0,0,1,0,0,0,0,0,0
11,7,7010101.0,2019,6,19,7,3,5,3,0,1,1,0,0,0,0,0,0
11,4,4030931.0,2019,6,20,7,3,2,6,0,0,1,0,0,0,0,0,0
11,11,11030721.0,2019,6,20,7,3,5,3,0,1,0,0,0,0,1,0,0
11,11,11040925.0,2019,6,21,7,3,0,1,1,1,1,0,0,0,0,0,0
11,2,2010104.0,2019,6,21,7,3,2,6,1,0,1,0,1,0,0,0,0
11,1,1011302.0,2019,6,14,7,3,5,3,0,1,1,0,0,0,0,0,0
11,12,12214125.0,2019,6,12,7,3,1,1,0,0,1,0,0,0,0,0,0
11,10,10030724.0,2019,6,11,7,3,5,3,0,0,1,0,0,0,0,0,0
11,4,4031032.0,2019,6,11,7,3,0,5,0,0,1,0,0,0,1,0,0
11,6,6030501.0,2019,6,10,7,3,5,3,0,0,1,0,0,1,0,0,0
11,11,11051330.0,2019,6,16,7,3,5,2,0,0,0,0,0,0,1,0,0