LAND,BEZ,LOR_ab_2021,UJAHR,UMONAT,USTUNDE,UWOCHENTAG,UKATEGORIE,UART,UTYP1,ULICHTVERH,IstRad,IstPKW,IstFuss,IstKrad,IstGkfz,IstSonstige,USTRZUSTAND,lockdown
11,9,9031001.0,2019,6,10,7,3,5,3,0,0,1,0,1,0,0,0,0
11,11,11040926.0,2019,6,9,7,3,5,3,0,1,1,0,0,0,0,0,0
11,1,1033201.0,2019,6,2,7,3,6,4,2,0,0,1,0,0,1,0,0
11,10,10010204.0,2019,6,15,6,3,2,6,0,0,1,0,0,0,1,0,0
11,3,3020209.0,2019,6,18,6,3,0,7,0,1,0,0,0,0,1,0,0
11,8,8010301.0,2019,6,14,6,3,2,2,0,1,1,0,0,0,0,0,0
11,11,11051229.0,2019,6,14,6,3,3,6,0,0,1,0,0,1,0,0,0
11,5,5010101.0,2019,6,17,6,3,5,3,0,1,1,0,0,0,0,0,0
11,5,5010311.0,2019,6,16,6,2,1,5,0,1,1,0,0,0,0,0,0
11,5,5020419.0,2019,6,16,6,3,2,6,0,0,1,0,0,1,0,0,0
11,6,6010208.0,2019,6,16,6,2,3,6,0,1,1,0,0,0,0,0,0
11,2,2050803.0,2019,6,15,6,3,2,6,0,1,1,0,0,0,0,0,0
11,3,3051017.0,2019,6,13,6,3,1,5,0,1,1,0,0,0,0,0,0
11,1,1011303.0,2019,6,13,6,3,2,6,0,1,0,0,0,0,0,0,0
11,7,7030303.0,2019,6,13,6,3,5,2,0,0,1,0,0,0,0,0,0
11,3,3051021.0,2019,6,13,6,3,0,7,0,1,0,0,0,0,0,0,0
11,8,8010212.0,2019,6,18,6,3,5,2,0,0,1,0,0,0,0,0,0
11,1,1022104.0,2019,6,13,6,3,5,2,0,0,1,0,1,0,0,0,0
11,4,4030623.0,2019,6,13,6,3,2,6,0,0,1,0,0,0,0,0,0
11,2,2040701.0,2019,6,14,6,3,0,1,0,0,0,0,1,0,0,0,0
11,11,11010206.0,2019,6,15,6,3,2,6,0,0,1,0,0,0,1,0,0
11,1,1011304.0,2019,6,13,6,3,5,2,0,0,1,0,0,0,0,0,0
11,11,11051229.0,2019,6,13,6,3,0,7,0,0,0,0,1,0,0,1,0
11,2,2040701.0,2019,6,20,6,3,1,5,1,1,1,0,0,0,1,0,0
11,9,9041301.0,2019,6,19,6,3,3,6,0,1,0,0,0,0,1,0,0
11,10,10020517.0,2019,6,19,6,2,5,3,0,1,1,0,0,0,0,0,0
11,4,4051446.0,2019,6,19,6,3,1,5,0,1,0,0,0,1,0,0,0
11,8,8010118.0,2019,6,19,6,3,2,2,0,0,1,0,0,0,0,0,0
11,1,1033201.0,2019,6,19,6,3,5,2,0,1,0,0,0,0,1,0,0
11,2,2030302.0,2019,6,19,6,3,0,7,0,0,1,0,0,0,1,0,0
11,2,2020206.0,2019,6,7,6,3,1,5,0,1,1,0,0,0,1,0,0
11,2,2050802.0,2019,6,23,6,2,0,1,2,1,0,0,0,0,1,0,0
11,11,11020412.0,2019,6,7,6,2,5,2,0,1,1,0,0,0,0,0,0
11,9,9020602.0,2019,6,6,6,3,6,4,0,1,0,1,0,0,0,0,0
11,12,12214424.0,2019,6,5,6,3,5,3,0,0,1,0,0,0,0,0,0
11,8,8010510.0,2019,6,13,6,3,5,3,0,1,1,0,0,0,0,0,0
11,1,1022103.0,2019,6,13,6,3,2,2,0,0,1,0,0,0,1,0,0
11,1,1011303.0,2019,6,9,6,3,1,5,0,1,1,0,0,0,1,0,0
11,6,6030502.0,2019,6,12,6,3,5,3,0,1,1,0,0,0,0,0,0
11,5,5040936.0,2019,6,10,6,3,4,6,0,1,1,0,0,0,0,0,0
11,1,1011301.0,2019,6,11,6,3,6,4,0,1,0,1,0,0,0,0,0
11,6,6020301.0,2019,6,10,6,3,5,3,0,0,1,0,0,0,0,0,0
11,10,10040933.0,2019,6,9,6,3,5,3,0,1,1,0,0,0,0,0,0
11,9,9041501.0,2019,6,10,6,2,5,2,0,1,0,0,0,1,0,0,0
11,10,10040933.0,2019,6,9,6,3,5,3,0,1,1,0,0,0,0,0,0
11,1,1011103.0,2019,6,10,6,3,2,6,0,0,1,0,0,0,0,0,0
11,8,8010117.0,2019,6,3,6,3,3,6,2,0,1,0,1,0,0,1,0
11,2,2050802.0,2019,6,0,6,3,6,4,2,0,1,1,0,0,0,1,0
11,1,1022204.0,2019,6,11,6,2,1,5,0,1,1,0,0,0,1,0,0
11,7,7040403.0,2019,6,21,5,3,3,6,2,0,1,0,0,0,0,0,0
11,7,7030301.0,2019,6,13,5,3,4,6,0,1,1,0,0,0,0,0,0
11,1,1011101.0,2019,6,9,5,3,0,2,0,1,0,0,0,1,0,1,0
11,1,1022203.0,2019,6,9,5,3,0,1,0,1,0,0,0,0,0,1,0
11,4,4030415.0,2019,6,8,5,3,2,2,0,1,1,0,0,0,0,1,0
11,3,3040512.0,2019,6,21,5,3,5,3,2,0,1,0,0,0,0,1,0
11,2,2040701.0,2019,6,22,5,3,1,1,2,1,1,0,0,0,0,0,0
11,2,2020206.0,2019,6,23,5,3,0,3,1,1,0,0,1,0,0,0,0
11,8,8041035.0,2019,6,7,5,3,5,3,0,1,1,0,0,0,0,0,0
11,3,3061227.0,2019,6,7,5,3,2,6,0,0,1,0,0,0,0,0,0
11,1,1011301.0,2019,6,7,5,3,5,2,0,1,1,0,0,0,0,0,0
11,9,9020701.0,2019,6,6,5,3,5,3,0,1,1,0,0,0,0,0,0
11,9,9051901.0,2019,6,0,5,3,0,1,2,0,1,0,1,0,0,0,0
11,6,6040808.0,2019,6,23,5,1,0,1,2,1,0,0,0,0,0,0,0
11,4,4051652.0,2019,6,8,5,3,6,4,0,0,1,1,0,0,0,1,0
11,1,1044102.0,2019,6,8,5,3,5,3,0,1,1,0,0,0,0,1,0
11,9,9030901.0,2019,6,8,5,2,5,2,0,1,1,0,0,0,0,1,0
11,6,6020409.0,2019,6,2,5,3,1,1,2,0,1,0,0,0,0,1,0
11,2,2040703.0,2019,6,2,5,3,0,1,2,1,0,0,0,0,0,1,0
11,1,1011303.0,2019,6,20,5,2,6,4,0,0,1,1,0,0,0,0,0
11,9,9020501.0,2019,6,7,5,3,5,3,0,1,1,0,0,0,0,0,0
11,4,4030724.0,2019,6,13,5,3,5,7,0,1,1,0,0,0,0,0,0
11,2,2020205.0,2019,6,7,5,3,5,2,0,1,0,0,0,0,1,0,0
11,7,7040403.0,2019,6,13,5,3,5,3,0,0,1,0,0,0,1,0,0
11,1,1022103.0,2019,6,0,5,3,1,7,2,0,1,0,0,0,1,0,0
11,2,2040703.0,2019,6,17,5,3,5,5,0,1,1,0,0,0,0,0,0
11,8,8020619.0,2019,6,14,5,3,1,5,0,0,1,0,0,0,0,0,0
11,6,6020410.0,2019,6,16,5,3,2,6,0,0,1,0,1,0,0,0,0
11,3,3010101.0,2019,6,15,5,3,5,3,0,1,1,0,0,0,0,0,0
11,4,4030931.0,2019,6,16,5,3,1,5,0,1,1,0,0,0,0,0,0
11,4,4031032.0,2019,6,13,5,3,3,6,0,0,1,0,1,0,0,0,0
11,12,12224230.0,2019,6,12,5,3,5,3,0,0,1,0,1,0,0,0,0
11,6,6020411.0,2019,6,16,5,3,5,2,0,0,1,0,0,0,0,0,0
11,9,9020701.0,2019,6,16,5,3,5,3,0,1,1,0,0,0,0,0,0
11,2,2030301.0,2019,6,11,5,3,5,3,0,0,1,0,0,0,0,0,0
11,5,5020625.0,2019,6,15,5,3,5,2,0,1,1,0,0,0,0,0,0
11,9,9041301.0,2019,6,12,5,2,5,3,0,0,1,0,1,0,0,0,0
11,4,4030930.0,2019,6,19,5,3,6,4,0,0,1,1,0,0,0,0,0
11,5,5030832.0,2019,6,11,5,3,5,7,0,0,1,0,1,0,0,0,0
11,8,8010404.0,2019,6,15,5,3,5,3,0,1,1,0,0,0,0,0,0
11,2,2030302.0,2019,6,19,5,3,2,5,0,1,1,0,0,0,0,0,0
11,11,11051330.0,2019,6,11,4,3,5,2,0,1,1,0,0,0,0,0,0
11,8,8010404.0,2019,6,8,4,3,1,5,0,1,1,0,0,0,0,0,0
11,8,8020622.0,2019,6,11,5,3,5,3,0,0,1,0,0,0,0,1,0
11,4,4051445.0,2019,6,11,5,3,6,4,0,0,1,1,0,0,0,1,0
11,2,2010102.0,2019,6,13,4,3,6,4,0,0,1,1,0,0,0,0,0
11,8,8020622.0,2019,6,18,5,2,6,4,0,0,1,1,0,0,0,0,0
11,4,4030724.0,2019,6,16,4,3,6,4,0,1,0,1,0,0,0,0,0
11,1,1033102.0,2019,6,10,5,3,3,6,0,1,1,0,0,0,0,0,0
11,7,7030301.0,2019,6,15,4,3,3,2,0,0,1,0,1,0,0,0,0
11,2,2030402.0,2019,6,7,5,3,0,6,0,1,0,0,0,1,0,0,0
11,3,3040818.0,2019,6,15,4,2,1,5,0,1,1,0,0,0,0,0,0
11,7,7030301.0,2019,6,15,4,3,5,2,0,0,1,0,0,0,0,0,0
11,6,6040809.0,2019,6,10,5,3,5,2,0,1,1,0,0,0,0,0,0
11,1,1011302.0,2019,6,15,4,3,3,6,0,0,1,0,1,0,0,0,0
11,1,1022204.0,2019,6,9,5,2,6,4,0,0,1,1,0,0,0,1,0
11,1,1011204.0,2019,6,14,4,3,2,6,0,1,0,0,0,0,1,0,0
11,7,7040403.0,2019,6,18,5,3,2,2,0,0,1,0,0,0,0,0,0
11,4,4030519.0,2019,6,14,4,3,5,2,0,1,1,0,0,0,0,0,0
11,7,7020202.0,2019,6,17,5,3,2,6,0,0,1,0,0,0,0,0,0
11,4,4051652.0,2019,6,13,4,3,5,5,0,1,1,0,0,0,0,0,0
11,1,1011401.0,2019,6,13,4,2,0,2,0,1,1,0,0,0,0,0,0
11,1,1044201.0,2019,6,18,5,3,5,3,0,0,1,0,0,0,0,0,0
11,2,2030301.0,2019,6,17,5,3,5,2,0,1,0,0,0,0,1,0,0
11,2,2050801.0,2019,6,13,4,3,6,4,0,0,1,1,0,0,0,0,0
11,1,1044201.0,2019,6,13,4,3,5,2,0,0,1,0,0,0,0,0,0
11,1,1044101.0,2019,6,17,5,3,2,2,0,0,1,0,1,0,0,0,0
11,1,1011302.0,2019,6,12,4,3,5,5,0,0,1,0,1,0,0,0,0
11,7,7010101.0,2019,6,12,4,3,5,2,0,1,1,0,0,0,0,0,0
11,4,4010101.0,2019,6,18,5,2,6,4,0,0,1,1,0,0,0,0,0
11,1,1022103.0,2019,6,9,5,3,0,6,0,0,1,0,1,0,0,0,0
11,4,4030931.0,2019,6,22,4,3,6,4,2,0,0,1,1,0,0,0,0
11,4,4010102.0,2019,6,16,5,3,5,7,0,0,1,0,1,0,0,0,0
11,12,12301204.0,2019,6,22,4,3,1,5,2,0,1,0,0,0,0,0,0
11,2,2050803.0,2019,6,9,5,3,3,6,0,0,1,0,0,0,1,1,0
11,9,9041301.0,2019,6,21,4,3,5,3,1,0,1,0,1,0,0,0,0
11,7,7040401.0,2019,6,9,5,3,0,4,0,0,0,1,0,0,1,0,0
11,1,1011302.0,2019,6,20,4,3,3,6,1,1,1,0,0,0,0,0,0
11,4,4010101.0,2019,6,19,4,3,5,3,0,0,1,0,0,0,0,0,0
11,9,9051901.0,2019,6,9,5,3,1,1,0,1,1,0,0,0,0,1,0
11,2,2010102.0,2019,6,19,4,3,5,2,0,1,1,0,0,0,0,0,0
11,1,1033102.0,2019,6,8,5,3,0,2,0,0,1,0,1,0,0,1,0
11,4,4031032.0,2019,6,18,4,3,6,4,0,1,0,1,0,0,0,0,0
11,9,9020601.0,2019,6,17,5,3,5,2,0,1,1,0,0,0,0,0,0
11,5,5010101.0,2019,6,17,4,3,2,6,0,0,1,0,0,0,0,0,0
11,1,1033203.0,2019,6,10,5,3,0,1,0,0,0,0,1,0,0,1,0
11,6,6040810.0,2019,6,17,4,3,5,2,0,1,1,0,0,0,0,0,0
11,1,1011301.0,2019,6,17,4,3,1,5,0,1,1,0,0,0,0,0,0
11,3,3061131.0,2019,6,16,5,3,4,1,0,0,1,0,0,0,0,1,0
11,4,4010103.0,2019,6,15,5,3,3,6,0,0,1,0,0,0,0,0,0
11,10,10010308.0,2019,6,10,4,3,0,2,0,0,1,0,1,0,0,0,0
11,2,2040503.0,2019,6,10,4,3,2,6,0,0,1,0,1,0,0,0,0
11,1,1011303.0,2019,6,15,5,3,6,4,0,0,1,1,0,0,0,0,0
11,9,9010101.0,2019,6,9,4,3,2,6,0,1,1,0,0,0,0,0,0
11,4,4020310.0,2019,6,15,5,3,0,2,0,1,1,0,0,0,0,0,0
11,6,6020304.0,2019,6,9,4,3,6,2,0,0,1,1,0,0,0,0,0
11,3,3040614.0,2019,6,8,4,3,1,1,0,0,1,0,0,0,1,0,0
11,2,2030302.0,2019,6,8,4,3,2,6,0,1,0,0,0,0,0,0,0
11,3,3061429.0,2019,6,8,5,3,0,1,0,1,0,0,0,0,0,1,0
11,1,1011303.0,2019,6,8,4,3,5,2,0,1,1,0,0,0,0,0,0
11,1,1033201.0,2019,6,18,4,2,5,3,0,0,1,0,0,0,0,0,0
11,11,11030720.0,2019,6,8,4,3,2,6,0,0,1,0,0,0,0,0,0
11,3,3010102.0,2019,6,8,4,3,5,3,0,1,1,0,0,0,0,0,0
11,2,2020206.0,2019,6,14,4,3,0,3,0,1,0,0,0,0,0,1,0
11,10,10020412.0,2019,6,7,4,3,2,6,0,0,1,0,0,0,0,0,0
11,1,1011301.0,2019,6,7,4,3,1,5,0,1,1,0,0,0,0,0,0
11,4,4030519.0,2019,6,23,4,3,0,1,2,0,1,0,1,0,0,0,0
11,7,7050505.0,2019,6,7,4,3,2,6,0,0,1,0,0,0,0,0,0
11,7,7050505.0,2019,6,21,4,3,6,4,0,0,0,1,0,0,1,0,0
11,3,3061430.0,2019,6,6,4,3,6,4,0,1,0,1,0,0,0,0,0
11,2,2020203.0,2019,6,4,4,3,3,6,1,0,1,0,0,0,0,0,0
11,8,8010508.0,2019,6,20,4,3,5,3,0,0,1,0,0,0,0,0,0
11,12,12214527.0,2019,6,19,4,3,5,3,0,0,1,0,1,0,0,0,0
11,7,7040405.0,2019,6,12,4,2,5,3,0,1,0,0,0,0,1,0,0
11,3,3040513.0,2019,6,11,4,3,0,2,0,0,1,0,1,0,0,0,0
11,1,1044202.0,2019,6,18,4,3,1,5,0,1,1,0,0,0,0,0,0
11,1,1011306.0,2019,6,11,4,3,6,7,0,0,0,1,0,0,1,0,0
11,10,10010204.0,2019,6,17,4,3,5,3,0,1,1,0,0,0,0,0,0
11,2,2010101.0,2019,6,10,4,3,3,6,0,1,0,0,0,0,0,0,0
11,1,1022206.0,2019,6,22,4,3,0,2,2,0,1,0,0,0,1,0,0
11,10,10010310.0,2019,6,10,4,3,0,2,0,0,1,0,0,0,1,0,0
11,1,1011204.0,2019,6,9,4,3,5,2,0,0,1,0,0,0,0,0,0
11,4,4051445.0,2019,6,10,4,3,5,3,0,1,0,0,0,0,0,0,0
11,6,6010101.0,2019,6,13,4,3,5,3,0,0,1,0,0,0,1,0,0
11,5,5020625.0,2019,6,9,4,2,5,2,0,0,1,0,0,0,0,0,0
11,1,1011304.0,2019,6,18,4,3,0,7,0,1,0,0,0,0,0,0,0
11,1,1022101.0,2019,6,11,3,3,3,6,0,0,0,0,1,0,1,0,0
11,1,1044201.0,2019,6,9,4,3,2,6,0,0,1,0,0,0,0,0,0
11,1,1022201.0,2019,6,10,3,3,5,2,0,1,1,0,0,0,0,0,0
11,5,5030833.0,2019,6,8,4,3,5,2,0,1,1,0,0,0,0,0,0
11,8,8010404.0,2019,6,21,3,3,1,5,0,1,1,0,0,0,0,0,0
11,7,7060604.0,2019,6,7,4,3,1,5,0,1,1,0,0,0,0,0,0
11,2,2050802.0,2019,6,20,3,3,2,6,0,0,1,0,0,0,0,0,0
11,6,6010103.0,2019,6,7,4,3,1,5,0,0,0,0,1,0,1,0,0
11,4,4010101.0,2019,6,13,3,3,2,6,0,0,0,0,1,1,0,0,0
11,7,7070704.0,2019,6,13,3,3,5,2,0,1,1,0,0,0,0,0,0
11,10,10040933.0,2019,6,7,4,3,5,3,0,1,1,0,0,0,0,0,0
11,2,2040701.0,2019,6,10,3,3,3,6,0,0,1,0,0,0,1,0,0
11,6,6040806.0,2019,6,7,4,3,5,3,0,1,0,0,0,0,0,0,0
11,12,12103117.0,2019,6,13,3,3,5,3,0,1,1,0,0,0,0,0,0
11,5,5020417.0,2019,6,12,3,3,5,2,0,1,0,0,0,1,0,0,0
11,9,9020802.0,2019,6,7,4,2,5,2,0,1,1,0,0,0,0,0,0
11,2,2050803.0,2019,6,11,3,3,3,6,0,0,1,0,0,0,1,0,0
11,2,2040703.0,2019,6,6,4,3,5,2,0,0,1,0,0,0,0,0,0
11,10,10020622.0,2019,6,11,3,2,3,6,0,1,0,0,0,0,1,0,0
11,7,7040401.0,2019,6,1,4,3,2,6,2,1,1,0,0,0,0,0,0
11,1,1044103.0,2019,6,10,3,2,5,5,0,0,1,0,1,0,0,0,0
11,3,3051021.0,2019,6,7,4,3,0,7,0,1,0,0,0,0,0,0,0
11,1,1033201.0,2019,6,10,3,3,2,6,0,0,1,0,0,0,0,0,0
11,4,4020310.0,2019,6,19,3,3,4,2,0,0,1,0,0,0,0,0,0
11,8,8020625.0,2019,6,16,4,3,5,2,0,1,0,0,0,0,1,0,0
11,2,2010103.0,2019,6,16,4,3,5,3,0,1,1,0,0,0,0,0,0
11,2,2020204.0,2019,6,8,3,3,5,2,0,1,1,0,0,0,0,0,0
11,7,7020202.0,2019,6,15,4,3,1,5,0,1,1,0,0,0,0,0,0
11,3,3050920.0,2019,6,8,3,3,5,3,0,1,1,0,0,0,0,0,0
11,11,11020412.0,2019,6,13,4,3,6,4,0,0,0,1,0,0,1,0,0
11,2,2020205.0,2019,6,8,3,3,5,2,0,1,0,0,0,0,0,0,0
11,12,12103219.0,2019,6,15,4,3,5,2,0,0,1,0,0,0,0,0,0
11,1,1011304.0,2019,6,19,3,3,5,2,0,1,1,0,0,0,0,0,0
11,1,1011401.0,2019,6,8,3,3,0,1,0,1,0,0,0,0,0,0,0
11,1,1033102.0,2019,6,15,4,3,1,5,0,1,1,0,0,0,0,0,0
11,6,6020304.0,2019,6,8,3,2,5,7,0,0,1,0,0,0,0,0,0
11,1,1033201.0,2019,6,14,4,2,5,2,0,0,1,0,1,0,0,0,0
11,1,1011401.0,2019,6,8,3,3,0,1,0,1,0,0,0,0,0,0,0
11,8,8020620.0,2019,6,11,4,3,3,2,0,1,1,0,0,0,0,0,0
11,8,8020619.0,2019,6,18,3,3,5,2,0,1,0,0,0,0,1,0,0
11,4,4030931.0,2019,6,12,4,3,2,6,0,1,1,0,0,0,0,0,0
11,2,2010102.0,2019,6,18,3,3,5,2,0,1,1,0,0,0,0,0,0
11,9,9010302.0,2019,6,18,3,3,5,2,0,0,1,0,1,0,0,0,0
11,8,8010118.0,2019,6,11,4,2,5,2,0,0,1,0,1,0,0,0,0
11,2,2040502.0,2019,6,18,3,3,5,2,0,1,0,0,0,1,0,0,0
11,9,9020802.0,2019,6,11,4,3,2,6,0,0,1,0,0,0,0,0,0
11,9,9020601.0,2019,6,18,3,2,5,2,0,1,1,0,0,0,0,0,0
11,9,9020602.0,2019,6,10,4,3,5,3,0,1,1,0,0,0,0,0,0
11,1,1011203.0,2019,6,17,3,2,5,7,0,1,1,0,0,0,0,0,0
11,4,4010101.0,2019,6,10,4,3,2,6,0,0,1,0,0,0,1,0,0
11,10,10030724.0,2019,6,13,3,3,5,3,0,1,1,0,0,0,0,0,0
11,5,5030731.0,2019,6,15,3,3,6,2,0,0,1,1,0,0,0,0,0
11,6,6020411.0,2019,6,10,4,3,5,3,0,0,1,0,1,0,0,0,0
11,7,7040405.0,2019,6,10,4,3,0,5,0,0,1,0,0,0,0,0,0
11,9,9041403.0,2019,6,16,3,2,5,3,0,1,0,0,0,1,0,0,0
11,6,6020303.0,2019,6,16,3,3,2,6,0,0,1,0,0,1,0,0,0
11,1,1011306.0,2019,6,9,4,3,5,3,0,1,0,0,1,0,0,0,0
11,2,2020204.0,2019,6,16,3,3,2,2,0,0,1,0,0,0,0,0,0
11,8,8030831.0,2019,6,13,3,3,2,6,0,0,1,0,0,0,0,0,0
11,7,7040403.0,2019,6,16,3,3,0,2,0,1,1,0,0,0,0,0,0
11,3,3061126.0,2019,6,15,3,2,0,1,0,1,0,0,0,0,0,0,0
11,3,3040614.0,2019,6,10,3,3,5,3,0,1,1,0,0,0,0,0,0
11,7,7040402.0,2019,6,15,3,2,3,6,0,0,0,0,1,1,0,0,0
11,4,4030827.0,2019,6,15,3,3,5,2,0,0,1,0,0,0,0,0,0
11,2,2010104.0,2019,6,16,3,3,6,7,0,1,0,1,0,0,0,0,0
11,5,5020625.0,2019,6,14,3,3,5,3,0,1,1,0,0,0,0,0,0
11,7,7040405.0,2019,6,11,3,3,1,5,0,1,1,0,0,0,0,0,0
11,1,1011305.0,2019,6,8,3,3,0,5,0,0,1,0,1,0,0,0,0
11,4,4030623.0,2019,6,7,3,2,1,5,0,1,1,0,0,0,0,0,0
11,4,4030518.0,2019,6,0,3,3,1,1,2,0,1,0,0,0,0,0,0
11,11,11020513.0,2019,6,6,3,3,2,6,0,0,1,0,0,1,0,0,0
11,2,2010103.0,2019,6,18,3,3,5,2,0,1,1,0,0,0,0,0,0
11,1,1011402.0,2019,6,1,3,3,0,1,2,0,0,0,0,0,1,0,0
11,2,2010103.0,2019,6,19,2,3,5,2,0,1,0,0,1,0,0,0,0
11,3,3040512.0,2019,6,3,3,3,0,1,2,0,0,0,1,0,0,0,0
11,4,4030931.0,2019,6,15,3,3,0,4,0,1,0,1,0,0,0,0,0
11,8,8010214.0,2019,6,11,2,3,2,6,0,0,1,0,0,1,0,0,0
11,1,1011303.0,2019,6,19,2,3,5,3,0,0,1,0,0,0,1,0,0
11,4,4051655.0,2019,6,9,3,3,5,3,0,1,0,0,0,0,0,0,0
11,4,4030827.0,2019,6,15,2,3,3,2,0,1,0,0,0,0,1,0,0
11,3,3061227.0,2019,6,15,3,3,6,4,0,1,0,1,0,0,0,0,0
11,1,1044202.0,2019,6,18,2,3,6,4,0,1,0,1,0,0,0,0,0
11,6,6010206.0,2019,6,18,2,3,5,2,0,1,1,0,0,0,0,0,0
11,1,1011305.0,2019,6,15,3,3,2,6,0,0,1,0,0,0,0,0,0
11,12,12301206.0,2019,6,14,2,3,5,3,0,1,0,0,0,0,1,0,0
11,5,5010101.0,2019,6,16,2,3,5,3,0,1,1,0,0,0,0,0,0
11,8,8010404.0,2019,6,20,3,3,1,5,1,1,1,0,0,0,0,0,0
11,3,3030405.0,2019,6,16,2,2,5,3,0,1,0,0,0,0,0,0,0
11,8,8010214.0,2019,6,16,3,3,5,3,0,0,1,0,0,0,0,0,0
11,2,2020206.0,2019,6,20,2,3,3,6,0,0,1,0,0,0,0,0,0
11,1,1044101.0,2019,6,17,2,3,5,2,0,1,1,0,0,0,0,0,0
11,6,6020305.0,2019,6,16,3,3,5,7,0,1,0,0,0,0,0,0,0
11,1,1044203.0,2019,6,16,3,3,6,4,0,0,0,1,0,0,1,0,0
11,7,7070705.0,2019,6,18,2,3,5,5,0,1,1,0,0,0,0,0,0
11,10,10010207.0,2019,6,17,2,3,4,6,0,1,0,0,0,0,0,0,0
11,1,1022205.0,2019,6,16,3,3,0,6,0,1,0,0,0,0,1,0,0
11,4,4030827.0,2019,6,17,2,3,5,3,0,0,1,0,0,0,0,0,0
11,11,11020514.0,2019,6,15,3,3,3,6,0,1,1,0,0,0,0,0,0
11,1,1022104.0,2019,6,17,2,3,2,6,0,0,1,0,1,0,0,0,0
11,7,7010102.0,2019,6,16,2,3,3,6,0,0,1,0,1,0,0,0,0
11,4,4030930.0,2019,6,10,2,3,5,2,0,0,1,0,1,0,0,0,0
11,7,7060604.0,2019,6,14,3,3,5,2,0,0,1,0,1,0,0,0,0
11,7,7040401.0,2019,6,9,2,3,5,3,0,0,1,0,0,0,0,0,0
11,8,8020619.0,2019,6,15,3,3,5,7,0,0,1,0,0,0,1,0,0
11,2,2020206.0,2019,6,18,2,2,2,6,0,0,1,0,1,0,0,0,0
11,3,3071639.0,2019,6,15,3,3,6,4,0,0,1,1,0,0,0,0,0
11,1,1044202.0,2019,6,8,2,3,5,2,0,1,0,0,0,0,1,0,0
11,10,10030726.0,2019,6,15,3,3,5,2,0,1,1,0,0,0,0,0,0
11,1,1033102.0,2019,6,17,2,2,6,4,0,0,1,1,0,0,0,0,0
11,7,7040403.0,2019,6,15,3,3,2,6,0,0,0,0,1,0,1,0,0
11,4,4030827.0,2019,6,18,2,3,2,6,0,0,1,0,0,0,0,0,0
11,1,1033102.0,2019,6,15,3,2,0,1,0,1,0,0,0,0,0,0,0
11,5,5020626.0,2019,6,18,2,3,5,3,0,0,1,0,0,0,0,0,0
11,9,9010302.0,2019,6,16,2,3,5,2,0,0,0,0,1,0,1,0,0
11,4,4030930.0,2019,6,16,3,3,6,7,0,0,1,1,0,0,0,0,0
11,7,7040401.0,2019,6,18,2,3,2,6,0,0,1,0,0,0,0,0,0
11,1,2010102.0,2019,6,11,3,3,6,4,0,0,1,1,0,0,0,0,0
11,12,12304314.0,2019,6,15,2,2,1,5,0,0,1,0,0,0,0,0,0
11,1,1011305.0,2019,6,15,2,3,5,2,0,1,1,0,0,0,0,0,0
11,7,7070701.0,2019,6,13,3,3,1,7,0,0,1,0,0,0,0,0,0
11,6,6040810.0,2019,6,15,2,3,5,2,0,0,1,0,0,0,0,0,0
11,7,7030303.0,2019,6,12,3,3,5,3,0,0,1,0,0,0,0,0,0
11,12,12214421.0,2019,6,8,2,3,5,2,0,1,1,0,0,0,0,0,0
11,9,9031101.0,2019,6,12,3,3,5,2,0,0,1,0,1,0,0,0,0
11,7,7030301.0,2019,6,10,2,3,5,2,0,0,1,0,1,0,0,0,0
11,2,2030302.0,2019,6,12,3,3,5,3,0,0,1,0,1,0,0,0,0
11,4,4030930.0,2019,6,15,2,3,5,7,0,0,1,0,0,0,0,0,0
11,7,7010101.0,2019,6,15,2,3,5,3,0,0,1,0,0,0,0,0,0
11,10,10030727.0,2019,6,12,3,3,0,7,0,0,1,0,0,0,0,0,0
11,12,12302108.0,2019,6,12,3,3,5,3,0,0,1,0,0,0,0,0,0
11,7,7040403.0,2019,6,15,2,3,2,6,0,0,1,0,0,0,1,0,0
11,10,10010102.0,2019,6,11,3,3,5,5,0,0,1,0,0,0,0,0,0
11,2,2050602.0,2019,6,6,2,3,2,7,0,0,1,0,1,0,0,0,0
11,9,9010301.0,2019,6,21,3,3,6,2,2,0,1,1,0,0,0,0,0
11,3,3050919.0,2019,6,6,2,3,5,2,0,1,0,0,0,0,1,0,0
11,3,3061332.0,2019,6,7,2,3,2,7,0,1,0,0,0,0,1,0,0
11,11,11030618.0,2019,6,19,3,3,5,3,0,1,0,0,0,0,0,0,0
11,2,2010103.0,2019,6,18,3,3,2,6,0,1,1,0,0,0,0,0,0
11,4,4030620.0,2019,6,14,2,3,5,2,0,0,1,0,0,0,0,0,0
11,7,7040405.0,2019,6,16,2,3,2,6,0,0,1,0,0,0,1,0,0
11,8,8010118.0,2019,6,19,3,3,0,6,0,0,1,0,0,0,1,0,0
11,6,6040810.0,2019,6,14,2,3,3,6,0,0,1,0,1,0,0,0,0
11,8,8010115.0,2019,6,19,3,2,6,4,0,0,1,1,0,0,0,0,0
11,2,2020206.0,2019,6,13,2,3,6,7,0,0,0,1,0,0,1,0,0
11,12,12304314.0,2019,6,12,2,3,0,2,0,0,1,0,1,0,0,0,0
11,4,4041342.0,2019,6,18,3,3,5,2,0,0,1,0,0,0,0,0,0
11,3,3010104.0,2019,6,11,2,3,3,6,0,0,1,0,0,0,0,0,0
11,5,5020417.0,2019,6,18,3,3,3,6,0,0,1,0,0,0,0,0,0
11,1,1011302.0,2019,6,23,2,2,6,2,2,0,1,1,0,0,0,0,0