LAND,BEZ,LOR_ab_2021,UJAHR,UMONAT,USTUNDE,UWOCHENTAG,UKATEGORIE,UART,UTYP1,ULICHTVERH,IstRad,IstPKW,IstFuss,IstKrad,IstGkfz,IstSonstige,USTRZUSTAND,lockdown
11,8,8010118.0,2019,7,17,1,3,6,4,0,0,0,1,1,0,0,0,0
11,10,10040933.0,2019,7,10,1,3,8,1,0,0,1,0,0,0,0,0,0
11,1,1044203.0,2019,7,20,1,3,6,4,1,1,0,1,0,0,0,0,0
11,12,12214424.0,2019,7,13,7,3,0,3,0,0,1,0,1,0,0,0,0
11,2,2040703.0,2019,7,15,7,3,0,1,0,0,1,0,0,0,0,1,0
11,9,9010302.0,2019,7,3,7,2,9,1,1,0,0,0,1,0,0,0,0
11,4,4030931.0,2019,7,0,7,3,3,6,2,0,1,0,0,0,0,0,0
11,6,6040810.0,2019,7,18,7,3,3,6,0,1,1,0,0,0,0,1,0
11,7,7010104.0,2019,7,23,7,3,6,4,2,0,1,1,0,0,0,1,0
11,7,7070704.0,2019,7,22,7,2,0,2,2,0,1,0,1,0,0,1,0
11,10,10030724.0,2019,7,21,7,3,5,2,2,1,1,0,0,0,0,1,0
11,8,8010213.0,2019,7,21,7,3,6,2,1,0,1,1,0,0,0,1,0
11,2,2030301.0,2019,7,19,7,3,5,7,0,0,1,0,1,0,0,0,0
11,9,9020802.0,2019,7,18,7,2,5,7,0,0,1,0,0,0,0,0,0
11,1,1011301.0,2019,7,17,7,3,6,2,0,0,1,1,0,0,0,0,0
11,6,6010206.0,2019,7,16,7,3,2,6,0,1,1,0,0,0,0,1,0
11,1,1033102.0,2019,7,16,7,3,1,5,0,0,1,0,0,0,0,1,0
11,7,7010104.0,2019,7,15,7,3,0,1,0,0,1,0,1,0,0,1,0
11,1,1044101.0,2019,7,14,7,3,5,3,0,1,1,0,0,0,0,1,0
11,12,12224230.0,2019,7,14,7,3,2,6,0,0,1,0,0,0,0,0,0
11,6,6040701.0,2019,7,14,7,3,6,4,0,0,1,1,0,0,0,0,0
11,5,5010207.0,2019,7,13,7,3,5,2,0,0,1,0,1,0,0,0,0
11,5,5010103.0,2019,7,13,7,3,5,3,0,0,1,0,0,0,0,0,0
11,11,11030721.0,2019,7,13,7,3,0,1,0,1,0,0,0,0,0,0,0
11,7,7010104.0,2019,7,12,7,3,5,2,0,1,1,0,0,0,0,0,0
11,8,8010404.0,2019,7,12,7,3,5,2,0,0,1,0,0,0,0,0,0
11,4,4051654.0,2019,7,11,7,3,2,3,0,0,1,0,0,0,0,0,0
11,6,6040810.0,2019,7,8,7,3,0,2,0,1,1,0,0,0,0,0,0
11,1,1022106.0,2019,7,7,7,3,6,2,0,0,1,1,0,0,0,0,0
11,4,4030930.0,2019,7,10,7,3,3,6,0,1,1,0,0,0,0,0,0
11,9,9010401.0,2019,7,12,7,3,2,6,0,0,1,0,0,0,1,0,0
11,10,10040933.0,2019,7,8,6,2,5,3,0,1,1,0,0,0,0,1,0
11,4,4030931.0,2019,7,14,6,3,1,5,0,0,1,0,0,0,0,0,0
11,10,10030727.0,2019,7,10,6,3,5,3,0,0,1,0,0,0,0,1,0
11,7,7020202.0,2019,7,11,6,3,6,7,0,0,1,1,0,0,0,0,0
11,8,8010211.0,2019,7,21,6,3,0,5,2,0,1,0,0,0,0,0,0
11,3,3061126.0,2019,7,17,6,3,5,2,0,1,1,0,0,0,0,0,0
11,1,1022206.0,2019,7,17,6,3,3,6,0,1,0,0,0,0,1,1,0
11,6,6030503.0,2019,7,17,6,3,5,2,0,1,1,0,0,0,0,0,0
11,10,10010310.0,2019,7,17,4,3,2,2,0,0,1,0,0,0,0,0,0
11,4,4051655.0,2019,7,8,4,3,5,3,0,1,0,0,0,0,1,0,0
11,5,5010204.0,2019,7,15,6,3,5,2,0,1,1,0,0,0,0,1,0
11,6,6030609.0,2019,7,14,6,3,2,6,0,0,1,0,0,0,0,0,0
11,3,3010102.0,2019,7,14,6,2,5,3,0,0,1,0,1,0,0,1,0
11,1,1033102.0,2019,7,14,6,3,2,6,0,0,1,0,0,0,0,1,0
11,12,12214125.0,2019,7,14,6,3,2,2,0,0,1,0,0,0,1,1,0
11,12,12302107.0,2019,7,13,6,3,2,6,0,0,1,0,0,0,0,1,0
11,1,1022106.0,2019,7,12,6,3,2,6,0,0,1,0,0,0,0,1,0
11,2,2040703.0,2019,7,12,6,3,6,7,0,1,0,0,0,0,1,1,0
11,10,10010311.0,2019,7,16,6,3,2,6,0,0,1,0,0,0,0,0,0
11,10,10010308.0,2019,7,12,6,3,5,3,0,0,1,0,0,0,1,1,0
11,10,10020412.0,2019,7,12,6,3,5,3,0,1,1,0,0,0,0,1,0
11,7,7060604.0,2019,7,11,6,3,5,2,0,0,1,0,0,0,0,0,0
11,12,12301203.0,2019,7,10,6,2,5,3,0,0,1,0,0,0,0,1,0
11,7,7010104.0,2019,7,10,6,3,0,1,0,1,0,0,0,0,0,1,0
11,11,11040926.0,2019,7,12,6,3,1,5,0,1,1,0,0,0,0,1,0
11,12,12304314.0,2019,7,10,6,3,8,1,0,0,1,0,0,0,0,1,0
11,3,3040614.0,2019,7,16,6,3,2,6,0,0,1,0,0,0,0,1,0
11,4,4030623.0,2019,7,15,6,3,5,7,0,0,1,0,0,0,0,1,0
11,1,1011101.0,2019,7,10,6,3,0,1,0,0,0,0,1,0,0,1,0
11,3,3010102.0,2019,7,10,6,3,0,3,0,0,1,0,1,0,0,1,0
11,7,7030301.0,2019,7,9,6,3,1,5,0,1,1,0,0,0,0,1,0
11,4,4051549.0,2019,7,9,6,3,2,6,0,0,1,0,0,0,1,1,0
11,5,5010103.0,2019,7,8,6,3,2,6,0,0,1,0,0,0,0,1,0
11,1,1011204.0,2019,7,9,6,3,0,7,0,1,1,0,0,0,0,0,0
11,7,7050504.0,2019,7,8,6,2,9,1,0,0,1,0,0,0,0,1,0
11,4,4031032.0,2019,7,8,6,3,0,1,0,0,0,0,1,0,0,1,0
11,7,7040404.0,2019,7,8,6,3,5,2,0,0,1,0,0,0,1,1,0
11,1,1011105.0,2019,7,7,6,3,2,6,0,0,1,0,0,1,0,1,0
11,10,10020413.0,2019,7,7,6,3,5,3,0,0,1,0,0,0,0,1,0
11,12,12304314.0,2019,7,7,6,3,2,6,0,0,1,0,0,0,0,1,0
11,1,1011401.0,2019,7,6,6,2,5,2,0,0,1,0,1,0,0,1,0
11,5,5020626.0,2019,7,6,6,3,5,3,0,0,1,0,0,0,0,1,0
11,2,2020204.0,2019,7,1,6,3,0,3,2,1,1,0,0,0,0,0,0
11,4,4030827.0,2019,7,16,6,3,2,7,0,1,1,0,0,0,0,0,0
11,2,2020202.0,2019,7,9,5,3,5,2,0,1,0,0,0,0,0,0,0
11,2,2040702.0,2019,7,14,5,3,6,7,0,0,0,1,0,0,1,0,0
11,2,2040701.0,2019,7,14,5,3,6,4,0,1,0,1,0,0,0,0,0
11,5,5020625.0,2019,7,14,5,3,5,3,0,0,1,0,1,0,0,0,0
11,3,3040614.0,2019,7,14,5,3,2,6,0,0,1,0,0,0,0,0,0
11,7,7040403.0,2019,7,22,5,3,5,2,2,1,1,0,0,0,0,1,0
11,1,1033203.0,2019,7,13,5,3,6,4,0,1,0,1,0,0,0,0,0
11,4,4030415.0,2019,7,19,5,2,0,7,0,1,0,0,0,0,0,0,0
11,1,1011201.0,2019,7,13,5,3,6,6,0,1,0,1,0,0,0,0,0
11,2,2050803.0,2019,7,20,5,3,2,6,0,0,1,0,1,0,0,0,0
11,1,1033102.0,2019,7,19,5,3,6,4,0,0,1,1,0,0,0,0,0
11,2,2050601.0,2019,7,13,5,3,2,7,0,0,1,0,1,0,0,0,0
11,2,2030302.0,2019,7,20,5,3,5,3,0,1,0,0,0,0,0,0,0
11,10,10010310.0,2019,7,12,5,3,0,3,0,0,1,0,1,0,0,0,0
11,4,7030301.0,2019,7,12,5,2,5,3,0,0,1,0,0,0,0,0,0
11,5,5020625.0,2019,7,11,5,3,5,2,0,0,1,0,1,0,0,0,0
11,2,2050602.0,2019,7,10,5,3,5,2,0,1,1,0,0,0,0,0,0
11,9,9010202.0,2019,7,9,5,2,2,6,0,0,1,0,0,0,0,0,0
11,1,1022202.0,2019,7,9,5,3,5,2,0,0,1,0,0,0,0,0,0
11,8,8010301.0,2019,7,17,5,2,1,5,0,1,1,0,0,0,0,0,0
11,7,7020201.0,2019,7,8,5,3,5,2,0,1,1,0,0,0,0,0,0
11,2,2010101.0,2019,7,8,5,3,6,2,0,0,1,1,0,0,0,0,0
11,9,9010202.0,2019,7,9,5,3,5,2,0,1,1,0,0,0,0,0,0
11,8,8010212.0,2019,7,23,5,3,9,1,2,0,1,0,0,0,0,1,0
11,12,12304314.0,2019,7,23,5,3,0,1,2,1,0,0,0,0,0,0,0
11,8,8010117.0,2019,7,22,5,3,1,5,2,1,1,0,0,0,0,1,0
11,7,7050503.0,2019,7,17,5,3,6,7,0,0,1,1,0,0,0,0,0
11,11,11040926.0,2019,7,14,5,3,0,1,0,0,0,0,1,0,0,0,0
11,5,5010339.0,2019,7,21,4,3,1,5,1,0,1,0,0,1,0,0,0
11,7,7040406.0,2019,7,21,4,2,5,3,1,1,0,0,0,0,1,0,0
11,2,2020204.0,2019,7,21,4,3,5,3,1,1,1,0,0,0,0,1,0
11,1,1011401.0,2019,7,21,4,3,0,1,2,0,0,0,1,0,0,1,0
11,1,1011201.0,2019,7,21,4,3,5,3,2,1,1,0,0,0,0,1,0
11,4,4030930.0,2019,7,20,4,3,3,6,0,1,1,0,0,0,0,0,0
11,5,5020420.0,2019,7,20,4,2,9,1,0,0,0,0,1,0,0,0,0
11,1,1011202.0,2019,7,20,4,3,5,2,0,1,1,0,0,0,0,0,0
11,11,11030619.0,2019,7,19,4,3,5,3,0,0,1,0,0,0,0,0,0
11,2,2020204.0,2019,7,19,4,3,0,2,0,0,1,0,1,0,0,0,0
11,10,10010308.0,2019,7,18,4,3,5,7,0,0,1,0,0,0,0,0,0
11,6,6010103.0,2019,7,18,4,3,0,6,0,1,0,0,0,0,1,0,0
11,8,8010404.0,2019,7,17,4,3,5,2,0,1,1,0,0,0,0,0,0
11,1,1011201.0,2019,7,17,4,3,5,2,0,1,1,0,0,0,0,0,0
11,10,10030724.0,2019,7,15,4,3,5,2,0,0,1,0,0,0,0,0,0
11,3,3061430.0,2019,7,14,4,3,5,3,0,1,0,0,0,0,1,0,0
11,1,1033203.0,2019,7,14,4,3,2,7,0,1,1,0,0,0,0,0,0
11,12,12214125.0,2019,7,13,4,3,3,6,0,0,1,0,0,0,0,0,0
11,12,12224230.0,2019,7,13,4,3,1,5,0,0,1,0,0,0,0,0,0
11,8,8010117.0,2019,7,11,4,3,2,6,0,0,1,0,0,1,0,0,0
11,9,9020602.0,2019,7,10,4,2,6,4,0,0,1,1,0,0,0,0,0
11,3,3040818.0,2019,7,7,4,3,1,5,0,0,1,0,0,0,1,0,0
11,3,3030715.0,2019,7,10,4,3,2,6,0,0,1,0,0,0,0,0,0
11,3,3061126.0,2019,7,9,4,3,3,6,0,0,1,0,1,0,0,0,0
11,1,1011301.0,2019,7,10,4,3,5,3,0,0,1,0,1,0,0,0,0
11,8,8010301.0,2019,7,3,7,3,2,6,2,1,1,0,0,0,0,0,0
11,2,2020204.0,2019,7,3,7,2,0,1,2,0,0,0,1,0,0,0,0
11,5,5030833.0,2019,7,2,7,2,0,1,2,0,1,0,0,0,0,0,0
11,1,1011101.0,2019,7,22,6,2,5,3,2,1,0,0,0,0,0,0,0
11,4,4030621.0,2019,7,14,7,3,5,2,0,1,1,0,0,0,0,0,0
11,4,4030827.0,2019,7,14,7,2,3,6,0,1,1,0,0,0,0,0,0
11,1,1022201.0,2019,7,13,7,3,0,2,0,0,1,0,1,0,0,0,0
11,9,9010101.0,2019,7,22,7,3,6,4,2,1,0,1,0,0,0,0,0
11,1,1011203.0,2019,7,13,7,2,0,7,0,0,1,1,0,0,1,0,0
11,1,1022104.0,2019,7,12,7,2,2,2,0,1,1,0,0,0,0,0,0
11,2,2040701.0,2019,7,21,7,3,5,2,1,1,1,0,0,0,0,0,0
11,5,5020626.0,2019,7,12,7,2,5,2,0,0,1,0,0,0,0,0,0
11,12,12231101.0,2019,7,12,7,3,5,2,0,1,1,0,0,0,0,0,0
11,6,6040703.0,2019,7,12,7,3,5,2,0,1,1,0,0,0,0,0,0
11,12,12103220.0,2019,7,12,7,3,4,5,0,0,1,0,0,0,1,0,0
11,10,10030724.0,2019,7,19,7,3,3,6,0,0,1,0,1,0,0,0,0
11,8,8030831.0,2019,7,11,7,3,0,1,0,0,0,0,1,0,0,0,0
11,1,1011401.0,2019,7,11,7,3,1,5,0,1,0,0,0,0,1,0,0
11,3,3050923.0,2019,7,11,7,3,5,2,0,0,1,0,0,0,0,0,0
11,9,9010202.0,2019,7,11,7,3,5,3,0,0,1,0,0,0,0,0,0
11,1,1011101.0,2019,7,11,7,2,5,3,0,1,1,0,0,0,0,0,0
11,11,11051332.0,2019,7,10,7,3,5,3,0,1,0,0,0,0,1,0,0
11,9,9020701.0,2019,7,8,7,3,0,6,0,0,0,0,1,0,1,0,0
11,2,2040701.0,2019,7,4,7,3,5,3,1,0,1,0,0,0,0,0,0
11,4,4020310.0,2019,7,7,6,3,3,6,0,1,0,0,0,0,1,0,0
11,9,9010401.0,2019,7,6,6,3,3,6,0,1,0,0,0,0,1,0,0
11,11,11010310.0,2019,7,16,6,3,5,2,0,1,1,0,0,0,0,0,0
11,3,3020209.0,2019,7,16,6,3,5,3,0,1,1,0,0,0,0,0,0
11,6,6010206.0,2019,7,15,6,3,2,6,0,0,1,0,1,0,0,0,0
11,11,11051331.0,2019,7,15,6,2,0,1,0,0,0,0,0,0,1,0,0
11,6,6030503.0,2019,7,15,6,2,5,7,0,0,0,0,1,0,1,0,0
11,2,2030401.0,2019,7,15,6,2,5,3,0,1,0,0,0,0,1,0,0
11,7,7010102.0,2019,7,13,6,3,2,6,0,0,1,0,0,0,1,0,0
11,3,3051017.0,2019,7,13,6,3,5,3,0,0,1,0,0,0,0,0,0
11,4,4010102.0,2019,7,13,6,3,2,6,0,0,1,0,1,0,0,0,0
11,9,9010401.0,2019,7,13,6,3,5,2,0,1,1,0,0,0,0,0,0
11,8,8020625.0,2019,7,12,6,2,2,6,0,0,1,0,0,0,0,0,0
11,2,2020205.0,2019,7,12,6,3,0,7,0,1,0,0,0,0,0,0,0
11,4,4030724.0,2019,7,11,6,3,6,7,0,0,1,1,0,0,0,0,0
11,7,7070701.0,2019,7,11,6,3,3,6,0,0,1,0,1,0,0,0,0
11,2,2030302.0,2019,7,10,6,3,5,2,0,1,0,0,0,1,0,0,0
11,3,3061430.0,2019,7,22,6,3,5,3,2,1,1,0,0,0,0,0,0
11,7,7040403.0,2019,7,21,6,3,5,2,2,0,1,0,0,0,0,0,0
11,9,9010101.0,2019,7,21,6,2,5,3,1,1,1,0,0,0,0,0,0
11,2,2040701.0,2019,7,20,6,3,5,3,0,1,1,0,0,0,0,0,0
11,7,7040401.0,2019,7,19,6,3,5,2,0,0,1,0,0,0,0,0,0
11,4,4030929.0,2019,7,1,6,3,5,3,2,0,1,0,0,0,0,0,0
11,8,8030829.0,2019,7,19,6,3,5,7,0,1,1,0,0,0,0,0,0
11,11,11051331.0,2019,7,10,6,3,6,4,0,0,1,1,0,0,0,0,0
11,5,5020625.0,2019,7,9,6,3,0,6,0,0,0,0,0,0,1,0,0
11,11,11030619.0,2019,7,9,6,3,5,2,0,1,1,0,0,0,0,0,0
11,1,1011301.0,2019,7,9,6,3,5,3,0,0,1,0,0,0,1,0,0
11,1,1044202.0,2019,7,8,6,2,5,3,0,1,1,0,0,0,0,0,0
11,7,7030301.0,2019,7,8,6,3,4,6,0,1,1,0,0,0,0,0,0
11,11,11040926.0,2019,7,7,6,3,5,3,0,1,1,0,0,0,0,0,0
11,9,9052001.0,2019,7,6,6,3,1,1,0,0,1,0,0,0,0,0,0
11,2,2050803.0,2019,7,6,6,3,5,2,0,1,1,0,0,0,0,0,0
11,1,1011202.0,2019,7,15,6,3,3,6,0,0,1,0,0,0,1,0,0
11,8,8020727.0,2019,7,11,5,3,0,3,0,1,1,0,0,0,0,0,0
11,8,8010508.0,2019,7,21,5,2,9,1,2,0,0,0,1,0,0,0,0
11,1,1011303.0,2019,7,21,5,3,6,4,0,1,0,1,0,0,0,0,0
11,1,1044203.0,2019,7,20,5,3,5,2,0,0,1,0,0,0,1,0,0
11,4,4030931.0,2019,7,19,5,3,5,3,0,1,1,0,0,0,0,0,0
11,6,6040804.0,2019,7,18,5,3,5,3,0,0,1,0,1,0,0,0,0
11,8,8020727.0,2019,7,18,5,3,5,2,0,0,1,0,0,0,0,0,0
11,11,11020513.0,2019,7,16,5,3,0,7,0,0,1,0,0,0,1,0,0
11,2,2020206.0,2019,7,15,5,3,5,2,0,1,0,0,0,0,1,0,0
11,1,1011201.0,2019,7,18,5,3,5,3,0,1,1,0,0,0,0,0,0
11,2,2040701.0,2019,7,15,5,3,2,6,0,0,1,0,0,0,0,0,0
11,1,1022106.0,2019,7,17,5,3,5,7,0,1,0,0,0,0,1,0,0
11,1,1044201.0,2019,7,15,5,3,5,2,0,0,1,0,1,0,0,0,0
11,1,1011203.0,2019,7,17,5,3,5,7,0,1,1,0,0,0,0,0,0
11,1,1044201.0,2019,7,15,5,3,6,7,0,0,1,1,0,0,0,0,0
11,4,4051653.0,2019,7,15,5,3,6,3,0,0,1,1,0,0,0,0,0
11,8,8010301.0,2019,7,17,5,3,5,3,0,1,0,0,0,0,0,0,0
11,8,8020622.0,2019,7,14,5,3,1,5,0,0,1,0,0,0,1,0,0
11,7,7030303.0,2019,7,16,5,2,5,3,0,1,1,0,0,0,0,0,0
11,12,12302212.0,2019,7,14,5,3,0,5,0,0,1,0,0,0,1,0,0
11,9,9051702.0,2019,7,13,5,3,1,1,0,1,1,0,0,0,0,0,0
11,1,1011102.0,2019,7,11,5,3,3,2,0,0,1,0,0,0,0,0,0
11,7,7070701.0,2019,7,11,5,3,5,2,0,0,1,0,0,1,0,0,0
11,1,1022102.0,2019,7,11,5,3,6,2,0,0,0,1,0,0,1,0,0
11,9,9020702.0,2019,7,11,5,3,2,6,0,0,1,0,0,0,1,0,0
11,7,7040401.0,2019,7,11,5,3,2,6,0,0,1,0,0,0,1,0,0
11,1,1011301.0,2019,7,10,5,3,5,3,0,0,1,0,0,0,1,0,0
11,1,1011105.0,2019,7,10,5,3,1,5,0,1,1,0,0,0,0,0,0
11,11,11040926.0,2019,7,10,5,3,1,1,0,0,1,0,0,0,0,0,0
11,11,11020411.0,2019,7,9,5,2,5,2,0,0,0,0,1,0,1,0,0
11,3,3030715.0,2019,7,9,5,3,2,6,0,0,1,0,0,0,0,0,0
11,1,1011306.0,2019,7,9,5,3,5,3,0,1,1,0,0,0,0,0,0
11,4,4041241.0,2019,7,7,5,3,5,3,0,1,1,0,0,0,0,0,0
11,7,7040401.0,2019,7,5,5,3,0,1,1,0,0,0,0,0,1,0,0
11,5,5010209.0,2019,7,3,5,2,1,1,2,0,1,0,0,0,0,0,0
11,3,3050925.0,2019,7,17,5,3,6,2,0,0,1,1,0,0,0,0,0
11,2,2030402.0,2019,7,14,5,3,5,7,0,0,0,0,1,0,1,0,0
11,7,7010104.0,2019,7,10,5,3,0,7,0,0,0,0,1,0,0,1,0
11,4,4030931.0,2019,7,10,4,3,1,5,0,1,0,0,0,0,1,0,0
11,7,7030302.0,2019,7,15,4,3,6,4,0,1,0,1,0,0,0,0,0
11,5,5010206.0,2019,7,17,4,2,5,2,0,1,1,0,0,0,0,0,0
11,11,11020514.0,2019,7,17,4,3,5,2,0,1,1,0,0,0,0,0,0
11,2,2040701.0,2019,7,17,4,3,0,2,0,0,1,0,1,0,0,0,0
11,9,9010301.0,2019,7,16,4,3,6,2,0,0,0,1,0,1,0,0,0
11,1,1033201.0,2019,7,16,4,3,6,7,0,1,0,1,0,0,0,0,0
11,6,6020302.0,2019,7,16,4,3,5,3,0,1,1,0,0,0,0,0,0
11,7,7040405.0,2019,7,16,4,3,2,7,0,0,0,0,1,0,1,0,0
11,4,4010103.0,2019,7,5,4,3,0,6,0,0,0,0,1,0,0,0,0
11,5,5040934.0,2019,7,23,4,3,0,1,2,1,0,0,0,0,0,0,0
11,1,1033201.0,2019,7,20,4,3,0,3,0,1,0,0,0,0,1,0,0
11,1,1011402.0,2019,7,19,4,3,1,5,0,1,1,0,0,0,0,0,0
11,12,1044101.0,2019,7,19,4,3,2,4,0,0,1,1,0,0,0,0,0
11,11,11051229.0,2019,7,18,4,3,2,3,0,0,1,0,0,0,0,0,0
11,2,2050802.0,2019,7,18,4,3,0,6,0,1,0,0,0,0,0,0,0
11,1,1011302.0,2019,7,18,4,3,5,3,0,1,1,0,0,0,0,0,0
11,5,5030730.0,2019,7,18,4,2,2,6,0,0,1,0,1,0,0,0,0
11,2,2020204.0,2019,7,18,4,3,5,2,0,0,1,0,1,0,0,0,0
11,7,7040401.0,2019,7,18,4,3,6,2,0,1,0,1,0,0,0,0,0
11,1,1011402.0,2019,7,18,4,3,0,1,0,1,0,0,0,0,0,0,0
11,10,10020414.0,2019,7,17,4,3,6,7,0,0,1,1,0,0,0,0,0
11,1,1044102.0,2019,7,12,4,3,2,2,0,0,1,0,0,0,1,0,0
11,9,9020502.0,2019,7,12,4,3,0,6,0,0,1,0,1,0,0,0,0
11,7,7010104.0,2019,7,12,4,3,5,2,0,1,1,0,0,0,0,0,0
11,9,9010202.0,2019,7,11,4,2,6,7,0,0,1,1,0,0,0,0,0
11,3,3071639.0,2019,7,10,4,2,6,4,0,0,1,1,0,0,0,0,0
11,7,7010101.0,2019,7,9,4,3,5,2,0,0,1,0,0,0,0,0,0
11,7,7010102.0,2019,7,8,4,3,5,3,0,1,1,0,0,0,0,0,0
11,1,1011204.0,2019,7,8,4,3,1,5,0,1,1,0,0,0,0,0,0
11,11,11030619.0,2019,7,8,4,3,5,2,0,1,1,0,0,0,0,0,0
11,11,11030721.0,2019,7,7,4,3,5,3,0,0,1,0,1,0,0,0,0
11,5,5010339.0,2019,7,7,4,3,6,4,0,0,1,1,0,0,0,0,0
11,3,3010102.0,2019,7,16,4,3,2,6,0,0,1,0,0,0,0,0,0
11,11,11051331.0,2019,7,16,4,3,0,7,0,1,1,0,0,0,0,0,0
11,4,4030726.0,2019,7,15,4,2,5,2,0,0,1,0,1,0,0,0,0
11,12,12214125.0,2019,7,15,4,3,3,5,0,1,1,0,0,0,0,0,0
11,4,4051653.0,2019,7,14,4,2,6,4,0,1,0,1,0,0,0,0,0
11,3,1033102.0,2019,7,14,4,3,2,6,0,0,1,0,0,0,0,0,0
11,3,3050924.0,2019,7,13,4,3,6,2,0,0,1,1,0,0,0,0,0
11,1,1022207.0,2019,7,13,4,3,0,3,0,0,1,0,0,0,0,0,0
11,1,1022202.0,2019,7,13,4,3,5,2,0,1,1,0,0,0,0,0,0
11,11,11020412.0,2019,7,12,4,3,3,6,0,0,1,0,0,1,0,0,0
11,2,2050601.0,2019,7,13,4,2,3,6,0,0,1,0,1,0,0,0,0
11,10,10010310.0,2019,7,5,4,3,6,4,0,0,0,1,0,0,1,0,0
11,2,2040701.0,2019,7,20,4,3,5,2,0,0,1,0,1,0,0,0,0
11,9,9031101.0,2019,7,19,3,3,6,4,0,1,0,1,0,0,0,0,0
11,1,1033202.0,2019,7,21,3,3,5,3,2,0,1,0,1,0,0,0,0
11,1,1033203.0,2019,7,20,3,3,0,7,0,0,1,0,0,0,0,0,0
11,7,7020203.0,2019,7,19,3,3,2,7,0,1,0,0,0,0,1,0,0
11,9,9020502.0,2019,7,19,3,3,5,2,0,1,1,0,0,0,0,0,0
11,2,2020206.0,2019,7,19,3,2,5,7,1,0,1,0,1,0,0,0,0
11,1,1011302.0,2019,7,19,3,2,1,5,0,1,1,0,0,0,0,0,0
11,1,1011302.0,2019,7,18,3,3,2,6,0,0,1,0,1,0,0,0,0
11,5,5020523.0,2019,7,18,3,3,5,3,0,0,1,0,0,0,0,0,0
11,8,8041037.0,2019,7,18,3,3,0,3,0,0,1,0,1,0,0,0,0
11,2,2040703.0,2019,7,17,3,3,6,4,0,0,1,1,0,0,0,0,0
11,2,2030302.0,2019,7,17,3,3,2,6,0,1,0,0,0,0,0,0,0
11,2,2050803.0,2019,7,16,3,3,5,3,0,1,1,0,0,0,0,0,0
11,9,9020501.0,2019,7,16,3,3,5,7,0,0,1,0,0,0,1,0,0
11,3,3010102.0,2019,7,11,3,3,0,1,0,1,0,0,0,0,0,0,0
11,1,1011402.0,2019,7,16,3,2,0,1,0,1,0,0,0,0,0,0,0
11,1,1011401.0,2019,7,16,3,3,0,1,0,1,0,0,0,0,0,0,0
11,1,1011203.0,2019,7,15,3,3,5,2,0,0,1,0,1,0,0,0,0
11,8,8010303.0,2019,7,15,3,2,0,1,0,1,0,0,0,0,0,0,0
11,2,2040701.0,2019,7,14,3,3,0,7,0,1,1,0,0,0,0,0,0
11,1,1044103.0,2019,7,13,3,3,2,6,0,0,0,0,1,0,1,0,0
11,6,6020302.0,2019,7,13,3,3,5,7,0,0,1,0,1,0,0,0,0
11,9,9041301.0,2019,7,13,3,2,5,3,0,1,1,0,0,0,0,0,0
11,8,8010117.0,2019,7,12,3,3,5,7,0,0,1,0,1,0,0,0,0
11,4,4030929.0,2019,7,12,3,3,3,2,0,0,1,0,0,0,0,0,0
11,1,1011301.0,2019,7,12,3,3,1,5,0,1,1,0,0,0,0,0,0
11,4,4051445.0,2019,7,11,3,3,2,2,0,0,1,0,1,0,0,0,0
11,2,2030301.0,2019,7,11,3,3,6,4,0,0,1,1,0,0,0,0,0
11,4,4030929.0,2019,7,11,3,3,2,6,0,0,1,0,1,0,0,0,0
11,3,3040614.0,2019,7,11,3,3,5,3,0,0,1,0,1,0,0,0,0
11,5,5010314.0,2019,7,17,3,3,2,6,0,0,1,0,0,0,0,0,0
11,5,5020521.0,2019,7,10,3,3,2,6,0,0,1,0,0,0,0,0,0
11,7,7040401.0,2019,7,10,3,3,2,2,0,0,1,0,1,0,0,0,0
11,2,2030402.0,2019,7,10,3,3,0,1,0,1,0,0,0,0,0,0,0
11,1,1044203.0,2019,7,9,3,3,2,6,0,0,1,0,0,0,0,0,0
11,11,11051229.0,2019,7,9,3,3,5,2,0,1,1,0,0,0,0,0,0
11,4,4030518.0,2019,7,9,3,3,2,2,0,0,1,0,1,0,0,0,0
11,3,3061429.0,2019,7,9,3,3,1,5,0,1,1,0,0,0,0,0,0
11,9,9051702.0,2019,7,7,3,3,5,7,0,1,0,0,0,0,1,0,0
11,3,3040512.0,2019,7,6,3,3,5,3,0,0,1,0,0,0,1,0,0
11,11,11010205.0,2019,7,6,3,3,5,3,0,0,1,0,1,0,0,0,0
11,1,1011301.0,2019,7,6,3,3,5,2,0,0,1,0,1,0,0,0,0
11,4,4051446.0,2019,7,3,3,3,5,3,2,1,1,0,0,0,0,0,0
11,1,1011303.0,2019,7,18,3,3,0,1,0,0,0,0,0,0,1,0,0
11,5,5020417.0,2019,7,13,3,3,1,5,0,1,1,0,0,0,0,0,0
11,1,1011301.0,2019,7,19,3,3,1,5,0,1,1,0,0,0,0,0,0
11,3,3061227.0,2019,7,7,2,3,5,3,0,0,1,0,0,0,0,0,0
11,4,4010102.0,2019,7,6,2,3,2,2,0,0,1,0,0,1,0,0,0
11,7,7070701.0,2019,7,1,2,3,0,1,2,0,1,0,0,0,0,0,0
11,1,1011303.0,2019,7,15,2,3,5,3,0,1,1,0,0,0,0,0,0
11,3,3040614.0,2019,7,15,2,3,2,7,0,0,0,0,1,1,0,0,0
11,4,4051448.0,2019,7,17,2,3,5,2,0,1,1,0,0,0,0,1,0