LAND,BEZ,LOR_ab_2021,UJAHR,UMONAT,USTUNDE,UWOCHENTAG,UKATEGORIE,UART,UTYP1,ULICHTVERH,IstRad,IstPKW,IstFuss,IstKrad,IstGkfz,IstSonstige,USTRZUSTAND,lockdown
11,4,4031032.0,2019,7,17,2,3,0,7,0,1,1,0,0,0,0,1,0
11,1,1033202.0,2019,7,13,2,3,5,2,0,1,1,0,0,0,0,0,0
11,1,1033202.0,2019,7,13,2,3,3,6,0,1,0,0,0,0,1,0,0
11,1,1044201.0,2019,7,16,2,3,2,7,0,0,1,0,0,0,0,0,0
11,1,1011201.0,2019,7,15,2,2,5,2,0,1,1,0,0,0,0,0,0
11,1,1033201.0,2019,7,15,2,3,1,1,0,0,1,0,0,0,0,0,0
11,5,5020626.0,2019,7,16,2,3,2,6,0,0,1,0,0,0,1,0,0
11,4,4020313.0,2019,7,14,2,2,3,6,0,0,1,0,0,0,0,0,0
11,4,4030415.0,2019,7,17,2,2,0,1,0,0,0,0,1,0,0,1,0
11,5,5010103.0,2019,7,21,2,3,9,1,1,0,1,0,0,0,0,1,0
11,8,8010211.0,2019,7,20,2,3,2,7,1,0,1,0,1,0,0,0,0
11,12,12214424.0,2019,7,19,2,3,2,6,0,0,1,0,0,0,0,0,0
11,1,1044203.0,2019,7,19,2,3,1,5,0,1,1,0,0,0,1,0,0
11,2,2010103.0,2019,7,13,2,3,5,3,0,0,1,0,0,0,0,0,0
11,4,4030726.0,2019,7,13,2,3,5,2,0,0,1,0,1,0,0,0,0
11,1,1022106.0,2019,7,12,2,3,5,3,0,1,0,0,0,0,0,0,0
11,9,9051901.0,2019,7,12,2,3,5,3,0,0,1,0,0,0,0,0,0
11,11,11041022.0,2019,7,11,2,3,0,7,0,0,0,0,0,1,0,0,0
11,6,6020306.0,2019,7,11,2,3,5,3,0,0,1,0,0,0,1,0,0
11,9,9020501.0,2019,7,11,2,3,5,3,0,1,1,0,0,0,0,0,0
11,2,2010102.0,2019,7,9,2,3,2,6,0,1,0,0,0,0,0,0,0
11,11,11051332.0,2019,7,9,2,3,2,6,0,0,1,0,0,0,0,0,0
11,3,3040614.0,2019,7,8,2,3,5,3,0,1,1,0,0,0,0,0,0
11,1,1011301.0,2019,7,6,2,3,6,4,0,1,0,1,0,0,0,0,0
11,5,5010101.0,2019,7,10,2,3,5,2,0,1,1,0,0,0,0,0,0
11,4,4020311.0,2019,7,10,2,2,6,4,0,0,1,1,0,0,0,0,0
11,3,3020210.0,2019,7,20,2,3,1,5,1,1,1,0,0,0,0,0,0
11,5,5010103.0,2019,7,11,2,3,6,2,0,0,1,1,0,0,0,0,0
11,9,9030901.0,2019,7,14,1,3,6,4,0,0,1,1,0,0,0,0,0
11,1,1044103.0,2019,7,19,1,3,2,6,0,0,1,0,0,0,0,0,0
11,3,3040818.0,2019,7,22,1,3,1,7,2,0,0,0,1,0,1,0,0
11,4,4051445.0,2019,7,19,1,3,1,5,0,0,1,0,1,0,0,0,0
11,3,3061131.0,2019,7,19,1,3,5,3,0,1,1,0,0,0,0,0,0
11,6,6030503.0,2019,7,19,1,3,1,5,0,0,1,0,0,0,0,0,0
11,8,8010301.0,2019,7,18,1,3,0,2,0,0,1,0,0,0,1,0,0
11,9,9010202.0,2019,7,18,1,3,5,2,0,0,1,0,0,0,1,0,0
11,9,9031202.0,2019,7,17,1,2,5,3,0,0,1,0,1,0,0,0,0
11,11,11030720.0,2019,7,16,1,3,3,6,0,0,1,0,1,0,0,0,0
11,11,11010309.0,2019,7,16,1,2,6,4,0,0,1,1,0,0,0,0,0
11,11,11010102.0,2019,7,16,1,3,4,6,0,0,1,0,1,0,0,0,0
11,2,2040701.0,2019,7,15,1,3,5,3,0,0,1,0,1,0,0,0,0
11,5,5010207.0,2019,7,15,1,3,5,2,0,0,1,0,0,0,0,1,0
11,4,4061757.0,2019,7,14,1,3,2,6,0,1,1,0,0,0,0,0,0
11,9,9020801.0,2019,7,14,1,3,1,5,0,1,1,0,0,0,0,0,0
11,4,4030930.0,2019,7,14,1,3,1,5,0,1,1,0,0,0,0,0,0
11,1,1022104.0,2019,7,15,1,3,8,1,0,0,1,0,0,0,1,0,0
11,12,12301206.0,2019,7,10,1,3,5,3,0,0,1,0,0,0,0,1,0
11,8,8010301.0,2019,7,2,1,2,1,5,2,1,1,0,0,0,0,1,0
11,1,1033102.0,2019,7,22,1,2,0,7,2,0,0,0,0,0,1,0,0
11,3,3061228.0,2019,7,20,7,3,5,2,1,1,1,0,0,0,0,0,0
11,1,1033203.0,2019,7,18,7,3,6,4,0,0,1,1,0,0,0,0,0
11,12,12224230.0,2019,7,22,7,3,6,7,2,1,0,1,0,0,0,1,0
11,7,7010104.0,2019,7,20,7,3,5,2,0,0,1,0,0,0,1,0,0
11,12,12214424.0,2019,7,20,7,3,2,2,0,0,1,0,0,0,0,0,0
11,8,8010301.0,2019,7,18,7,2,5,2,0,0,1,0,1,0,0,0,0
11,11,11010102.0,2019,7,17,7,3,9,1,0,0,1,0,0,0,0,0,0
11,1,1022201.0,2019,7,17,7,3,5,7,0,0,1,0,1,0,0,0,0
11,7,7010102.0,2019,7,16,7,2,1,5,0,1,1,0,0,0,0,0,0
11,4,4010101.0,2019,7,16,7,3,5,3,0,1,1,0,0,0,0,0,0
11,3,3050923.0,2019,7,16,7,3,8,1,0,0,0,0,0,0,1,0,0
11,4,4051445.0,2019,7,15,7,3,5,2,0,1,1,0,0,0,0,0,0
11,4,4020314.0,2019,7,14,7,3,2,6,0,0,1,0,1,0,0,0,0
11,4,4051654.0,2019,7,13,7,2,5,2,0,0,1,0,0,0,0,0,0
11,11,11030720.0,2019,7,12,7,2,2,6,0,0,1,0,0,0,0,0,0
11,6,6020409.0,2019,7,12,7,3,3,6,0,0,1,0,1,0,0,0,0
11,7,7050502.0,2019,7,11,7,3,5,2,0,0,1,0,0,0,0,0,0
11,7,7060604.0,2019,7,11,7,3,5,3,0,1,1,0,0,0,0,0,0
11,10,10020412.0,2019,7,10,7,3,5,3,0,1,1,0,0,0,0,0,0
11,3,3020307.0,2019,7,10,7,2,6,3,0,0,1,1,0,0,0,0,0
11,5,5030730.0,2019,7,9,7,3,0,6,0,0,0,0,0,0,1,0,0
11,9,9010201.0,2019,7,9,7,2,6,2,0,0,1,1,0,0,0,0,0
11,12,12214421.0,2019,7,8,7,3,5,3,0,0,1,0,1,0,0,0,0
11,8,8020619.0,2019,7,18,7,3,5,3,0,0,1,0,0,0,0,0,0
11,3,3050923.0,2019,7,22,7,3,5,2,2,1,0,0,0,0,1,1,0
11,5,5010310.0,2019,7,14,6,3,2,6,0,0,1,0,0,0,0,0,0
11,6,6010209.0,2019,7,16,6,3,5,3,0,0,1,0,0,0,0,0,0
11,5,5020521.0,2019,7,19,6,2,5,3,0,0,1,0,0,0,0,0,0
11,1,1011201.0,2019,7,18,6,3,5,3,0,0,1,0,1,0,0,0,0
11,3,3061227.0,2019,7,16,6,2,5,3,0,0,1,0,1,0,0,1,0
11,12,12304314.0,2019,7,15,6,3,2,6,0,0,1,0,0,0,0,0,0
11,11,11020516.0,2019,7,14,6,3,4,6,0,0,1,0,0,1,0,0,0
11,2,2040702.0,2019,7,13,6,3,2,7,0,0,0,0,1,1,0,0,0
11,5,5020419.0,2019,7,12,6,3,5,2,0,0,1,0,0,0,0,0,0
11,12,12301203.0,2019,7,11,6,3,0,5,0,1,1,0,0,0,1,0,0
11,1,1011303.0,2019,7,10,6,3,2,6,0,0,0,0,1,0,1,0,0
11,6,6020303.0,2019,7,10,6,3,5,2,0,1,1,0,0,0,0,0,0
11,1,1011203.0,2019,7,8,6,3,5,3,0,1,1,0,0,0,0,0,0
11,5,5010206.0,2019,7,22,6,3,2,2,2,0,1,0,1,0,0,0,0
11,8,8020620.0,2019,7,20,6,3,5,3,2,0,1,0,0,0,0,0,0
11,2,2050804.0,2019,7,16,6,3,0,1,0,0,0,0,1,0,0,1,0
11,1,1011104.0,2019,7,12,6,2,6,2,0,0,0,1,0,0,1,0,0
11,4,4020313.0,2019,7,10,6,2,5,3,0,0,1,0,0,0,0,0,0
11,11,11030619.0,2019,7,16,6,3,0,1,0,0,0,0,1,0,0,1,0
11,1,1011302.0,2019,7,17,6,3,0,1,0,1,0,0,0,0,0,1,0
11,10,10030724.0,2019,8,15,3,3,0,2,0,1,1,0,0,0,0,1,0
11,3,3040818.0,2019,8,17,3,1,5,5,0,0,0,0,0,0,1,0,0
11,8,8020621.0,2019,8,13,2,3,3,6,0,1,1,0,0,0,0,0,0
11,1,1011105.0,2019,8,22,2,3,1,5,2,1,1,0,0,0,0,0,0
11,4,4020311.0,2019,8,17,2,3,0,1,0,0,0,0,1,0,0,0,0
11,4,4030621.0,2019,8,16,2,3,2,2,0,0,1,0,0,0,1,0,0
11,1,1011302.0,2019,8,16,2,3,3,6,0,1,1,0,0,0,0,0,0
11,4,4030417.0,2019,8,16,2,3,5,3,0,1,1,0,0,0,0,0,0
11,9,9020601.0,2019,8,9,2,3,5,2,0,1,0,0,0,0,1,0,0
11,4,4051655.0,2019,8,17,2,3,3,6,0,1,1,0,0,0,0,0,0
11,9,9052001.0,2019,8,16,2,3,0,2,0,1,0,0,0,0,1,0,0
11,3,3061430.0,2019,8,16,2,3,6,2,0,0,0,1,0,1,0,0,0
11,9,9020702.0,2019,8,16,2,3,0,3,0,1,1,0,0,0,0,0,0
11,8,8010301.0,2019,8,15,2,3,2,6,0,0,1,0,0,0,0,0,0
11,7,7020204.0,2019,8,15,2,2,1,5,0,1,1,0,0,0,0,0,0
11,1,1022101.0,2019,8,15,2,3,0,2,0,1,1,0,0,0,0,0,0
11,7,7030303.0,2019,8,13,2,3,0,1,0,0,0,0,1,0,0,1,0
11,1,1011204.0,2019,8,11,2,3,5,3,0,1,0,0,0,0,1,0,0
11,2,2020203.0,2019,8,11,2,3,1,5,0,1,1,0,0,0,0,0,0
11,4,4030621.0,2019,8,11,2,3,6,7,0,1,0,1,0,0,0,0,0
11,8,8041035.0,2019,8,11,2,3,5,7,0,0,1,0,1,0,0,0,0
11,6,6010206.0,2019,8,11,2,3,5,3,0,0,1,0,0,0,0,0,0
11,1,1011202.0,2019,8,8,2,2,5,3,0,1,1,0,0,0,0,0,0
11,7,7070703.0,2019,8,8,2,3,5,2,0,1,1,0,0,0,0,0,0
11,1,2040701.0,2019,8,8,2,3,2,6,0,0,1,0,0,0,1,0,0
11,8,8010117.0,2019,8,8,2,3,5,2,0,1,1,0,0,0,0,0,0
11,4,4020311.0,2019,8,7,2,3,2,6,0,0,1,0,0,0,0,0,0
11,3,3040614.0,2019,8,7,2,3,2,7,0,0,1,0,0,0,0,0,0
11,3,3040614.0,2019,8,10,2,3,0,3,0,1,0,0,0,0,1,0,0
11,3,3050925.0,2019,8,7,2,3,5,2,0,0,1,0,1,0,0,0,0
11,9,9010402.0,2019,8,6,2,3,5,3,0,1,1,0,0,0,0,0,0
11,2,2030401.0,2019,8,2,2,3,5,3,2,0,1,0,0,0,1,0,0
11,1,1033203.0,2019,8,6,2,3,1,5,0,1,1,0,0,0,0,0,0
11,3,3051017.0,2019,8,10,2,3,2,6,0,0,1,0,0,0,0,0,0
11,6,6010208.0,2019,8,9,2,3,5,2,0,0,1,0,1,0,0,0,0
11,10,10030725.0,2019,8,9,2,3,2,6,0,0,1,0,0,0,0,0,0
11,5,5010313.0,2019,8,9,2,3,5,2,0,1,1,0,0,0,0,0,0
11,7,7040401.0,2019,8,4,1,3,2,6,2,0,1,0,0,0,0,0,0
11,3,3051017.0,2019,8,17,1,2,0,1,0,1,0,0,0,0,0,0,0
11,1,1011201.0,2019,8,13,1,3,0,1,0,0,0,0,1,0,0,0,0
11,1,1011303.0,2019,8,0,1,3,0,1,2,0,0,0,0,0,1,0,0
11,5,5010314.0,2019,8,12,1,3,2,6,0,0,1,0,1,0,1,0,0
11,3,3030406.0,2019,8,17,1,3,5,3,0,0,1,0,1,0,0,0,0
11,6,6020303.0,2019,8,16,1,3,5,3,0,0,1,0,1,0,0,0,0
11,5,5020522.0,2019,8,13,1,3,2,6,0,0,1,0,0,0,0,0,0
11,5,5030730.0,2019,8,12,1,3,3,6,0,0,1,0,1,0,0,0,0
11,4,4051447.0,2019,8,4,1,3,1,5,2,0,1,0,0,0,1,0,0
11,3,3040614.0,2019,8,4,1,3,5,3,2,0,1,0,0,0,0,0,0
11,11,11010101.0,2019,8,18,1,3,0,7,0,1,0,0,0,0,0,0,0
11,2,2030402.0,2019,8,0,1,3,0,5,2,1,1,0,0,0,1,0,0
11,1,1011101.0,2019,8,21,1,3,1,5,2,1,1,0,0,0,0,0,0
11,8,8020620.0,2019,8,20,1,2,5,3,1,0,1,0,0,0,0,0,0
11,2,2020204.0,2019,8,19,1,3,0,1,0,1,0,0,0,0,0,0,0
11,11,11051332.0,2019,8,19,1,3,0,1,0,1,0,0,0,0,0,0,0
11,12,12214424.0,2019,8,21,7,3,2,6,0,0,1,0,0,0,0,0,0
11,2,2030302.0,2019,8,14,7,3,4,6,0,1,0,0,0,0,1,0,0
11,12,12214527.0,2019,8,14,7,3,2,6,0,0,1,0,0,0,0,0,0
11,12,12214422.0,2019,8,19,7,3,5,3,0,0,1,0,0,0,0,0,0
11,4,4041136.0,2019,8,13,7,3,6,4,0,0,1,1,0,0,0,0,0
11,8,8041035.0,2019,8,13,7,3,5,3,0,1,1,0,0,0,0,0,0
11,2,2030301.0,2019,8,15,7,3,2,6,0,1,1,0,0,0,0,0,0
11,8,8020727.0,2019,8,15,7,3,1,5,0,1,1,0,0,0,0,0,0
11,8,8030831.0,2019,8,17,7,3,5,2,0,1,1,0,0,0,0,0,0
11,12,12214424.0,2019,8,15,7,3,5,2,0,0,1,0,0,0,0,0,0
11,1,1033101.0,2019,8,15,7,3,6,4,0,0,1,1,0,0,0,0,0
11,3,3020209.0,2019,8,17,7,2,5,3,0,0,1,0,1,0,0,0,0
11,5,5020625.0,2019,8,16,7,3,0,2,0,1,1,0,0,0,0,0,0
11,9,9020701.0,2019,8,17,7,2,2,6,0,0,1,0,1,0,0,0,0
11,10,10040828.0,2019,8,18,7,3,5,3,0,0,1,0,0,0,0,0,0
11,2,2050602.0,2019,8,19,7,3,0,1,0,1,0,0,0,0,0,0,0
11,1,1011401.0,2019,8,19,7,2,1,5,0,1,0,0,0,0,1,0,0
11,12,12214424.0,2019,8,23,7,3,5,2,2,0,1,0,1,0,0,0,0
11,9,9010301.0,2019,8,22,7,3,0,3,2,0,1,0,1,0,0,0,0
11,6,6020410.0,2019,8,23,7,3,5,3,2,1,0,0,0,0,0,0,0
11,12,12103117.0,2019,8,13,7,2,2,7,0,1,1,0,0,0,0,0,0
11,4,4020311.0,2019,8,11,7,3,5,5,0,0,1,0,1,0,0,0,0
11,4,4030931.0,2019,8,11,7,3,2,6,0,1,1,0,0,0,0,0,0
11,4,4030725.0,2019,8,11,7,3,2,6,0,1,1,0,0,0,0,0,0
11,1,1044201.0,2019,8,10,7,3,0,2,0,0,0,0,0,1,1,0,0
11,11,11051229.0,2019,8,1,7,2,6,4,2,0,1,1,0,0,0,0,0
11,8,8020727.0,2019,8,14,6,2,6,4,0,0,1,1,0,0,0,0,0
11,5,5010313.0,2019,8,0,6,3,6,2,2,0,0,1,0,0,1,0,0
11,1,1044201.0,2019,8,16,6,3,5,3,0,1,1,0,0,0,0,0,0
11,12,12103218.0,2019,8,18,6,3,0,2,0,1,1,0,0,0,0,0,0
11,1,1011301.0,2019,8,9,6,3,6,7,0,0,0,1,0,0,1,0,0
11,1,1022201.0,2019,8,14,6,2,5,3,0,0,1,0,1,0,0,0,0
11,2,2010101.0,2019,8,18,6,3,0,2,0,1,1,0,0,0,0,1,0
11,1,1044201.0,2019,8,11,6,3,5,5,0,0,1,0,0,0,0,0,0
11,3,3030406.0,2019,8,11,6,3,0,5,0,1,0,0,0,0,0,0,0
11,2,2040701.0,2019,8,15,6,3,5,2,0,1,1,0,0,0,0,0,0
11,8,8010404.0,2019,8,14,6,3,6,4,0,0,1,1,0,0,0,0,0
11,4,4051445.0,2019,8,14,6,3,5,3,0,0,0,0,1,0,1,0,0
11,6,6010102.0,2019,8,13,6,3,1,5,0,1,0,0,0,0,1,0,0
11,7,7020203.0,2019,8,13,6,3,2,6,0,0,1,0,1,0,0,0,0
11,4,4010102.0,2019,8,12,6,3,5,7,0,0,1,0,1,0,0,0,0
11,5,5020627.0,2019,8,11,6,3,2,6,0,0,1,0,0,0,0,0,0
11,12,12214423.0,2019,8,11,6,2,5,3,0,0,1,0,1,0,0,0,0
11,5,5010208.0,2019,8,10,6,3,1,5,0,0,1,0,0,0,1,0,0
11,6,6030608.0,2019,8,8,6,2,0,1,0,0,1,0,1,0,0,0,0
11,2,2020204.0,2019,8,8,6,3,5,3,0,1,0,0,0,0,0,0,0
11,10,10030724.0,2019,8,8,6,3,2,7,0,0,1,0,0,0,0,0,0
11,12,12214421.0,2019,8,8,6,3,2,6,0,0,1,0,0,0,0,0,0
11,6,6030502.0,2019,8,8,6,3,5,2,0,1,1,0,0,0,0,0,0
11,11,11040926.0,2019,8,19,6,3,0,2,1,0,1,0,1,0,0,1,0
11,3,3040818.0,2019,8,19,6,3,1,5,0,1,1,0,0,0,0,1,0
11,9,9051901.0,2019,8,18,6,3,2,2,0,0,1,0,0,0,0,1,0
11,4,4030519.0,2019,8,18,6,2,5,3,0,0,1,0,1,0,0,1,0
11,11,11051330.0,2019,8,18,6,3,1,5,1,1,1,0,0,0,0,1,0
11,3,3061430.0,2019,8,17,6,2,0,1,0,1,0,0,0,0,0,1,0
11,3,11030618.0,2019,8,17,6,3,2,6,0,0,1,0,0,0,0,1,0
11,4,4030828.0,2019,8,17,6,3,6,4,0,0,1,1,0,0,0,1,0
11,3,3061435.0,2019,8,17,6,3,5,3,0,0,1,0,0,0,0,1,0
11,4,4020311.0,2019,8,16,6,3,5,3,0,0,1,0,0,0,0,1,0
11,1,1033203.0,2019,8,16,6,3,2,6,0,0,1,0,0,0,0,1,0
11,5,5020625.0,2019,8,22,6,3,6,4,2,0,1,1,0,0,0,0,0
11,1,1044201.0,2019,8,20,6,3,0,1,0,1,0,0,0,0,0,0,0
11,3,3061227.0,2019,8,18,6,3,0,2,1,1,1,0,0,0,0,1,0
11,1,1033101.0,2019,8,15,5,3,2,6,0,0,1,0,1,0,0,0,0
11,4,4030931.0,2019,8,22,5,3,1,5,2,1,1,0,0,0,0,0,0
11,6,6010101.0,2019,8,21,5,2,5,2,2,0,1,0,0,0,0,0,0
11,3,3050923.0,2019,8,21,5,2,5,3,1,1,0,0,0,0,1,0,0
11,2,2050801.0,2019,8,20,5,3,1,5,1,1,1,0,0,0,0,0,0
11,2,2010101.0,2019,8,20,5,3,6,4,1,1,0,1,0,0,0,0,0
11,3,3071536.0,2019,8,19,5,3,6,4,0,0,1,1,0,0,0,0,0
11,10,10030726.0,2019,8,19,5,3,5,3,0,1,1,0,0,0,0,0,0
11,5,5010101.0,2019,8,16,5,3,2,6,0,0,1,0,1,0,0,1,0
11,8,8010117.0,2019,8,18,5,3,1,5,0,1,1,0,0,0,0,0,0
11,2,2030302.0,2019,8,18,5,3,0,3,0,0,1,0,1,0,0,0,0
11,5,5010209.0,2019,8,17,5,3,5,2,0,0,1,0,0,0,0,0,0
11,4,4030620.0,2019,8,16,5,3,2,6,0,0,1,0,0,0,1,0,0
11,7,7040404.0,2019,8,16,5,3,0,1,0,1,0,0,0,0,0,0,0
11,4,4051550.0,2019,8,16,5,3,5,3,0,1,1,0,0,0,0,0,0
11,7,7040401.0,2019,8,14,5,3,5,3,0,0,1,0,0,0,0,0,0
11,5,5010311.0,2019,8,14,5,3,2,6,0,0,1,0,0,0,0,0,0
11,12,12302212.0,2019,8,14,5,3,0,6,0,1,0,0,0,1,0,0,0
11,3,3030715.0,2019,8,14,5,2,6,4,0,0,1,1,0,0,0,0,0
11,4,4020204.0,2019,8,13,5,3,5,2,0,0,1,0,1,0,0,0,0
11,1,1033203.0,2019,8,15,5,3,5,3,0,0,1,0,0,0,0,0,0
11,3,3061227.0,2019,8,13,5,3,6,4,0,0,0,1,1,0,0,0,0
11,1,1011305.0,2019,8,13,5,2,6,4,0,0,1,1,0,0,0,0,0
11,11,11040926.0,2019,8,13,5,3,5,2,0,1,1,0,0,0,0,0,0
11,10,10040829.0,2019,8,12,5,3,0,6,0,1,1,0,0,0,0,0,0
11,2,2020204.0,2019,8,12,5,3,1,5,0,1,0,0,0,1,0,0,0
11,3,3040614.0,2019,8,12,5,2,5,3,0,0,1,0,0,1,0,0,0
11,4,4020310.0,2019,8,12,5,3,2,6,0,0,1,0,0,0,0,0,0
11,8,8020621.0,2019,8,12,5,3,5,7,0,0,1,0,0,0,0,0,0
11,4,4020311.0,2019,8,10,5,3,5,3,0,0,1,0,0,0,0,0,0
11,2,2020204.0,2019,8,12,5,3,2,2,0,0,1,0,1,0,0,1,0
11,3,3071536.0,2019,8,9,5,3,5,2,0,1,1,0,0,0,0,0,0
11,11,11030618.0,2019,8,8,5,3,5,3,0,0,0,0,0,1,1,0,0
11,3,3061227.0,2019,8,11,5,3,5,7,0,0,1,0,0,0,0,0,0
11,11,11030618.0,2019,8,8,5,3,5,5,0,0,1,0,1,0,0,1,0
11,7,7010103.0,2019,8,10,5,3,0,6,0,1,1,0,0,0,0,0,0
11,3,3020210.0,2019,8,10,5,3,1,5,0,0,1,0,0,0,0,0,0
11,4,4041344.0,2019,8,8,5,3,0,3,0,0,1,0,1,0,0,0,0
11,12,12103218.0,2019,8,8,5,3,5,2,0,1,1,0,0,0,0,0,0
11,1,1011105.0,2019,8,7,5,3,8,1,0,0,1,0,0,0,0,0,0
11,2,2030402.0,2019,8,6,5,3,0,4,0,1,0,1,0,0,0,1,0
11,11,11040925.0,2019,8,6,5,3,2,6,0,0,1,0,1,0,0,0,0
11,1,1033201.0,2019,8,5,5,3,5,3,1,0,1,0,0,0,0,1,0
11,4,4051655.0,2019,8,2,5,3,5,2,2,0,1,0,0,0,0,0,0
11,2,2030302.0,2019,8,0,5,3,0,2,2,1,1,0,0,0,0,1,0
11,12,12214421.0,2019,7,2,4,3,0,7,2,1,0,0,0,0,0,0,0
11,4,4041136.0,2019,7,20,4,3,5,2,1,0,1,0,0,0,0,1,0
11,12,12103218.0,2019,7,20,4,3,1,5,2,0,1,0,0,0,0,1,0
11,12,12103117.0,2019,7,20,4,3,0,1,1,0,0,0,1,0,0,1,0
11,2,2020203.0,2019,7,19,4,3,5,5,1,0,1,0,1,0,0,0,0
11,2,2040701.0,2019,7,23,4,3,5,7,2,0,1,0,1,0,0,1,0
11,4,4051447.0,2019,7,22,4,3,0,1,2,0,0,0,1,0,0,1,0
11,4,4030827.0,2019,7,18,4,3,5,2,0,0,1,0,0,0,0,0,0
11,8,8041036.0,2019,7,18,4,3,5,3,0,0,1,0,0,0,0,0,0
11,1,1011303.0,2019,7,17,4,3,2,6,0,0,1,0,0,0,0,1,0
11,4,4030929.0,2019,7,17,4,3,0,6,0,0,1,0,1,0,0,1,0
11,4,4030725.0,2019,7,17,4,2,0,1,0,1,0,0,0,0,0,1,0
11,10,10030727.0,2019,7,17,4,3,6,4,0,0,1,1,0,0,0,1,0
11,1,1011303.0,2019,7,17,4,2,5,2,0,1,1,0,0,0,0,1,0
11,1,1022106.0,2019,7,16,4,3,0,5,0,0,1,0,1,0,0,1,0
11,7,7050505.0,2019,7,16,4,3,2,6,0,0,1,0,0,0,0,1,0
11,1,1011301.0,2019,7,16,4,3,5,3,0,0,1,0,0,0,0,1,0
11,12,12231101.0,2019,7,15,4,3,5,2,0,1,1,0,0,0,0,1,0
11,1,1011101.0,2019,7,15,4,3,2,6,0,0,1,0,0,0,0,1,0
11,4,4010102.0,2019,7,10,4,3,5,2,0,0,1,0,0,0,0,0,0
11,1,1022204.0,2019,7,9,4,3,5,7,0,1,1,0,0,0,0,0,0
11,12,12214422.0,2019,7,9,4,2,4,6,0,1,0,0,0,0,0,0,0
11,2,2020203.0,2019,7,9,4,3,2,6,0,0,1,0,1,0,0,0,0
11,2,2030301.0,2019,7,7,4,3,5,2,0,1,1,0,0,0,0,0,0
11,1,1011302.0,2019,7,15,4,2,5,7,0,0,1,0,0,0,0,0,0
11,1,1011402.0,2019,7,7,4,3,5,3,0,1,0,0,0,0,1,0,0
11,5,5030731.0,2019,7,7,4,3,5,2,0,0,0,0,1,0,1,0,0
11,12,12214422.0,2019,7,4,4,3,5,3,1,1,1,0,0,0,0,0,0
11,11,11010204.0,2019,7,2,4,3,0,1,2,1,0,0,0,0,0,0,0
11,5,5010312.0,2019,7,14,4,3,6,4,0,0,1,1,0,0,0,0,0
11,1,1044101.0,2019,7,14,4,3,5,3,0,0,1,0,0,0,0,0,0
11,6,6040810.0,2019,7,12,4,3,5,3,0,0,0,0,1,0,1,0,0
11,4,4030929.0,2019,7,12,4,3,5,3,0,0,1,0,0,0,1,0,0
11,12,12214527.0,2019,7,11,4,2,5,7,0,0,1,0,1,0,0,0,0
11,7,7020203.0,2019,7,10,4,3,1,5,0,1,1,0,0,0,0,0,0
11,4,4061757.0,2019,7,10,4,3,5,3,0,1,0,0,0,0,0,0,0
11,8,8010118.0,2019,7,10,4,3,6,4,0,0,1,1,0,0,0,0,0
11,12,12103218.0,2019,7,9,3,3,0,6,0,1,1,0,0,0,0,0,0
11,3,3040818.0,2019,7,7,3,3,6,7,0,0,1,1,0,0,0,0,0
11,10,10040933.0,2019,7,9,3,3,5,3,0,0,1,0,0,0,0,0,0
11,3,3051017.0,2019,7,8,3,3,2,2,0,0,1,0,0,0,0,1,0
11,1,1011401.0,2019,7,8,3,3,3,6,0,1,0,0,0,0,0,0,0
11,1,1011204.0,2019,7,0,3,2,5,2,2,0,1,0,1,0,0,0,0
11,9,9010401.0,2019,7,6,3,2,1,5,0,1,1,0,0,0,0,0,0
11,11,11051331.0,2019,7,17,3,3,5,3,0,0,1,0,0,0,0,0,0
11,4,4041241.0,2019,7,16,3,2,1,5,0,1,1,0,0,0,0,0,0
11,5,5020625.0,2019,7,16,3,2,5,7,0,0,1,0,1,0,0,0,0
11,1,1044102.0,2019,7,15,3,3,5,2,0,1,1,0,0,0,0,0,0
11,4,4030828.0,2019,7,15,3,3,5,7,0,0,1,0,1,0,0,0,0
11,1,1011101.0,2019,7,15,3,3,0,3,0,0,1,0,1,0,0,0,0
11,2,2020203.0,2019,7,23,3,3,0,1,2,1,0,0,0,0,0,0,0
11,1,1033102.0,2019,7,15,3,3,6,4,0,0,0,1,1,0,0,0,0
11,3,3061228.0,2019,7,20,3,3,1,5,1,1,1,0,0,0,0,0,0
11,4,4020312.0,2019,7,13,3,3,0,7,0,0,1,0,1,0,0,0,0
11,1,1011101.0,2019,7,20,3,2,0,1,0,1,0,0,0,0,0,0,0
11,8,8010117.0,2019,7,14,3,3,5,3,0,0,1,0,1,0,0,0,0
11,1,1011101.0,2019,7,20,3,3,5,3,0,0,1,0,0,0,0,0,0
11,5,5020417.0,2019,7,20,3,3,5,3,0,1,1,0,0,0,0,0,0
11,7,7010101.0,2019,7,19,3,3,5,7,0,0,1,0,1,0,0,0,0
11,9,9010202.0,2019,7,13,3,3,3,1,0,1,0,0,0,0,1,0,0
11,5,5040936.0,2019,7,12,3,3,2,2,0,1,1,0,0,0,0,0,0
11,8,8010404.0,2019,7,18,3,3,2,6,0,0,1,0,0,0,0,0,0
11,6,6040804.0,2019,7,18,3,3,5,2,0,1,1,0,0,0,0,0,0
11,4,4030725.0,2019,7,18,3,3,3,6,0,0,1,0,0,0,0,0,0
11,9,9010402.0,2019,7,17,3,3,2,7,0,0,1,0,1,0,0,0,0
11,8,8020728.0,2019,7,17,3,3,5,3,0,1,0,0,0,0,1,0,0
11,9,9051702.0,2019,7,10,3,2,1,5,0,0,1,0,1,0,0,0,0