LAND,BEZ,LOR_ab_2021,UJAHR,UMONAT,USTUNDE,UWOCHENTAG,UKATEGORIE,UART,UTYP1,ULICHTVERH,IstRad,IstPKW,IstFuss,IstKrad,IstGkfz,IstSonstige,USTRZUSTAND,lockdown
11,2,2020206.0,2019,8,16,3,3,0,7,0,1,1,0,0,0,0,1,0
11,2,2020206.0,2019,8,17,3,2,2,6,0,0,0,0,1,0,1,0,0
11,9,9031101.0,2019,8,17,3,3,3,6,0,1,1,0,0,0,0,0,0
11,1,1011105.0,2019,8,17,4,3,5,2,0,1,1,0,0,0,0,0,0
11,1,1011204.0,2019,8,17,3,3,0,3,0,0,1,0,1,0,0,1,0
11,4,4030620.0,2019,8,17,3,3,5,7,0,1,1,0,0,0,0,0,0
11,1,1022202.0,2019,8,17,4,3,0,2,0,1,1,0,0,0,0,0,0
11,3,3061126.0,2019,8,17,3,3,5,2,0,1,1,0,0,0,0,0,0
11,7,7070702.0,2019,8,17,4,3,5,3,0,1,1,0,0,0,0,0,0
11,1,1011203.0,2019,8,17,3,3,5,3,0,0,1,0,0,0,1,0,0
11,10,10010203.0,2019,8,17,4,3,5,3,0,1,0,0,0,0,1,0,0
11,6,6020303.0,2019,8,17,3,3,5,2,0,0,1,0,1,0,0,0,0
11,1,1011202.0,2019,8,8,4,3,5,2,0,1,0,0,1,0,0,0,0
11,3,3051021.0,2019,8,11,3,3,2,5,0,0,1,0,1,0,0,0,0
11,2,2010104.0,2019,8,16,4,3,6,7,0,1,0,1,0,0,0,0,0
11,8,8010117.0,2019,8,12,3,3,2,6,0,1,1,0,0,0,0,0,0
11,1,1044201.0,2019,8,16,4,2,1,5,0,0,1,0,1,0,0,0,0
11,1,1033101.0,2019,8,11,3,3,5,3,0,0,1,0,1,0,0,0,0
11,5,5030832.0,2019,8,11,3,3,6,7,0,0,1,1,0,0,0,0,0
11,1,1044201.0,2019,8,15,4,3,5,2,0,0,1,0,1,0,0,0,0
11,6,6040806.0,2019,8,10,3,3,1,5,0,1,1,0,0,0,0,0,0
11,4,4030623.0,2019,8,15,4,2,5,2,0,1,0,0,0,0,1,0,0
11,8,8010117.0,2019,8,9,3,3,5,3,0,0,1,0,1,0,1,0,0
11,12,12214527.0,2019,8,12,4,3,5,7,0,0,1,0,1,0,0,0,0
11,3,3030406.0,2019,8,9,3,3,0,3,0,0,1,0,0,0,1,0,0
11,6,6040703.0,2019,8,11,4,3,5,3,0,0,1,0,0,0,0,0,0
11,8,8010510.0,2019,8,8,3,3,5,2,0,1,1,0,0,0,0,0,0
11,4,4030620.0,2019,8,7,3,3,5,2,0,1,1,0,0,0,0,0,0
11,11,11030721.0,2019,8,10,4,3,5,5,0,0,1,0,0,0,1,0,0
11,1,1022105.0,2019,8,10,4,3,5,2,0,0,1,0,0,0,0,0,0
11,3,3040614.0,2019,8,7,3,3,5,3,0,1,1,0,0,0,0,0,0
11,11,11010103.0,2019,8,7,3,2,3,6,0,0,0,0,1,0,1,0,0
11,1,1022206.0,2019,8,10,4,2,6,7,0,0,1,1,0,0,0,0,0
11,9,9020802.0,2019,8,7,3,3,2,6,0,0,1,0,1,0,0,0,0
11,9,9010201.0,2019,8,9,4,3,5,2,0,1,1,0,0,0,0,0,0
11,4,4041238.0,2019,8,15,3,3,1,5,0,0,1,0,0,0,0,0,0
11,11,11030721.0,2019,8,16,3,3,4,6,0,1,1,0,0,0,0,0,0
11,7,7060603.0,2019,8,9,4,3,5,2,0,1,1,0,0,0,0,0,0
11,12,12231102.0,2019,8,15,3,3,0,3,0,0,0,0,1,0,1,1,0
11,5,5010206.0,2019,8,15,3,3,0,3,0,0,1,0,1,0,0,1,0
11,3,3071536.0,2019,8,7,4,3,5,2,0,1,0,0,0,0,1,0,0
11,4,4020207.0,2019,8,16,3,2,5,7,0,0,1,0,0,0,0,0,0
11,5,5020628.0,2019,8,15,3,3,0,3,0,0,1,0,1,0,0,0,0
11,1,1044201.0,2019,8,15,4,3,5,2,0,1,1,0,0,0,0,0,0
11,1,1044201.0,2019,8,14,3,3,6,4,0,1,0,1,0,0,0,0,0
11,3,3071537.0,2019,8,15,4,3,4,5,0,1,1,0,0,0,0,0,0
11,11,11030618.0,2019,8,16,3,3,3,6,0,1,0,0,0,0,0,0,0
11,7,7010102.0,2019,8,15,4,3,3,6,0,1,1,0,0,0,0,0,0
11,8,8010118.0,2019,8,14,3,3,0,2,0,0,1,0,1,0,0,0,0
11,3,3040614.0,2019,8,14,4,3,5,3,0,0,1,0,1,0,0,0,0
11,9,9020701.0,2019,8,14,3,2,5,2,0,0,1,0,1,0,0,0,0
11,9,9051702.0,2019,8,16,3,3,5,7,0,0,1,0,1,0,0,0,0
11,4,4020313.0,2019,8,14,4,3,6,2,0,0,1,1,0,0,0,0,0
11,12,12304314.0,2019,8,14,4,3,1,5,0,1,1,0,0,0,0,0,0
11,5,5030730.0,2019,8,13,3,3,5,2,0,1,1,0,0,0,0,0,0
11,1,1011402.0,2019,8,8,3,3,5,3,0,1,1,0,0,0,0,0,0
11,8,8010404.0,2019,8,13,4,2,5,3,0,0,1,0,1,0,0,0,0
11,4,4051550.0,2019,8,12,3,3,5,7,0,1,1,0,0,0,0,0,0
11,2,2040701.0,2019,8,13,4,3,5,3,0,0,1,0,0,0,0,0,0
11,12,12301203.0,2019,8,16,3,3,3,6,0,0,1,0,0,0,0,0,0
11,3,3050920.0,2019,8,13,4,3,5,3,0,0,1,0,0,0,0,0,0
11,2,2050802.0,2019,8,15,3,3,5,3,0,0,1,0,0,0,0,1,0
11,4,4030620.0,2019,8,13,4,2,1,5,0,0,1,0,0,0,1,0,0
11,3,3061430.0,2019,8,15,3,3,5,2,0,1,1,0,0,0,0,1,0
11,6,6040810.0,2019,8,7,4,3,0,2,0,0,1,0,1,0,0,0,0
11,12,12301203.0,2019,8,15,3,3,0,1,0,0,0,0,1,0,0,1,0
11,7,7010102.0,2019,8,12,4,3,1,5,0,1,1,0,0,0,1,0,0
11,9,9051901.0,2019,8,13,5,3,5,7,0,0,1,0,0,0,1,0,0
11,10,10040829.0,2019,8,13,5,3,1,5,0,1,1,0,0,0,0,0,0
11,1,1044101.0,2019,8,13,5,3,5,2,0,1,1,0,0,0,0,0,0
11,1,1011202.0,2019,8,12,5,3,2,7,0,1,1,0,0,0,0,0,0
11,1,1022106.0,2019,8,9,5,2,2,7,0,0,1,0,0,0,0,0,0
11,4,4020310.0,2019,8,9,5,2,5,2,0,1,0,0,0,1,0,0,0
11,1,1011306.0,2019,8,9,5,3,5,2,0,0,1,0,1,0,0,0,0
11,1,1044202.0,2019,8,9,5,3,0,5,0,0,1,0,1,0,0,0,0
11,11,11020411.0,2019,8,9,5,3,5,3,0,1,1,0,0,0,0,0,0
11,1,1044201.0,2019,8,8,5,3,5,3,0,0,1,0,0,0,0,0,0
11,7,7030303.0,2019,8,8,5,3,5,2,0,0,1,0,1,0,0,0,0
11,12,12214424.0,2019,8,8,5,3,3,6,0,0,1,0,0,1,0,0,0
11,1,1022206.0,2019,8,8,5,3,5,2,0,1,1,0,0,0,0,0,0
11,2,2040502.0,2019,8,8,5,3,5,2,0,1,1,0,0,0,0,0,0
11,9,9020601.0,2019,8,7,5,3,5,2,0,1,1,0,0,0,0,0,0
11,7,7010101.0,2019,8,3,5,3,6,6,2,0,0,1,0,0,1,0,0
11,12,12231101.0,2019,8,10,5,3,0,1,0,0,0,0,1,0,0,0,0
11,12,12214424.0,2019,8,16,4,3,5,2,0,1,1,0,0,0,0,0,0
11,12,12304314.0,2019,8,16,4,3,0,1,0,0,1,0,1,0,0,0,0
11,2,2020202.0,2019,8,4,4,3,5,3,2,0,1,0,0,0,0,1,0
11,3,3061126.0,2019,8,19,4,3,2,2,2,0,1,0,1,0,0,0,0
11,4,4030620.0,2019,8,19,4,3,5,3,1,0,1,0,1,0,0,0,0
11,6,6010205.0,2019,8,18,4,3,5,2,0,0,1,0,1,0,0,0,0
11,7,7030301.0,2019,8,18,4,3,5,7,0,1,0,0,0,0,1,0,0
11,2,2010101.0,2019,8,17,4,3,1,5,0,0,1,0,1,0,0,0,0
11,2,2050602.0,2019,8,16,4,3,1,5,0,1,1,0,0,0,0,0,0
11,2,2020206.0,2019,8,18,4,3,3,6,0,1,1,0,0,0,0,0,0
11,5,5020521.0,2019,8,17,4,3,0,3,0,1,1,0,0,0,0,0,0
11,6,6020409.0,2019,8,14,4,2,2,6,0,0,1,0,0,0,1,0,0
11,7,7030301.0,2019,8,17,4,3,3,6,0,1,1,0,0,0,0,0,0
11,4,4051652.0,2019,8,17,4,3,0,4,0,1,0,1,0,0,0,0,0
11,7,7010102.0,2019,8,15,4,3,3,6,0,1,1,0,0,0,0,0,0
11,7,7040403.0,2019,8,22,4,3,5,3,2,0,1,0,0,0,0,0,0
11,7,7020203.0,2019,8,19,4,3,5,2,0,1,1,0,0,0,0,0,0
11,1,1033201.0,2019,8,8,4,2,6,4,0,1,0,1,0,0,0,0,0
11,1,1011204.0,2019,8,8,4,3,5,3,0,1,1,0,0,0,0,0,0
11,5,5040934.0,2019,8,8,4,3,5,3,0,0,1,0,1,0,0,0,0
11,2,2040701.0,2019,8,7,4,3,5,2,0,0,1,0,0,0,0,0,0
11,12,12214422.0,2019,8,7,4,3,6,2,0,0,1,1,0,0,0,0,0
11,3,3020307.0,2019,8,7,4,3,6,2,0,0,1,1,0,0,0,0,0
11,5,5010314.0,2019,8,6,4,2,0,6,1,0,1,0,1,0,0,0,0
11,8,8020622.0,2019,8,6,4,3,5,3,0,1,0,0,0,0,1,0,0
11,7,7050504.0,2019,8,9,4,3,9,1,0,0,1,0,0,0,1,0,0
11,10,10010308.0,2019,8,17,4,2,5,2,0,0,1,0,1,0,0,0,0
11,1,1011203.0,2019,8,16,4,2,5,3,0,1,1,0,0,0,0,0,0
11,7,7020203.0,2019,8,15,4,3,0,1,0,0,1,0,1,0,0,0,0
11,12,12214527.0,2019,8,15,4,3,5,3,0,1,1,0,0,0,0,0,0
11,10,10010308.0,2019,8,15,4,3,5,3,0,1,1,0,0,0,0,0,0
11,9,9010401.0,2019,8,15,4,3,6,4,0,0,1,1,0,0,0,0,0
11,8,8010301.0,2019,8,15,4,3,5,2,0,1,1,0,0,0,0,0,0
11,6,6040809.0,2019,8,14,4,2,5,3,0,1,1,0,0,0,0,0,0
11,9,9020701.0,2019,8,14,4,3,5,2,0,0,1,0,0,0,0,0,0
11,2,2010101.0,2019,8,12,4,3,5,3,0,1,1,0,0,0,0,0,0
11,4,4030417.0,2019,8,11,4,3,5,2,0,1,0,0,1,0,0,0,0
11,8,8020728.0,2019,8,10,4,2,2,6,0,0,1,0,1,0,0,0,0
11,9,9031101.0,2019,8,9,4,3,5,3,0,0,1,0,0,0,1,0,0
11,4,4010102.0,2019,8,9,4,2,5,3,0,0,1,0,1,0,0,0,0
11,11,11010103.0,2019,8,9,4,3,5,2,0,1,0,0,0,0,1,0,0
11,10,10020517.0,2019,8,11,3,2,0,7,0,1,0,0,0,0,0,0,0
11,7,7040405.0,2019,8,15,3,3,2,6,0,0,1,0,0,0,0,0,0
11,7,7010101.0,2019,8,8,3,3,5,3,0,1,0,0,0,0,0,0,0
11,12,12214421.0,2019,8,21,3,3,0,1,2,0,0,0,1,0,0,0,0
11,3,3040614.0,2019,8,20,3,3,2,6,2,1,0,0,0,0,0,0,0
11,1,1011201.0,2019,8,18,3,3,5,3,0,1,0,0,0,0,0,0,0
11,6,6030609.0,2019,8,16,3,3,5,3,0,0,1,0,0,0,0,0,0
11,8,8030829.0,2019,8,19,3,2,1,1,0,0,1,0,0,0,1,0,0
11,2,2010102.0,2019,8,16,3,3,2,6,0,0,1,0,0,0,0,0,0
11,8,8010303.0,2019,8,16,3,3,2,6,0,0,1,0,0,0,1,0,0
11,12,12302110.0,2019,8,15,3,3,0,1,0,0,1,0,1,0,0,0,0
11,12,12224230.0,2019,8,15,3,3,5,3,0,1,0,0,0,0,0,0,0
11,2,2010102.0,2019,8,14,3,3,6,2,0,0,0,1,0,1,0,0,0
11,4,4010103.0,2019,8,14,3,3,5,3,0,1,1,0,0,0,0,0,0
11,1,1044202.0,2019,8,18,3,3,5,2,0,1,1,0,0,0,0,0,0
11,1,1011201.0,2019,8,18,3,3,1,5,0,1,1,0,0,0,0,0,0
11,2,2010103.0,2019,8,18,3,3,0,7,0,0,1,0,0,0,1,0,0
11,1,1022204.0,2019,8,18,3,3,1,5,0,1,1,0,0,0,1,0,0
11,4,4030931.0,2019,8,16,3,3,0,2,0,0,1,0,0,0,1,0,0
11,1,1011303.0,2019,8,9,3,3,0,5,0,1,0,0,0,1,0,0,0
11,8,8041036.0,2019,8,17,3,2,6,4,0,0,0,1,1,0,0,0,0
11,1,1011102.0,2019,8,17,3,2,6,7,0,1,0,1,0,0,0,0,0
11,5,5010339.0,2019,8,15,3,3,5,2,0,0,1,0,0,0,0,0,0
11,9,9031001.0,2019,8,15,3,2,5,2,0,1,1,0,0,0,0,0,0
11,1,1044102.0,2019,8,10,3,3,2,3,0,1,1,0,0,0,0,0,0
11,3,3040614.0,2019,8,10,3,3,2,3,0,0,1,0,1,0,0,0,0
11,3,3071638.0,2019,8,9,3,3,2,6,0,1,1,0,0,0,0,0,0
11,5,5020522.0,2019,8,9,3,3,2,2,0,0,1,0,0,0,0,0,0
11,12,12214125.0,2019,8,8,3,3,0,4,0,0,1,1,0,0,0,0,0
11,7,7040405.0,2019,8,9,3,3,5,2,0,1,1,0,0,0,0,0,0
11,9,9041401.0,2019,8,9,3,3,5,2,0,0,1,0,0,0,0,0,0
11,9,9020501.0,2019,8,7,3,3,5,2,0,1,0,0,0,1,0,0,0
11,2,2030302.0,2019,8,7,3,3,5,3,0,0,1,0,1,0,0,0,0
11,7,7060604.0,2019,8,8,3,1,6,4,0,0,0,1,0,1,0,0,0
11,2,2020206.0,2019,8,18,2,3,6,4,0,1,0,1,0,0,0,0,0
11,3,3030715.0,2019,8,10,2,3,3,6,0,1,0,0,0,0,0,0,0
11,1,1022104.0,2019,8,18,2,3,6,4,0,0,0,1,0,0,1,0,0
11,3,3051022.0,2019,8,13,2,3,4,6,0,0,1,0,1,0,0,0,0
11,3,3040614.0,2019,8,17,2,3,2,6,0,0,1,0,0,0,0,0,0
11,10,10030725.0,2019,8,17,2,2,2,7,0,0,1,0,0,0,0,0,0
11,4,4051445.0,2019,8,17,2,3,1,5,0,0,1,0,0,0,0,0,0
11,10,10040933.0,2019,8,17,2,3,5,2,0,0,1,0,0,0,1,0,0
11,7,7040406.0,2019,8,16,2,2,6,4,0,0,1,1,0,0,0,0,0
11,7,7040403.0,2019,8,16,2,3,5,2,0,0,1,0,1,0,0,0,0
11,12,12301205.0,2019,8,15,2,3,5,3,0,0,1,0,1,0,0,0,0
11,1,1044201.0,2019,8,15,2,3,5,3,0,0,1,0,0,0,0,0,0
11,7,7010102.0,2019,8,15,2,3,2,6,0,0,1,0,1,0,0,0,0
11,1,1022206.0,2019,8,23,2,3,6,4,2,0,1,1,0,0,0,0,0
11,5,5010313.0,2019,8,15,2,3,6,2,0,0,1,1,0,0,0,0,0
11,3,3071536.0,2019,8,19,2,3,6,4,0,1,0,1,0,0,0,0,0
11,11,11051331.0,2019,8,18,5,3,5,2,0,1,1,0,0,0,0,0,0
11,1,1011302.0,2019,8,19,2,3,5,2,0,1,1,0,0,0,0,0,0
11,6,6040810.0,2019,8,14,2,3,1,5,0,0,1,0,0,0,1,0,0
11,4,4041343.0,2019,8,19,2,3,5,2,0,1,1,0,0,0,0,0,0
11,2,2040703.0,2019,8,14,2,3,5,3,0,1,0,0,0,0,1,0,0
11,6,6010205.0,2019,8,19,2,2,5,7,0,0,0,0,1,0,1,0,0
11,11,11041128.0,2019,8,19,2,3,1,5,0,1,1,0,0,0,0,0,0
11,3,3051022.0,2019,8,17,2,3,2,6,0,1,1,0,0,0,0,0,0
11,1,1011303.0,2019,8,18,2,3,2,6,0,1,1,0,0,0,0,0,0
11,1,1011102.0,2019,8,13,2,3,2,6,0,0,1,0,0,0,0,0,0
11,10,10030726.0,2019,8,18,2,3,5,2,0,0,1,0,0,0,0,0,0
11,12,12231102.0,2019,8,12,2,3,5,3,0,0,1,0,1,0,0,0,0
11,6,6040810.0,2019,8,12,2,3,5,7,0,0,1,0,0,0,0,0,0
11,2,2030302.0,2019,8,12,2,3,2,2,0,0,1,0,0,1,0,0,0
11,2,2040501.0,2019,8,12,2,3,1,5,0,1,0,0,0,0,1,0,0
11,2,2030302.0,2019,8,11,2,3,5,3,0,0,1,0,0,0,0,0,0
11,6,6010101.0,2019,8,11,2,3,5,2,0,1,1,0,0,0,0,0,0
11,8,8030831.0,2019,8,11,2,2,6,2,0,0,1,1,0,0,0,0,0
11,4,4051655.0,2019,8,10,2,3,2,2,0,1,1,0,0,0,0,0,0
11,6,6020306.0,2019,8,8,2,3,5,3,0,0,1,0,0,0,1,0,0
11,4,4030929.0,2019,8,7,2,2,5,7,0,0,1,0,1,0,0,0,0
11,6,6030605.0,2019,8,6,2,3,2,6,0,0,1,0,1,0,0,0,0
11,1,1011102.0,2019,8,6,2,3,5,2,1,1,1,0,0,0,0,0,0
11,9,9010401.0,2019,8,5,2,3,0,1,1,0,1,0,1,0,0,1,0
11,2,7040401.0,2019,8,5,2,3,2,6,1,0,1,0,0,0,0,0,0
11,12,12214126.0,2019,8,11,2,3,0,7,0,0,1,0,0,0,0,0,0
11,6,6020411.0,2019,8,19,1,3,2,6,0,0,1,0,0,0,0,0,0
11,5,5010314.0,2019,8,19,1,3,0,6,0,0,0,0,1,0,1,1,0
11,8,8020622.0,2019,8,21,1,3,5,3,2,0,1,0,0,0,0,1,0
11,4,4020310.0,2019,8,13,1,3,2,3,0,0,1,0,0,0,0,0,0
11,9,9010402.0,2019,8,21,1,3,2,2,2,0,1,0,0,0,0,1,0
11,1,1011401.0,2019,8,22,1,2,0,7,2,0,0,0,0,0,1,1,0
11,7,7010104.0,2019,8,22,1,2,4,1,2,0,1,0,0,0,0,1,0
11,1,1011201.0,2019,8,18,1,3,0,1,0,0,0,0,1,0,0,1,0
11,11,11020412.0,2019,8,20,1,2,0,1,1,0,0,0,1,0,0,1,0
11,1,1011105.0,2019,8,19,1,2,5,2,0,0,1,0,0,0,0,1,0
11,1,1022106.0,2019,8,19,1,3,2,6,0,0,1,0,0,0,0,1,0
11,12,12302107.0,2019,8,19,1,3,2,6,0,0,1,0,0,0,0,1,0
11,4,4020312.0,2019,8,18,1,3,5,3,0,1,1,0,0,0,0,1,0
11,7,7070703.0,2019,8,18,1,3,5,2,0,1,1,0,0,0,0,1,0
11,7,7020203.0,2019,8,17,1,3,1,5,0,1,1,0,0,0,0,0,0
11,1,1011303.0,2019,8,17,1,3,5,2,0,0,1,0,0,0,1,1,0
11,2,2010103.0,2019,8,16,1,3,5,3,0,0,1,0,0,0,0,0,0
11,8,8020625.0,2019,8,16,1,2,1,5,0,0,1,0,0,0,0,0,0
11,3,3020203.0,2019,8,16,1,3,5,2,0,0,1,0,0,0,0,1,0
11,12,12103219.0,2019,8,14,1,3,5,3,0,0,1,0,0,0,0,0,0
11,4,4030416.0,2019,8,14,1,3,5,7,0,0,1,0,0,0,0,1,0
11,2,2020205.0,2019,8,13,1,3,6,2,0,1,0,1,0,0,0,1,0
11,5,5030730.0,2019,8,11,1,3,2,6,0,0,1,0,0,0,0,1,0
11,6,6020306.0,2019,8,11,1,2,5,3,0,0,1,0,0,0,0,1,0
11,7,7010102.0,2019,8,2,1,3,3,6,2,0,1,0,1,0,0,0,0
11,9,9010202.0,2019,8,21,1,3,2,6,2,0,1,0,0,0,1,1,0
11,7,7020203.0,2019,8,18,7,3,1,5,0,0,1,0,0,0,0,0,0
11,2,2040702.0,2019,8,4,7,3,1,1,2,0,1,0,0,0,0,0,0
11,4,4030725.0,2019,8,1,7,3,0,4,2,1,0,1,0,0,0,0,0
11,8,8010118.0,2019,8,13,7,3,5,2,0,1,1,0,0,0,0,0,0
11,12,12214126.0,2019,8,13,7,3,5,2,0,0,1,0,1,0,0,0,0
11,2,2020203.0,2019,8,13,7,3,6,4,0,1,0,1,0,0,0,0,0
11,1,1011102.0,2019,8,12,7,3,5,3,0,0,1,0,0,0,1,0,0
11,7,7040403.0,2019,8,12,7,3,5,2,0,0,1,0,0,0,0,0,0
11,1,1011202.0,2019,8,12,7,3,0,1,0,0,0,0,1,0,0,0,0
11,1,1044201.0,2019,8,11,7,3,2,6,0,0,1,0,0,0,0,0,0
11,2,2020204.0,2019,8,0,7,3,0,1,2,0,0,0,0,0,1,0,0
11,9,9020701.0,2019,8,22,7,2,5,2,2,0,1,0,0,0,0,0,0
11,1,1011304.0,2019,8,22,7,3,2,6,2,0,1,0,0,0,0,0,0
11,6,6020411.0,2019,8,20,7,3,6,7,2,1,0,1,0,0,0,0,0
11,7,7010104.0,2019,8,19,7,3,5,3,0,1,1,0,0,0,0,0,0
11,3,3030711.0,2019,8,18,7,3,0,7,0,1,0,0,0,0,0,0,0
11,9,9010202.0,2019,8,17,7,2,5,3,0,0,1,0,1,0,0,0,0
11,6,6020409.0,2019,8,17,7,3,2,6,0,0,1,0,0,0,0,0,0
11,2,2030401.0,2019,8,16,7,3,2,7,0,0,1,0,0,0,1,0,0
11,5,5020524.0,2019,8,16,7,2,0,1,0,1,0,0,0,0,0,0,0
11,5,5010314.0,2019,8,15,7,3,2,6,0,0,1,0,0,0,0,0,0
11,4,4041344.0,2019,8,15,7,3,5,3,0,1,1,0,0,0,0,0,0
11,6,6040810.0,2019,8,15,7,3,2,6,0,0,1,0,0,0,0,0,0
11,1,1044201.0,2019,8,15,7,3,1,5,0,0,1,0,1,0,0,0,0
11,2,2050802.0,2019,8,14,7,3,2,6,0,0,1,0,0,0,1,0,0
11,7,7050501.0,2019,8,14,7,3,2,6,0,1,1,0,0,0,0,0,0
11,11,11051331.0,2019,8,8,6,2,5,3,0,1,1,0,0,0,0,0,0
11,7,7030301.0,2019,8,19,6,3,6,7,0,0,1,1,0,0,0,0,0
11,12,12214421.0,2019,8,20,6,3,5,2,0,0,1,0,1,0,0,0,0
11,8,8010301.0,2019,8,19,6,3,3,6,0,1,1,0,0,0,0,0,0
11,1,1011304.0,2019,8,18,6,3,5,2,0,0,1,0,1,0,0,0,0
11,1,1011302.0,2019,8,17,6,3,3,6,0,0,1,0,1,0,0,0,0
11,9,9020701.0,2019,8,16,6,3,5,2,0,1,1,0,0,0,0,0,0
11,10,10040830.0,2019,8,16,6,3,2,6,0,0,1,0,0,0,1,0,0
11,1,1022101.0,2019,8,16,6,3,0,5,0,1,0,0,0,0,1,0,0
11,4,4051655.0,2019,8,16,6,3,6,4,0,0,1,1,0,0,0,0,0
11,1,1011305.0,2019,8,15,6,3,5,2,0,1,0,0,0,0,0,0,0
11,4,4031032.0,2019,8,15,6,3,2,6,0,0,1,0,0,0,0,0,0
11,6,6040804.0,2019,8,15,6,3,5,2,0,1,1,0,0,0,0,0,0
11,1,1044201.0,2019,8,14,6,3,5,3,0,1,1,0,0,0,0,0,0
11,1,1022106.0,2019,8,15,6,3,2,6,0,0,1,0,0,0,0,0,0
11,7,7050505.0,2019,8,15,6,3,2,7,0,0,1,0,0,0,0,0,0
11,9,9030902.0,2019,8,16,6,3,5,2,0,1,1,0,0,0,0,0,0
11,12,12304314.0,2019,8,14,6,3,5,7,0,0,1,0,1,0,0,0,0
11,4,4030518.0,2019,8,18,6,3,0,7,0,0,0,0,0,0,1,0,0
11,9,9041301.0,2019,8,17,6,3,2,6,0,1,1,0,0,0,0,0,0
11,7,7060604.0,2019,8,2,6,2,8,7,2,1,1,0,0,0,0,0,0
11,3,3061126.0,2019,8,7,6,3,2,6,0,0,1,0,1,0,0,0,0
11,3,3051017.0,2019,8,7,6,3,5,3,0,0,1,0,0,0,0,0,0
11,10,10030724.0,2019,8,7,6,3,1,5,0,1,1,0,0,0,0,0,0
11,11,11041128.0,2019,8,6,6,3,1,7,0,0,1,0,0,0,0,0,0
11,1,1011305.0,2019,8,0,6,2,0,1,2,1,0,0,0,0,0,0,0
11,1,1022104.0,2019,8,13,6,3,0,5,0,1,1,0,0,0,0,0,0
11,4,4031032.0,2019,8,13,6,3,2,6,0,0,1,0,0,0,0,0,0
11,3,3030405.0,2019,8,13,6,3,3,6,0,0,1,0,0,0,0,0,0
11,7,7040401.0,2019,8,13,6,3,1,5,0,0,1,0,1,0,0,0,0
11,10,10020413.0,2019,8,12,6,3,8,1,0,0,0,0,1,0,0,0,0
11,12,12214125.0,2019,8,12,6,3,5,2,0,1,1,0,0,0,0,0,0
11,3,3030406.0,2019,8,11,6,3,5,3,0,1,1,0,0,0,0,0,0
11,4,4030622.0,2019,8,11,6,3,5,2,0,0,1,0,0,0,0,0,0
11,1,1033203.0,2019,8,11,6,2,0,7,0,0,1,0,0,0,1,0,0
11,2,2030402.0,2019,8,10,6,3,2,6,0,0,1,0,0,0,0,0,0
11,4,4030417.0,2019,8,10,6,2,6,2,0,0,1,1,0,0,0,0,0
11,3,3020203.0,2019,8,10,6,3,9,1,0,0,1,0,0,0,0,0,0
11,4,4020209.0,2019,8,10,6,3,5,3,0,1,0,0,0,0,1,0,0
11,1,1011302.0,2019,8,9,6,3,5,3,0,1,1,0,0,0,0,0,0
11,1,1033201.0,2019,8,9,6,3,5,2,0,1,0,0,0,1,0,0,0
11,10,10010102.0,2019,8,10,6,3,3,6,0,1,0,0,0,0,1,0,0
11,3,3050923.0,2019,8,8,6,3,5,3,0,0,1,0,0,0,0,0,0
11,8,8010301.0,2019,8,10,6,3,5,2,0,1,1,0,0,0,0,0,0
11,5,5010312.0,2019,8,17,5,3,5,3,0,0,1,0,0,0,0,0,0
11,1,1022207.0,2019,8,8,6,3,1,5,0,0,1,0,1,0,0,0,0
11,10,10020517.0,2019,8,8,6,3,5,2,0,1,1,0,0,0,0,0,0
11,1,1011101.0,2019,8,16,5,3,1,7,0,1,1,0,0,0,0,0,0
11,1,1033101.0,2019,8,8,6,3,5,2,0,0,1,0,1,0,0,0,0
11,4,4031032.0,2019,8,9,6,3,1,5,0,1,1,0,0,0,0,0,0
11,3,3061228.0,2019,8,16,5,3,0,6,0,1,0,0,0,0,1,0,0
11,4,4030929.0,2019,8,9,6,3,1,5,0,1,0,0,0,0,1,0,0
11,3,3061430.0,2019,8,9,5,2,5,2,0,1,1,0,0,0,0,0,0
11,7,7010104.0,2019,8,15,6,2,5,2,0,1,0,0,0,0,1,0,0
11,3,3061228.0,2019,8,14,5,3,5,2,0,1,1,0,0,0,0,0,0
11,1,1044202.0,2019,8,15,6,3,0,1,0,0,0,0,1,0,0,0,0
11,2,2010102.0,2019,8,9,5,3,6,7,0,0,1,1,0,0,0,0,0
11,2,2040703.0,2019,8,9,6,3,5,3,0,1,1,0,0,0,0,0,0
11,4,4030930.0,2019,8,18,5,3,6,2,0,0,1,1,0,0,0,0,0
11,1,1011104.0,2019,8,14,6,2,5,3,0,1,1,0,0,0,0,0,0
11,7,7050502.0,2019,8,18,5,3,1,5,0,1,1,0,0,0,0,0,0
11,8,8010301.0,2019,8,23,5,3,2,2,2,0,1,0,0,0,0,0,0
11,6,6010209.0,2019,8,14,6,3,5,2,0,0,1,0,1,0,0,0,0
11,11,11051229.0,2019,8,22,5,3,0,1,2,1,0,0,0,0,0,0,0
11,8,8030830.0,2019,8,14,6,3,2,6,0,0,1,0,0,0,0,0,0
11,1,1011303.0,2019,8,22,5,3,2,6,2,0,1,0,1,0,0,0,0
11,5,5020625.0,2019,8,20,5,3,2,6,0,0,1,0,0,0,0,0,0
11,6,6020303.0,2019,8,14,6,3,0,6,0,1,0,0,0,0,0,0,0
11,12,12302109.0,2019,8,20,5,3,6,7,1,0,1,1,0,0,0,0,0
11,3,3061227.0,2019,8,9,6,3,5,3,0,1,1,0,0,0,0,0,0