LAND,BEZ,LOR_ab_2021,UJAHR,UMONAT,USTUNDE,UWOCHENTAG,UKATEGORIE,UART,UTYP1,ULICHTVERH,IstRad,IstPKW,IstFuss,IstKrad,IstGkfz,IstSonstige,USTRZUSTAND,lockdown
11,1,1011101.0,2019,8,18,1,3,1,5,0,1,1,0,0,0,0,0,0
11,8,8020727.0,2019,8,13,7,3,6,4,0,1,0,1,0,0,0,0,0
11,4,4051446.0,2019,8,13,7,3,2,6,0,0,1,0,0,0,0,0,0
11,5,5010206.0,2019,8,17,1,3,5,2,0,0,1,0,1,0,0,0,0
11,12,12301204.0,2019,8,17,1,3,0,1,0,0,0,0,1,0,0,0,0
11,2,2010102.0,2019,8,13,7,3,1,5,0,1,1,0,0,0,0,0,0
11,8,8020620.0,2019,8,13,7,3,2,6,0,0,1,0,0,0,0,0,0
11,6,6030504.0,2019,8,17,1,3,2,6,0,0,1,0,1,0,0,0,0
11,1,1044201.0,2019,8,13,7,3,1,6,0,0,1,0,0,0,0,0,0
11,6,6010103.0,2019,8,15,1,3,5,3,0,0,1,0,1,0,0,0,0
11,1,1033102.0,2019,8,12,7,3,2,6,0,0,1,0,0,0,0,0,0
11,2,2030302.0,2019,8,12,7,3,2,6,0,0,1,0,0,0,0,0,0
11,9,9020502.0,2019,8,14,1,3,1,6,0,0,1,0,1,0,0,0,0
11,8,8010301.0,2019,8,11,7,3,3,6,0,1,1,0,0,0,0,0,0
11,12,12302107.0,2019,8,10,7,3,2,2,0,0,1,0,1,0,0,0,0
11,4,4020311.0,2019,8,14,1,3,3,6,0,0,1,0,1,0,0,0,0
11,2,3061441.0,2019,8,9,7,3,1,6,0,1,1,0,0,0,0,0,0
11,1,1011201.0,2019,8,14,1,3,6,2,0,1,0,1,0,0,0,0,0
11,3,3040818.0,2019,8,8,7,3,1,5,0,1,1,0,0,0,0,0,0
11,9,9010301.0,2019,8,7,7,2,5,2,0,0,1,0,0,0,0,0,0
11,10,10010205.0,2019,8,21,1,2,0,1,2,1,0,0,0,0,0,0,0
11,1,1011304.0,2019,8,11,1,3,5,7,0,0,1,0,0,0,1,0,0
11,1,1011102.0,2019,8,4,7,3,8,1,2,0,1,0,0,0,0,0,0
11,7,7060601.0,2019,8,12,7,3,6,7,0,0,1,1,0,0,0,0,0
11,2,2040502.0,2019,8,10,1,3,5,2,0,0,1,0,0,0,0,0,0
11,2,2030301.0,2019,8,0,7,2,6,4,2,1,0,1,0,0,0,0,0
11,12,12214527.0,2019,8,3,1,3,0,1,2,1,0,0,0,0,0,0,0
11,5,5010314.0,2019,8,0,1,3,5,3,2,1,1,0,0,0,0,0,0
11,4,4030725.0,2019,8,13,7,3,5,2,0,1,1,0,0,0,0,0,0
11,7,7040405.0,2019,8,18,6,3,5,3,0,1,0,0,0,0,0,0,0
11,11,11030721.0,2019,8,22,7,2,0,1,2,1,0,0,0,0,0,0,0
11,4,4030931.0,2019,8,23,6,3,6,7,2,0,1,1,0,0,0,0,0
11,2,2020206.0,2019,8,22,7,3,2,7,2,1,1,0,0,0,0,0,0
11,8,8010212.0,2019,8,21,6,2,5,3,2,1,1,0,0,0,0,0,0
11,11,11051229.0,2019,8,10,7,3,0,7,0,1,0,0,0,0,0,0,0
11,3,3061429.0,2019,8,19,6,3,5,3,0,1,1,0,0,0,0,0,0
11,7,7010104.0,2019,8,18,7,3,5,3,0,0,1,0,0,0,0,0,0
11,4,4020312.0,2019,8,19,6,3,5,3,0,1,1,0,0,0,0,0,0
11,12,12214424.0,2019,8,18,7,3,2,6,0,0,1,0,0,0,0,0,0
11,6,6020411.0,2019,8,18,6,3,5,3,0,1,1,0,0,0,0,0,0
11,1,1011201.0,2019,8,17,7,3,5,2,0,1,1,0,0,0,0,0,0
11,3,3061228.0,2019,8,17,6,3,5,5,0,0,1,0,1,0,0,0,0
11,2,2030301.0,2019,8,23,7,3,1,5,2,1,1,0,0,0,0,0,0
11,4,4030725.0,2019,8,17,6,2,5,3,0,1,1,0,0,0,0,0,0
11,4,4030827.0,2019,8,17,6,2,0,7,0,1,0,0,0,0,0,0,0
11,5,5030730.0,2019,8,18,7,3,0,6,0,0,1,0,1,0,0,0,0
11,7,7010102.0,2019,8,16,6,3,5,2,0,0,1,0,1,0,0,0,0
11,7,7040402.0,2019,8,17,7,3,5,3,0,1,1,0,0,0,0,0,0
11,3,3010102.0,2019,8,13,6,3,4,6,0,0,1,0,0,0,0,0,0
11,1,1011303.0,2019,8,9,6,3,3,6,0,0,1,0,0,0,1,0,0
11,10,10030727.0,2019,8,15,7,3,0,7,0,1,0,0,0,0,0,0,0
11,1,1044202.0,2019,8,15,6,3,0,7,0,0,0,0,1,0,0,0,0
11,5,5010311.0,2019,8,23,7,3,2,6,2,0,1,0,0,0,0,0,0
11,4,4030725.0,2019,8,15,6,3,1,5,0,1,1,0,0,0,0,0,0
11,8,8010118.0,2019,8,21,7,3,3,6,2,0,1,0,1,0,0,0,0
11,12,12301203.0,2019,8,15,6,3,2,6,0,0,1,0,1,0,0,0,0
11,5,5010312.0,2019,8,19,7,3,6,4,1,0,1,1,0,0,0,0,0
11,12,12103220.0,2019,8,14,6,3,5,2,0,1,0,0,0,0,1,0,0
11,1,1011102.0,2019,8,13,6,3,5,3,0,1,1,0,0,0,0,0,0
11,5,5020627.0,2019,8,15,7,3,2,2,0,0,1,0,0,0,0,0,0
11,1,1033202.0,2019,8,19,7,2,0,7,0,1,0,0,0,0,0,0,0
11,7,7040403.0,2019,8,13,6,3,5,7,0,0,1,0,0,0,0,0,0
11,9,9020702.0,2019,8,14,7,3,5,3,0,1,1,0,0,0,0,0,0
11,8,8020622.0,2019,8,13,6,3,5,2,0,1,1,0,0,0,0,0,0
11,3,3040818.0,2019,8,14,7,3,2,3,0,0,1,0,0,0,0,0,0
11,4,4030827.0,2019,8,13,6,3,2,6,0,0,1,0,0,0,0,0,0
11,4,4030519.0,2019,8,12,6,3,5,2,0,1,1,0,0,0,0,0,0
11,9,9041501.0,2019,8,13,7,3,2,6,0,0,1,0,0,0,0,0,0
11,8,8030831.0,2019,8,13,7,3,5,2,0,0,1,0,0,0,0,0,0
11,9,9010302.0,2019,8,12,6,3,5,3,0,1,0,0,0,0,1,0,0
11,3,3040614.0,2019,8,11,6,3,0,3,0,1,0,0,0,0,1,0,0
11,9,9051901.0,2019,8,12,7,3,5,3,0,1,0,0,0,0,0,0,0
11,5,5020417.0,2019,8,11,6,3,0,3,0,0,1,0,1,0,0,0,0
11,7,7030303.0,2019,8,11,7,3,5,2,0,1,1,0,0,0,0,0,0
11,7,7050501.0,2019,8,9,6,3,1,5,0,1,1,0,0,0,0,0,0
11,1,1011204.0,2019,8,9,6,3,5,3,0,1,1,0,0,0,0,0,0
11,9,9041601.0,2019,8,11,7,2,8,1,0,0,0,0,1,0,0,0,0
11,8,8010404.0,2019,8,9,6,3,2,6,0,0,1,0,0,0,0,0,0
11,4,4030931.0,2019,8,6,7,2,8,7,0,0,1,0,0,0,0,1,0
11,12,12224229.0,2019,8,8,6,3,5,2,0,1,1,0,0,0,0,0,0
11,2,2030401.0,2019,8,12,7,3,5,3,0,0,1,0,0,0,0,0,0
11,8,8020727.0,2019,8,8,6,3,6,4,0,0,1,1,0,0,0,0,0
11,8,8010213.0,2019,8,16,7,3,5,3,0,1,1,0,0,0,0,0,0
11,1,1033101.0,2019,8,8,6,3,5,2,0,1,1,0,0,0,0,0,0
11,7,7070701.0,2019,8,7,6,3,1,5,0,0,1,0,0,1,0,0,0
11,3,3061434.0,2019,8,3,6,3,6,4,2,0,1,1,0,0,0,0,0
11,7,7020201.0,2019,8,15,6,3,5,3,0,0,1,0,0,0,0,0,0
11,2,2040701.0,2019,8,7,6,3,5,2,0,1,1,0,0,0,0,0,0
11,7,7040405.0,2019,8,9,6,3,6,4,0,0,1,1,0,0,0,0,0
11,6,6010207.0,2019,8,19,6,3,5,3,0,0,1,0,1,0,0,0,0
11,9,9051702.0,2019,8,16,6,2,5,7,0,0,1,0,1,0,0,0,0
11,2,2030302.0,2019,8,13,6,3,0,2,0,1,0,0,0,0,1,0,0
11,1,1011305.0,2019,8,16,6,2,1,5,0,0,1,0,0,0,1,0,0
11,1,1011302.0,2019,8,1,6,3,0,1,2,0,0,0,0,0,1,0,0
11,1,1033101.0,2019,8,13,6,2,5,2,0,0,1,0,0,0,0,0,0
11,9,9051901.0,2019,8,20,6,3,0,6,1,1,0,0,0,0,1,0,0
11,3,3071638.0,2019,8,8,6,3,0,6,0,0,0,0,1,0,0,0,0
11,3,3040818.0,2019,8,20,6,3,5,2,1,1,1,0,0,0,0,0,0
11,1,1022204.0,2019,8,8,6,2,5,3,0,1,0,0,0,0,0,0,0
11,9,9020701.0,2019,8,17,6,3,5,2,0,1,1,0,0,0,0,0,0
11,11,11051229.0,2019,8,11,6,3,0,6,0,0,1,0,0,0,0,0,0
11,6,6030608.0,2019,8,9,6,2,1,5,0,1,1,0,0,0,0,0,0
11,8,8020625.0,2019,8,19,6,2,0,2,0,0,1,0,0,0,1,0,0
11,4,4030417.0,2019,8,4,6,3,1,5,2,1,1,0,0,0,0,0,0
11,6,6010102.0,2019,8,19,6,2,6,4,0,1,0,1,0,0,0,0,0
11,1,1011401.0,2019,8,9,5,3,5,2,0,1,1,0,0,0,0,0,0
11,8,8010303.0,2019,8,18,6,3,2,6,0,1,1,0,0,0,0,0,0
11,1,1044201.0,2019,8,21,5,3,1,5,2,1,1,0,0,0,0,0,0
11,12,12103116.0,2019,8,18,6,3,1,5,0,1,1,0,0,0,0,0,0
11,12,12231102.0,2019,8,19,5,3,3,6,1,1,1,0,0,0,0,0,0
11,11,11030619.0,2019,8,18,5,3,5,3,0,1,0,0,0,0,0,0,0
11,2,2020206.0,2019,8,18,6,3,6,4,0,1,0,1,0,0,0,0,0
11,1,1011305.0,2019,8,17,6,3,1,5,0,1,0,0,0,0,1,0,0
11,7,7040405.0,2019,8,18,5,3,5,2,0,1,1,0,0,0,0,0,0
11,1,1011105.0,2019,8,18,5,3,2,6,0,0,1,0,0,0,0,0,0
11,7,7030301.0,2019,8,16,6,2,5,2,0,1,1,0,0,0,0,0,0
11,1,1011201.0,2019,8,17,5,3,5,3,0,1,0,0,0,0,1,0,0
11,4,4051655.0,2019,8,16,6,3,5,2,0,1,0,0,0,0,1,0,0
11,9,9030901.0,2019,8,19,5,3,5,3,0,0,1,0,1,0,0,0,0
11,1,1022106.0,2019,8,17,5,3,6,4,0,0,1,1,0,0,0,0,0
11,1,1011105.0,2019,8,22,6,3,2,2,2,1,1,0,0,0,0,0,0
11,4,4051654.0,2019,8,15,5,3,0,7,0,1,0,0,0,0,0,0,0
11,1,1011204.0,2019,8,15,5,3,5,3,0,1,1,0,0,0,0,0,0
11,9,9031001.0,2019,8,16,6,2,5,2,0,1,1,0,0,0,0,0,0
11,3,3040614.0,2019,8,15,5,3,5,3,0,1,0,0,0,0,0,0,0
11,6,6020303.0,2019,8,14,5,3,3,2,0,0,1,0,1,0,0,0,0
11,5,5030731.0,2019,8,22,6,3,5,2,2,1,1,0,0,0,0,0,0
11,7,7010102.0,2019,8,14,5,3,3,5,0,1,1,0,0,0,0,0,0
11,4,4041241.0,2019,8,22,6,2,5,2,2,1,1,0,0,0,0,0,0
11,3,3040614.0,2019,8,14,5,3,5,2,0,1,1,0,0,0,0,0,0
11,4,4030930.0,2019,8,21,6,3,5,2,1,1,1,0,0,0,0,0,0
11,2,2030302.0,2019,8,14,5,3,4,7,0,1,0,0,0,0,0,0,0
11,11,11030721.0,2019,8,20,6,3,0,2,1,1,1,0,0,0,0,0,0
11,5,5030832.0,2019,8,14,5,3,5,3,0,1,1,0,0,0,0,0,0
11,5,5040936.0,2019,8,14,5,3,5,2,0,1,1,0,0,0,0,0,0
11,8,8010117.0,2019,8,16,6,2,3,6,0,0,1,0,1,0,0,0,0
11,1,1011204.0,2019,8,16,6,3,5,3,0,0,1,0,0,0,1,0,0
11,4,4030620.0,2019,8,13,5,3,0,2,0,0,1,0,0,0,1,0,0
11,8,8040933.0,2019,8,14,5,2,2,6,0,0,1,0,0,0,0,0,0
11,12,12304314.0,2019,8,15,6,3,5,2,0,0,1,0,1,0,0,0,0
11,1,1011204.0,2019,8,12,5,3,5,3,0,1,0,0,0,0,0,0,0
11,1,1044101.0,2019,8,15,6,3,5,2,0,1,1,0,0,0,0,0,0
11,9,9010402.0,2019,8,12,5,3,5,3,0,0,1,0,0,0,0,0,0
11,5,5010339.0,2019,8,12,6,3,2,6,0,0,1,0,0,0,0,0,0
11,12,12214424.0,2019,8,10,5,3,0,6,0,0,1,0,1,0,0,0,0
11,5,5010209.0,2019,8,11,6,3,5,3,0,1,1,0,0,0,0,0,0
11,7,7040405.0,2019,8,10,5,3,0,7,0,0,1,0,0,0,1,0,0
11,1,1033201.0,2019,8,11,6,3,2,6,0,0,1,0,0,0,0,0,0
11,3,3040818.0,2019,8,13,1,3,5,3,0,0,1,0,0,0,0,0,0
11,9,9051801.0,2019,9,8,2,3,5,3,0,0,1,0,0,0,0,1,0
11,12,12304313.0,2019,9,7,2,3,5,3,0,0,1,0,0,0,1,1,0
11,8,8010301.0,2019,9,7,2,3,5,3,0,0,1,0,0,0,0,1,0
11,7,7050501.0,2019,9,6,2,3,2,2,2,0,1,0,0,0,1,1,0
11,8,8030831.0,2019,9,14,2,3,6,2,0,0,1,1,0,0,0,1,0
11,11,11051229.0,2019,9,6,2,3,5,2,1,1,1,0,0,0,0,1,0
11,4,4010102.0,2019,9,5,2,3,2,6,0,0,1,0,0,0,0,1,0
11,9,9051901.0,2019,9,18,2,3,5,3,0,1,1,0,0,0,0,1,0
11,4,4030415.0,2019,9,22,1,3,5,3,2,1,1,0,0,0,0,0,0
11,1,1033203.0,2019,9,3,1,3,1,5,2,0,1,0,0,0,0,0,0
11,8,8010212.0,2019,9,21,1,3,1,5,2,0,1,0,0,0,0,0,0
11,8,8010212.0,2019,9,21,1,2,6,7,2,1,0,1,0,0,0,0,0
11,7,7060603.0,2019,9,21,1,3,1,5,2,0,1,0,0,0,0,0,0
11,7,7040403.0,2019,9,18,1,3,2,7,0,0,1,0,1,0,0,0,0
11,7,7050505.0,2019,9,14,1,3,1,5,0,0,1,0,0,0,1,0,0
11,8,8010212.0,2019,9,2,1,2,0,1,2,1,0,0,0,0,0,0,0
11,2,2050802.0,2019,9,1,1,3,0,7,2,0,0,0,0,0,1,0,0
11,12,12231101.0,2019,9,0,1,2,0,1,2,1,0,0,0,0,0,0,0
11,2,2030301.0,2019,9,0,1,3,2,7,2,1,1,0,0,0,0,1,0
11,4,4030620.0,2019,9,0,1,3,5,3,2,0,1,0,0,0,0,0,0
11,12,12214125.0,2019,9,13,1,3,2,6,0,0,1,0,0,0,0,0,0
11,1,1011105.0,2019,9,13,1,3,0,7,0,0,0,0,0,0,1,0,0
11,8,8010118.0,2019,9,0,1,3,3,6,2,1,1,0,0,0,0,0,0
11,1,1044102.0,2019,9,11,1,3,5,2,0,0,1,0,0,0,0,0,0
11,7,7070701.0,2019,9,11,1,3,2,2,0,0,1,0,0,0,0,0,0
11,3,3030406.0,2019,9,11,1,3,5,3,0,0,1,0,0,0,0,0,0
11,11,11051330.0,2019,9,10,1,3,0,3,0,1,0,0,0,0,1,0,0
11,8,8010213.0,2019,9,21,7,3,5,3,2,1,1,0,0,0,0,0,0
11,4,4030620.0,2019,9,23,7,2,0,1,2,0,0,0,0,0,1,0,0
11,3,3040818.0,2019,9,23,7,2,5,3,2,0,1,0,0,0,0,0,0
11,6,6040804.0,2019,9,22,7,3,0,1,2,0,0,0,1,0,0,1,0
11,1,1044103.0,2019,9,17,7,3,6,4,0,0,1,1,0,0,0,0,0
11,6,6030502.0,2019,9,14,7,3,5,3,0,0,1,0,1,0,0,0,0
11,9,9051701.0,2019,9,16,7,3,5,3,0,1,1,0,0,0,0,0,0
11,5,5010101.0,2019,9,16,7,2,4,6,0,0,1,0,1,0,0,0,0
11,10,10030727.0,2019,9,16,7,3,2,6,0,0,1,0,0,0,0,0,0
11,8,8020625.0,2019,9,15,7,2,5,2,0,0,1,0,0,0,1,0,0
11,10,10040829.0,2019,9,15,7,3,5,2,0,0,1,0,1,0,0,0,0
11,8,8020621.0,2019,9,14,7,3,5,3,0,0,1,0,0,0,0,0,0
11,4,4030417.0,2019,9,14,7,3,0,1,0,0,0,0,1,0,0,0,0
11,3,3071536.0,2019,9,14,7,3,6,4,0,1,0,1,0,0,0,0,0
11,3,3050925.0,2019,9,14,7,3,1,1,0,1,1,0,0,0,0,0,0
11,4,4030726.0,2019,9,14,7,3,2,6,0,0,1,0,0,0,0,0,0
11,9,9020702.0,2019,9,11,7,3,0,1,0,1,0,0,0,0,0,0,0
11,1,1011401.0,2019,9,10,7,3,1,1,0,1,1,0,0,0,0,0,0
11,7,7030301.0,2019,9,9,7,3,5,3,0,1,1,0,0,0,0,0,0
11,8,8041039.0,2019,9,14,7,3,6,7,0,0,1,1,0,0,0,0,0
11,2,2020203.0,2019,9,1,7,3,1,5,2,1,1,0,0,0,1,0,0
11,2,2020205.0,2019,9,22,6,3,1,1,2,0,1,0,0,0,1,0,0
11,2,2010103.0,2019,9,21,6,3,0,1,2,1,0,0,0,0,0,0,0
11,2,2050803.0,2019,9,21,6,3,5,2,2,1,1,0,0,0,0,0,0
11,3,3010101.0,2019,9,20,6,2,5,2,2,0,1,0,1,0,0,0,0
11,3,3061131.0,2019,9,11,6,3,5,3,0,1,1,0,0,0,0,0,0
11,1,1011203.0,2019,9,11,6,2,6,2,0,0,1,1,0,0,0,0,0
11,4,4051655.0,2019,9,11,6,3,3,6,0,0,1,0,1,0,0,0,0
11,1,1044102.0,2019,9,10,6,3,2,6,0,0,1,0,0,0,0,0,0
11,7,7050504.0,2019,9,19,6,3,1,5,2,0,1,0,0,0,1,0,0
11,1,1011201.0,2019,9,15,6,2,0,1,0,0,0,0,0,0,1,0,0
11,1,1011306.0,2019,9,9,6,3,2,2,0,0,0,0,1,1,0,0,0
11,2,2020205.0,2019,9,19,6,3,6,4,1,0,1,1,0,0,0,0,0
11,9,9010402.0,2019,9,19,6,3,5,2,1,1,1,0,0,0,0,0,0
11,1,1011302.0,2019,9,8,6,3,2,2,0,1,1,0,0,0,0,0,0
11,1,1022103.0,2019,9,14,6,3,2,6,0,0,1,0,0,0,0,0,0
11,1,1044201.0,2019,9,8,6,3,3,6,0,0,1,0,1,0,0,0,0
11,1,1011306.0,2019,9,14,6,3,1,7,0,1,1,0,0,0,0,0,0
11,2,2040701.0,2019,9,8,6,3,0,7,0,0,0,0,0,1,0,0,0
11,11,11030720.0,2019,9,18,6,2,6,4,0,0,1,1,0,0,0,0,0
11,8,8020727.0,2019,9,7,6,2,6,4,0,0,1,1,0,0,0,0,0
11,4,4030621.0,2019,9,14,6,3,5,3,0,1,1,0,0,0,0,0,0
11,8,8010118.0,2019,9,18,6,3,1,5,0,0,1,0,0,0,0,0,0
11,1,1044203.0,2019,9,14,6,3,2,6,0,0,1,0,0,0,0,0,0
11,9,9020502.0,2019,9,6,6,3,5,3,0,0,1,0,0,0,0,0,0
11,7,7010101.0,2019,9,16,6,3,2,2,0,1,1,0,0,0,0,0,0
11,4,4041136.0,2019,9,13,6,3,5,2,0,1,1,0,0,0,0,0,0
11,10,10030727.0,2019,9,12,6,3,2,6,0,0,1,0,0,0,0,0,0
11,3,3050920.0,2019,9,16,6,3,5,2,0,1,1,0,0,0,0,0,0
11,5,5020627.0,2019,9,12,6,2,5,2,0,0,1,0,0,0,0,0,0
11,1,1033102.0,2019,9,16,6,3,9,1,0,0,1,1,0,0,0,0,0
11,12,12214422.0,2019,9,12,6,3,2,6,0,0,1,0,0,0,1,0,0
11,1,1044103.0,2019,9,16,6,3,5,2,0,1,1,0,0,0,0,0,0
11,10,10020414.0,2019,9,12,6,3,2,2,0,0,1,0,1,0,0,0,0
11,4,4020313.0,2019,9,11,6,2,3,6,0,0,1,0,1,0,0,0,0
11,1,1011402.0,2019,9,15,6,3,0,1,0,1,0,0,0,0,0,0,0
11,4,4030726.0,2019,9,15,6,2,5,2,0,1,1,0,0,0,0,0,0
11,4,4030623.0,2019,9,12,6,3,5,2,0,1,0,0,0,1,0,0,0
11,1,1011401.0,2019,9,19,6,1,9,7,1,0,1,1,0,0,1,0,0
11,4,4041343.0,2019,9,6,5,2,0,7,0,1,1,0,0,0,0,0,0
11,1,1011306.0,2019,9,4,5,2,6,2,2,0,1,1,0,0,0,1,0
11,7,7040405.0,2019,9,22,5,3,5,2,2,0,1,0,0,0,0,0,0
11,2,2020204.0,2019,9,20,5,3,2,6,2,0,1,0,0,0,0,0,0
11,6,6040810.0,2019,9,20,5,3,5,2,2,1,1,0,0,0,0,0,0
11,12,12214125.0,2019,9,18,5,2,0,7,0,1,0,0,0,0,0,0,0
11,10,10030727.0,2019,9,18,5,2,5,3,0,0,1,0,0,0,0,0,0
11,3,3071639.0,2019,9,21,5,3,5,3,2,1,1,0,0,0,0,0,0
11,6,6020303.0,2019,9,10,5,3,5,2,0,1,1,0,0,0,0,0,0
11,1,1022104.0,2019,9,17,5,3,5,3,0,1,0,0,0,0,0,1,0
11,10,10030727.0,2019,9,17,5,3,2,6,0,0,1,0,0,0,0,0,0
11,1,1044202.0,2019,9,12,5,3,2,6,0,0,1,0,0,0,0,0,0
11,12,12103218.0,2019,9,11,5,3,5,2,0,1,1,0,0,0,0,0,0
11,3,3061131.0,2019,9,11,5,3,5,2,0,1,1,0,0,0,0,0,0
11,3,3020209.0,2019,9,9,5,3,5,3,0,1,1,0,0,0,0,0,0
11,10,10010310.0,2019,9,9,5,3,2,6,0,0,1,0,0,1,0,0,0
11,4,4020313.0,2019,9,8,5,3,3,6,0,0,1,0,0,0,0,0,0
11,6,6030607.0,2019,9,8,5,3,2,6,0,0,1,0,0,1,0,0,0
11,7,7040406.0,2019,9,8,5,3,5,2,0,1,1,0,0,0,0,0,0
11,3,3040512.0,2019,9,8,5,3,0,2,0,1,1,0,0,0,0,0,0
11,9,9010402.0,2019,9,8,5,3,0,2,0,0,1,0,1,0,0,1,0
11,5,5030731.0,2019,9,8,5,2,5,3,0,1,0,0,0,0,1,0,0
11,4,4020209.0,2019,9,17,5,3,0,5,0,0,0,0,1,0,1,0,0
11,8,8020726.0,2019,9,17,5,3,5,3,0,0,1,0,0,0,0,0,0
11,12,12224230.0,2019,9,17,5,3,5,2,0,1,1,0,0,0,0,0,0
11,4,4051654.0,2019,9,17,5,2,6,7,0,0,1,1,0,0,0,0,0
11,4,4030726.0,2019,9,17,5,3,5,3,0,0,1,0,0,0,0,0,0
11,5,5040934.0,2019,9,16,5,2,0,1,0,1,0,0,0,0,0,0,0
11,5,5040936.0,2019,9,7,5,3,5,3,0,1,1,0,0,0,0,0,0
11,4,4030931.0,2019,9,15,5,3,6,4,0,0,1,1,0,0,0,0,0
11,9,9041401.0,2019,9,7,5,2,6,4,0,0,1,1,0,0,0,0,0
11,5,5010312.0,2019,9,15,6,2,5,3,0,0,1,0,1,0,0,0,0
11,10,10020414.0,2019,9,15,5,3,6,2,0,0,1,1,0,0,0,0,0
11,1,1022104.0,2019,9,15,6,3,1,5,0,1,1,0,0,0,0,0,0
11,6,6040701.0,2019,9,15,6,3,5,3,0,1,1,0,0,0,0,0,0
11,9,9020502.0,2019,9,7,5,3,0,1,0,0,0,0,1,0,0,1,0
11,1,1033102.0,2019,9,15,5,3,5,2,0,1,1,0,0,0,0,0,0
11,1,1011304.0,2019,9,21,6,3,2,6,2,0,1,0,0,0,0,0,0
11,4,4030518.0,2019,9,15,5,3,5,3,0,0,1,0,0,0,0,0,0
11,10,10020518.0,2019,9,6,5,3,5,3,1,0,1,0,0,0,0,1,0
11,4,4051549.0,2019,9,7,5,3,5,2,0,1,1,0,0,0,0,1,0
11,6,6010102.0,2019,9,11,5,3,0,1,0,1,0,0,0,0,0,0,0
11,2,2020205.0,2019,9,14,5,3,5,5,0,1,1,0,0,0,0,0,0
11,6,6040810.0,2019,9,16,5,3,5,2,0,1,1,0,0,0,0,0,0
11,6,6040804.0,2019,9,15,5,3,6,4,0,1,0,1,0,0,0,0,0
11,6,6030504.0,2019,9,6,5,2,2,7,0,0,1,0,0,0,1,1,0
11,7,7020201.0,2019,9,16,5,3,2,2,0,1,1,0,0,0,0,0,0
11,7,7020203.0,2019,9,14,5,3,5,7,0,0,0,0,1,0,1,0,0
11,1,1011304.0,2019,9,16,5,3,0,5,0,0,1,0,1,0,0,0,0
11,7,7010104.0,2019,9,14,5,3,5,3,0,1,1,0,0,0,0,0,0
11,4,4030620.0,2019,9,16,5,2,5,2,0,0,1,0,0,0,1,0,0
11,9,9010401.0,2019,9,14,5,3,0,2,0,0,1,0,1,0,0,0,0
11,7,7040402.0,2019,9,15,5,3,0,6,0,0,1,0,0,0,1,0,0
11,12,12214125.0,2019,9,15,5,3,2,2,0,0,1,0,1,0,0,0,0
11,4,4020310.0,2019,9,6,5,3,0,1,0,0,0,0,1,0,0,1,0
11,12,12301204.0,2019,9,6,5,3,5,3,0,0,1,0,1,0,0,1,0
11,5,5010312.0,2019,9,15,5,3,1,5,0,1,1,0,0,0,0,0,0
11,11,11030618.0,2019,9,15,5,3,1,5,0,0,1,0,0,0,0,0,0
11,12,12103117.0,2019,9,6,5,2,0,3,1,0,1,0,1,0,0,1,0
11,3,3010102.0,2019,9,14,5,3,5,3,0,0,1,0,0,0,0,0,0
11,8,8020622.0,2019,9,18,5,2,0,7,1,0,0,0,1,0,0,1,0
11,11,11040926.0,2019,9,14,5,2,6,4,0,1,0,1,0,0,0,0,0
11,2,2040703.0,2019,9,13,5,3,5,3,0,1,0,0,0,0,1,0,0
11,11,11030720.0,2019,9,13,5,2,5,3,0,1,1,0,0,0,0,0,0
11,12,12231101.0,2019,9,14,5,3,5,3,0,1,1,0,0,0,0,0,0
11,1,1044203.0,2019,9,13,5,3,2,6,0,0,1,0,0,0,0,0,0
11,12,12214424.0,2019,9,11,5,3,3,6,0,0,1,0,0,1,0,0,0
11,2,2040701.0,2019,9,11,5,3,2,6,0,1,0,0,0,0,0,0,0
11,4,4031032.0,2019,9,23,5,2,5,7,2,0,1,0,0,0,0,0,0
11,1,1022106.0,2019,9,14,5,3,6,4,0,0,0,1,0,0,1,0,0
11,10,10020414.0,2019,9,15,5,3,5,3,0,1,1,0,0,0,0,0,0
11,2,2040502.0,2019,9,12,4,3,2,6,0,1,1,0,0,0,0,0,0
11,2,2010102.0,2019,9,20,5,3,5,3,2,0,1,0,0,0,0,0,0
11,1,3071536.0,2019,9,14,4,3,3,3,0,1,1,0,0,0,0,0,0
11,3,3040818.0,2019,9,19,5,3,0,4,2,0,0,1,1,0,0,0,0
11,7,7020201.0,2019,9,18,5,2,3,6,0,0,1,0,0,0,0,0,0
11,1,1011302.0,2019,9,20,4,3,3,6,2,0,1,0,0,0,0,0,0
11,1,1044202.0,2019,9,19,4,3,5,2,0,1,1,0,0,0,0,0,0
11,4,4031032.0,2019,9,18,5,3,5,3,0,0,1,0,0,0,0,0,0
11,5,5020523.0,2019,9,18,5,2,5,3,0,1,1,0,0,0,0,0,0
11,7,7050504.0,2019,9,19,4,2,1,5,0,0,1,0,0,0,0,0,0
11,6,6030504.0,2019,9,17,5,2,5,2,0,0,1,0,1,0,0,0,0
11,1,1011302.0,2019,9,18,4,3,1,5,0,1,0,0,0,1,1,0,0
11,12,12103116.0,2019,9,17,5,2,6,4,0,0,1,1,0,0,0,0,0
11,12,12103117.0,2019,9,18,4,3,2,6,0,0,1,0,0,0,0,0,0
11,4,4031032.0,2019,9,10,5,3,1,5,0,1,1,0,0,0,0,0,0
11,4,4030417.0,2019,9,18,4,3,1,5,0,0,1,0,0,0,0,0,0
11,4,4051654.0,2019,9,10,5,3,5,3,0,0,1,0,1,0,0,0,0