LAND,BEZ,LOR_ab_2021,UJAHR,UMONAT,USTUNDE,UWOCHENTAG,UKATEGORIE,UART,UTYP1,ULICHTVERH,IstRad,IstPKW,IstFuss,IstKrad,IstGkfz,IstSonstige,USTRZUSTAND,lockdown
11,4,4041238.0,2019,11,15,3,3,5,2,0,1,1,0,0,0,0,1,0
11,7,7050501.0,2019,11,15,3,3,1,5,0,0,1,0,0,0,0,0,0
11,2,2030301.0,2019,11,14,3,3,5,3,0,1,1,0,0,0,0,1,0
11,2,2020203.0,2019,11,14,3,2,5,2,0,1,1,0,0,0,0,1,0
11,9,9010401.0,2019,11,16,3,3,2,6,2,0,1,0,0,0,0,0,0
11,1,1011203.0,2019,11,13,3,3,5,2,0,1,1,0,0,0,0,1,0
11,1,1033201.0,2019,11,12,3,3,5,3,0,0,1,0,1,0,0,0,0
11,6,6040810.0,2019,11,12,3,3,5,3,0,1,1,0,0,0,0,0,0
11,7,7010102.0,2019,11,12,3,3,0,1,0,0,0,0,1,0,0,1,0
11,3,3040614.0,2019,11,12,3,3,5,3,0,1,0,0,0,0,0,0,0
11,1,1022104.0,2019,11,11,3,3,3,6,0,1,1,0,0,0,0,1,0
11,4,4041238.0,2019,11,5,3,3,1,5,2,1,1,0,0,0,0,0,0
11,1,1022201.0,2019,11,22,2,3,0,1,2,0,0,0,1,0,0,1,0
11,1,1011305.0,2019,11,21,2,3,2,2,2,0,1,0,1,0,0,1,0
11,1,1022207.0,2019,11,20,2,3,2,6,2,0,1,0,0,0,1,1,0
11,1,1044103.0,2019,11,18,2,3,7,7,1,1,0,0,0,0,0,1,0
11,4,4030828.0,2019,11,19,2,3,6,4,2,0,1,1,0,0,0,1,0
11,1,1044202.0,2019,11,17,2,3,1,5,2,0,1,0,0,0,1,1,0
11,7,7050503.0,2019,11,13,2,3,2,6,0,0,1,0,0,0,0,1,0
11,7,7010102.0,2019,11,14,2,3,6,4,0,0,1,1,0,0,0,0,0
11,12,12301205.0,2019,11,14,2,3,5,7,0,0,1,0,0,0,0,1,0
11,12,12103218.0,2019,11,18,2,3,5,2,1,1,1,0,0,0,0,1,0
11,9,9051901.0,2019,11,14,2,3,5,7,0,0,1,0,0,0,1,0,0
11,3,3050920.0,2019,11,14,2,3,6,4,0,0,1,1,0,0,0,1,0
11,12,12302107.0,2019,11,18,2,3,5,3,1,0,1,0,0,0,0,1,0
11,4,4051448.0,2019,11,18,2,3,5,2,2,0,1,0,1,0,0,1,0
11,7,7050503.0,2019,11,14,2,3,6,4,0,0,1,1,0,0,0,0,0
11,6,6030609.0,2019,11,18,2,3,5,2,2,1,1,0,0,0,0,1,0
11,5,5030730.0,2019,11,18,2,3,2,6,2,0,1,0,0,0,0,1,0
11,2,2020203.0,2019,11,13,2,3,2,6,1,0,1,0,0,0,0,1,0
11,9,9010201.0,2019,11,17,2,3,6,2,2,0,1,1,0,0,0,1,0
11,1,1044203.0,2019,11,13,2,3,0,3,0,0,1,0,1,0,0,1,0
11,7,7060603.0,2019,11,13,2,3,1,5,0,0,1,0,0,0,0,0,0
11,3,3030406.0,2019,11,13,2,3,5,3,0,0,1,0,0,0,1,1,0
11,4,4051445.0,2019,11,13,2,3,5,3,0,0,1,0,0,0,0,1,0
11,6,6020305.0,2019,11,12,2,2,5,3,0,1,1,0,0,0,0,1,0
11,10,10040931.0,2019,11,12,2,3,0,3,0,0,1,0,0,0,0,1,0
11,1,1044203.0,2019,11,16,2,3,6,4,2,0,1,1,0,0,0,1,0
11,4,4020311.0,2019,11,15,4,2,6,7,0,0,1,1,0,0,0,0,0
11,1,1022106.0,2019,11,15,4,2,5,2,0,1,1,0,0,0,0,0,0
11,12,12103218.0,2019,11,16,2,3,1,5,1,1,0,0,0,0,1,0,0
11,8,8010508.0,2019,11,10,2,2,5,2,0,1,0,0,0,1,0,1,0
11,6,6030605.0,2019,11,15,2,3,5,2,0,0,0,0,1,1,0,0,0
11,8,8010213.0,2019,11,15,4,3,6,4,0,0,1,1,0,0,0,0,0
11,5,5030833.0,2019,11,10,2,3,4,6,0,0,1,0,0,0,0,1,0
11,4,4030724.0,2019,11,10,4,3,2,6,0,1,1,0,0,0,0,0,0
11,9,9020801.0,2019,11,9,2,3,3,6,0,0,1,0,0,0,0,1,0
11,1,1022104.0,2019,11,6,2,3,6,2,1,0,1,1,0,0,0,0,0
11,8,8010510.0,2019,11,8,4,3,0,3,0,0,1,0,0,0,1,0,0
11,8,8041036.0,2019,11,8,2,3,5,3,0,1,1,0,0,0,0,1,0
11,6,6040810.0,2019,11,7,2,3,5,2,0,1,1,0,0,0,0,1,0
11,9,9010302.0,2019,11,7,2,3,2,6,0,0,1,0,0,0,0,1,0
11,12,12103117.0,2019,11,8,4,3,5,2,0,0,1,0,0,0,0,0,0
11,11,11041128.0,2019,11,6,2,3,5,2,1,0,1,0,1,0,0,1,0
11,1,1033203.0,2019,11,7,2,3,0,6,1,1,1,0,0,0,0,1,0
11,11,11051330.0,2019,11,7,4,3,5,3,0,1,1,0,0,0,0,0,0
11,5,5020627.0,2019,11,7,2,3,5,2,0,0,1,0,0,0,1,1,0
11,10,10020622.0,2019,11,6,4,2,5,2,2,0,1,0,1,0,0,0,0
11,7,7040402.0,2019,11,6,2,3,6,2,1,0,1,1,0,0,0,1,0
11,11,11040925.0,2019,11,6,2,3,6,4,2,0,0,1,1,0,0,1,0
11,1,1011102.0,2019,11,8,4,3,2,3,0,1,0,0,0,0,0,0,0
11,3,3061430.0,2019,11,16,4,3,5,2,2,1,0,0,0,0,1,0,0
11,12,12304314.0,2019,11,13,1,3,0,7,0,0,0,0,1,0,0,1,0
11,12,12302109.0,2019,11,5,1,2,1,5,2,0,1,0,0,0,0,1,0
11,9,9010402.0,2019,11,11,3,3,5,7,0,0,0,0,0,0,1,0,0
11,1,1022106.0,2019,11,10,3,3,2,2,0,0,1,0,0,0,0,0,0
11,2,2050802.0,2019,11,3,1,3,0,1,2,1,0,1,0,0,0,1,0
11,3,3020210.0,2019,11,1,1,3,2,6,2,0,1,0,1,0,0,1,0
11,8,8020622.0,2019,11,17,1,3,2,7,2,0,1,0,0,0,0,1,0
11,2,2050801.0,2019,11,10,3,3,5,2,0,1,0,0,0,0,1,0,0
11,9,9041501.0,2019,11,17,1,3,0,1,2,1,0,0,0,0,0,1,0
11,1,1033202.0,2019,11,8,3,3,5,2,0,1,1,0,0,0,0,0,0
11,1,1033102.0,2019,11,15,1,3,5,3,0,1,1,0,0,0,0,1,0
11,1,1044201.0,2019,11,15,1,3,2,6,0,0,1,0,0,0,0,0,0
11,11,11051331.0,2019,11,8,3,3,5,3,0,0,1,0,0,0,1,0,0
11,3,3040513.0,2019,11,15,1,3,5,3,0,1,1,0,0,0,0,1,0
11,5,5030833.0,2019,11,14,1,3,0,7,0,0,0,0,1,0,0,1,0
11,1,1033101.0,2019,11,15,1,3,5,3,0,0,1,0,0,0,0,0,0
11,5,5010339.0,2019,11,8,3,3,5,7,0,0,1,0,0,0,0,0,0
11,2,2040502.0,2019,11,8,3,3,2,6,0,0,1,0,0,0,0,0,0
11,3,3051017.0,2019,11,14,1,3,0,1,0,1,0,0,0,0,0,1,0
11,2,2050802.0,2019,11,6,1,3,1,5,2,0,1,0,0,0,0,1,0
11,1,1011301.0,2019,11,8,3,2,5,2,0,1,1,0,0,0,0,0,0
11,6,6040807.0,2019,11,21,1,3,2,7,2,0,1,0,0,0,0,1,0
11,4,4030726.0,2019,11,19,5,3,6,2,2,0,1,1,0,0,0,1,0
11,5,5020523.0,2019,11,18,5,3,5,3,2,0,0,0,1,0,0,1,0
11,12,12214424.0,2019,11,18,5,3,6,4,2,0,1,1,0,0,0,1,0
11,9,9010302.0,2019,11,7,5,3,2,6,0,0,1,0,0,1,0,0,0
11,8,8020727.0,2019,11,6,5,3,6,4,1,0,1,1,0,0,0,0,0
11,3,3061126.0,2019,11,5,5,3,6,4,2,0,1,1,0,0,0,1,0
11,5,5010314.0,2019,11,7,5,3,5,2,0,0,1,0,0,0,1,0,0
11,3,3020307.0,2019,11,8,4,3,0,2,0,1,1,0,0,0,0,1,0
11,2,2040701.0,2019,11,21,4,3,5,3,2,0,1,0,0,0,0,1,0
11,11,11010310.0,2019,11,19,4,3,6,4,2,0,1,1,0,0,0,0,0
11,3,3030406.0,2019,11,19,4,3,5,3,2,0,1,0,0,0,0,1,0
11,2,2020206.0,2019,11,17,4,3,4,7,2,1,0,0,0,0,0,1,0
11,1,1033202.0,2019,11,17,4,3,5,3,2,1,1,0,0,0,0,1,0
11,10,10040828.0,2019,11,17,4,3,5,3,2,0,1,0,0,1,0,1,0
11,10,10010309.0,2019,11,17,4,3,5,2,2,1,1,0,0,0,0,1,0
11,5,5030731.0,2019,11,16,4,3,5,3,2,0,1,0,0,0,0,0,0
11,9,9010301.0,2019,11,22,4,3,0,1,2,0,0,0,0,0,1,0,0
11,8,8010118.0,2019,11,22,4,3,0,7,2,0,1,0,1,0,0,0,0
11,2,2020203.0,2019,11,19,4,3,0,2,2,0,1,0,1,0,0,1,0
11,4,4051445.0,2019,11,21,4,3,5,3,2,0,1,0,0,0,0,0,0
11,9,9020701.0,2019,11,12,4,3,5,3,0,0,1,0,0,0,0,1,0
11,7,7060604.0,2019,11,11,4,3,9,1,0,0,1,0,0,0,0,1,0
11,8,8010404.0,2019,11,10,4,3,2,6,0,1,1,0,0,0,0,1,0
11,1,1011202.0,2019,11,10,4,2,2,6,0,1,1,0,0,0,0,1,0
11,2,2050802.0,2019,11,10,4,3,5,7,0,1,1,0,0,0,0,1,0
11,8,8010301.0,2019,11,10,4,3,0,6,0,0,1,0,1,0,0,1,0
11,7,7050505.0,2019,11,9,4,3,4,7,0,1,0,0,0,0,0,0,0
11,11,11020514.0,2019,11,9,4,3,6,4,0,0,1,1,0,0,0,1,0
11,5,5010101.0,2019,11,8,4,3,0,1,0,0,0,0,1,0,0,1,0
11,4,4020313.0,2019,11,8,4,2,6,4,0,0,0,1,1,0,0,1,0
11,4,4051446.0,2019,11,8,4,2,6,2,0,0,0,1,0,1,0,1,0
11,4,4030827.0,2019,11,8,4,3,2,6,0,0,1,0,0,0,0,1,0
11,4,4030621.0,2019,11,6,4,3,6,4,1,0,1,1,0,0,0,1,0
11,6,6030610.0,2019,11,7,4,2,5,2,0,1,1,0,0,0,0,1,0
11,7,7060604.0,2019,11,7,4,3,3,6,2,0,1,0,0,1,0,1,0
11,4,4030518.0,2019,11,7,4,3,5,2,0,0,1,0,0,0,1,1,0
11,9,9010302.0,2019,11,16,4,2,5,3,2,1,1,0,0,0,0,0,0
11,4,4030931.0,2019,11,15,4,3,6,4,1,1,0,1,0,0,0,0,0
11,12,12214527.0,2019,11,14,4,3,0,1,0,0,1,0,1,0,0,1,0
11,11,11020514.0,2019,11,14,4,3,6,4,0,0,0,1,0,0,1,1,0
11,8,8020727.0,2019,11,13,4,3,4,6,0,0,1,0,0,0,0,1,0
11,5,5020523.0,2019,11,7,4,3,5,2,0,0,1,0,1,0,0,1,0
11,4,4030931.0,2019,11,7,4,3,0,3,1,1,1,0,0,0,0,1,0
11,4,4030415.0,2019,11,6,4,3,6,2,2,0,1,1,0,0,0,1,0
11,1,1011302.0,2019,11,9,4,3,3,6,0,1,1,0,0,0,0,1,0
11,5,5030731.0,2019,11,6,4,3,7,7,2,1,0,0,0,0,0,1,0
11,1,1033203.0,2019,11,5,4,2,5,2,2,1,1,0,0,0,0,1,0
11,1,1011402.0,2019,11,4,4,3,0,1,2,0,0,0,0,0,1,1,0
11,3,3071537.0,2019,11,13,3,3,6,4,0,0,1,1,0,0,0,1,0
11,1,1033102.0,2019,11,22,3,3,5,2,2,0,1,0,0,0,1,1,0
11,1,1011302.0,2019,11,22,3,2,6,4,2,0,0,1,1,0,0,1,0
11,4,4030518.0,2019,11,23,3,3,2,6,2,0,1,0,0,0,0,1,0
11,11,11010103.0,2019,11,21,3,3,5,3,2,1,1,0,0,0,0,1,0
11,7,7040406.0,2019,11,19,3,3,1,5,2,0,1,0,0,0,1,0,0
11,1,1011202.0,2019,11,19,3,3,6,7,2,0,1,1,0,0,0,1,0
11,5,5010206.0,2019,11,19,3,3,6,2,2,0,1,1,0,0,0,1,0
11,7,7020203.0,2019,11,20,3,2,6,2,2,0,1,1,0,0,0,1,0
11,3,3061126.0,2019,11,18,3,3,6,4,2,0,1,1,0,0,0,1,0
11,10,10010204.0,2019,11,17,3,3,2,6,2,0,1,0,0,0,0,0,0
11,7,7040403.0,2019,11,17,3,3,6,2,2,0,1,1,0,0,0,0,0
11,8,8020622.0,2019,11,17,3,2,6,4,1,0,1,1,0,0,0,0,0
11,8,8020620.0,2019,11,16,3,3,2,6,2,0,1,0,0,1,0,0,0
11,11,11041022.0,2019,11,16,3,3,5,2,2,1,1,0,0,0,0,0,0
11,4,4020310.0,2019,11,15,3,3,5,2,0,0,1,0,0,0,1,0,0
11,4,4030623.0,2019,11,14,3,3,5,3,0,1,1,0,0,0,0,0,0
11,5,5010314.0,2019,11,15,3,2,0,4,1,0,0,1,1,0,0,0,0
11,7,7070704.0,2019,11,19,3,2,1,7,2,0,1,0,0,0,0,0,0
11,7,7020203.0,2019,11,14,3,3,5,7,0,0,1,0,0,0,0,0,0
11,9,9041401.0,2019,11,14,3,3,2,6,0,0,1,0,0,0,0,0,0
11,4,4010102.0,2019,11,14,3,3,5,2,0,0,1,0,0,0,0,0,0
11,4,4010101.0,2019,11,15,3,3,2,6,0,0,1,0,0,0,0,0,0
11,1,1033203.0,2019,11,11,3,3,1,5,0,0,1,0,0,0,0,0,0
11,11,11030720.0,2019,11,11,3,3,2,6,0,0,1,0,0,0,0,0,0
11,7,7040403.0,2019,11,9,3,3,1,5,0,1,1,0,0,0,0,0,0
11,9,9020802.0,2019,11,10,3,2,6,7,0,0,1,1,0,0,0,0,0
11,2,2050601.0,2019,11,6,3,3,5,2,2,1,1,0,0,0,0,0,0
11,8,8010510.0,2019,11,9,3,3,5,3,0,0,1,0,0,0,1,0,0
11,8,8010404.0,2019,11,9,3,3,0,7,0,0,1,0,0,0,0,0,0
11,4,4051446.0,2019,11,8,3,3,5,2,0,1,1,0,0,0,0,0,0
11,1,1011402.0,2019,11,8,3,3,5,3,0,1,1,0,0,0,0,0,0
11,7,7040405.0,2019,11,8,3,3,5,3,0,0,1,0,0,0,0,0,0
11,9,9010401.0,2019,11,7,3,3,2,2,0,1,1,0,0,0,0,1,0
11,2,2030402.0,2019,11,7,3,3,8,1,1,1,0,0,0,0,0,1,0
11,3,3030715.0,2019,11,7,3,2,6,2,0,0,0,1,0,1,0,0,0
11,5,5010314.0,2019,11,8,2,3,5,2,0,1,1,0,0,0,0,0,0
11,8,8020625.0,2019,11,17,2,3,6,2,2,0,1,1,0,0,0,1,0
11,9,9031001.0,2019,11,18,2,3,5,2,2,1,0,0,0,1,0,1,0
11,4,4051655.0,2019,11,18,2,3,2,7,2,0,1,0,0,0,0,1,0
11,1,1022206.0,2019,11,17,2,3,0,1,2,1,0,0,0,0,0,1,0
11,6,6040810.0,2019,11,16,2,3,5,3,2,0,1,0,0,0,0,1,0
11,3,3061126.0,2019,11,17,2,3,5,2,2,1,1,0,0,0,0,1,0
11,2,2050802.0,2019,11,18,2,3,0,7,2,1,0,0,0,0,0,0,0
11,1,1011301.0,2019,11,16,2,3,6,2,1,0,1,1,0,0,0,1,0
11,12,12103117.0,2019,11,16,2,3,6,6,2,0,1,1,0,0,0,1,0
11,11,11030618.0,2019,11,16,2,3,0,3,2,0,1,0,0,0,1,1,0
11,4,4051448.0,2019,11,17,2,3,5,3,2,0,1,0,0,0,0,1,0
11,9,9030901.0,2019,11,17,2,2,6,4,2,0,1,1,0,0,0,1,0
11,10,10010309.0,2019,11,15,2,3,5,2,0,1,1,0,0,0,0,1,0
11,1,1011202.0,2019,11,17,2,3,6,4,2,1,0,1,0,0,0,1,0
11,2,2040701.0,2019,11,15,2,3,5,3,0,1,0,0,0,0,1,1,0
11,3,3020209.0,2019,11,13,2,2,5,3,1,1,1,0,0,0,0,1,0
11,7,7040401.0,2019,11,17,2,2,6,2,2,0,1,1,0,0,0,1,0
11,12,12304314.0,2019,11,13,2,3,5,3,0,0,1,0,0,0,0,1,0
11,4,4051551.0,2019,11,13,2,3,2,3,0,1,1,0,0,0,0,1,0
11,5,5020627.0,2019,11,17,2,3,2,6,2,0,1,0,0,0,1,1,0
11,12,12302211.0,2019,11,17,2,3,6,2,2,0,0,1,0,0,1,1,0
11,12,12214422.0,2019,11,12,2,2,5,2,0,1,0,0,0,1,0,0,0
11,10,10040931.0,2019,11,19,2,3,1,5,2,0,1,0,1,0,0,1,0
11,1,1022106.0,2019,11,12,2,2,5,2,0,0,1,0,1,0,0,1,0
11,1,1011302.0,2019,11,19,2,3,2,6,2,0,1,0,1,0,0,1,0
11,4,4010101.0,2019,11,10,2,3,5,2,0,0,1,0,0,0,1,1,0
11,5,5020521.0,2019,11,9,2,2,5,2,0,0,1,0,0,0,0,0,0
11,6,6010207.0,2019,11,9,2,3,2,2,0,0,1,0,0,0,0,1,0
11,3,3040614.0,2019,11,9,2,3,6,4,0,0,1,1,0,0,0,0,0
11,9,9020601.0,2019,11,8,2,2,6,4,0,0,1,1,0,0,0,1,0
11,9,9051901.0,2019,11,8,2,3,5,2,0,1,1,0,0,0,0,1,0
11,1,1022104.0,2019,11,8,2,3,5,2,0,1,0,0,0,0,1,0,0
11,1,1011301.0,2019,11,8,2,3,0,1,0,1,0,0,0,0,0,1,0
11,7,7050501.0,2019,11,7,2,3,2,6,0,0,1,0,1,0,0,1,0
11,8,8010301.0,2019,11,7,2,3,1,5,0,1,1,0,0,0,1,1,0
11,6,6020409.0,2019,11,7,2,3,6,4,0,0,1,1,0,0,0,1,0
11,12,12214125.0,2019,11,6,2,2,5,2,2,0,1,0,0,0,1,1,0
11,2,2040703.0,2019,11,16,1,2,6,4,2,0,1,1,0,0,0,1,0
11,12,12103219.0,2019,11,15,1,3,0,3,0,0,1,0,1,0,0,1,0
11,3,3050925.0,2019,11,15,1,3,5,3,0,1,1,0,0,0,0,1,0
11,9,9020802.0,2019,11,14,1,3,1,7,0,1,0,0,0,0,1,1,0
11,9,9051801.0,2019,11,13,1,3,0,7,0,0,0,0,1,0,0,1,0
11,2,2010101.0,2019,11,10,1,3,5,3,0,0,1,0,0,0,0,1,0
11,6,6030504.0,2019,11,9,1,3,5,3,0,0,1,0,0,0,0,1,0
11,12,12231101.0,2019,11,8,1,3,5,3,0,0,1,0,1,0,0,1,0
11,8,8010118.0,2019,11,17,1,2,6,4,2,0,1,1,0,0,0,1,0
11,2,2020203.0,2019,11,2,1,3,1,5,2,1,1,0,0,0,0,0,0
11,1,1033102.0,2019,11,23,1,3,5,3,2,0,1,0,0,0,0,1,0
11,12,12301203.0,2019,11,6,1,3,8,1,2,0,1,0,0,0,0,1,0
11,11,11040925.0,2019,11,21,1,3,4,1,2,0,1,0,0,0,0,1,0
11,3,3061228.0,2019,11,20,1,3,5,2,2,1,1,0,0,0,0,1,0
11,8,8020726.0,2019,11,20,1,2,6,3,2,0,1,1,0,0,0,1,0
11,8,8010117.0,2019,11,17,1,3,6,4,2,0,1,1,0,0,0,1,0
11,9,9010301.0,2019,11,17,1,2,5,2,2,0,1,0,0,0,0,1,0
11,7,7020203.0,2019,11,15,1,3,1,7,1,0,1,0,0,0,1,1,0
11,12,12301206.0,2019,11,7,1,3,9,1,2,0,1,0,0,0,0,1,0
11,2,2010102.0,2019,11,5,7,3,5,3,2,0,1,0,0,0,0,1,0
11,10,10020412.0,2019,11,14,7,3,5,2,0,0,1,0,0,0,0,0,0
11,8,8010117.0,2019,11,22,7,3,2,6,2,0,1,0,0,0,0,0,0
11,6,6030608.0,2019,11,19,7,3,6,2,2,0,1,1,0,0,0,0,0
11,2,2010103.0,2019,11,18,7,3,2,6,2,0,1,0,0,0,0,0,0
11,1,1033203.0,2019,11,18,7,3,2,6,2,0,1,0,0,0,0,0,0
11,1,1044103.0,2019,11,14,7,3,5,2,0,0,1,0,0,0,0,1,0
11,1,1011301.0,2019,11,0,7,2,1,5,2,0,1,0,0,0,1,0,0
11,5,5020419.0,2019,11,9,7,3,5,2,0,0,1,0,0,0,0,1,0
11,10,10010308.0,2019,11,7,7,3,0,1,2,0,0,0,1,0,0,1,0
11,6,6020409.0,2019,11,6,7,3,5,3,2,1,1,0,0,0,0,1,0
11,7,7030303.0,2019,11,20,7,3,2,6,2,0,1,0,0,0,0,0,0
11,6,6040809.0,2019,11,5,7,2,9,1,2,0,1,1,0,0,0,0,0
11,2,2020203.0,2019,11,20,7,3,5,2,2,0,1,0,0,0,0,0,0
11,3,3040614.0,2019,11,19,7,3,0,3,2,0,1,0,1,0,0,0,0
11,2,2040703.0,2019,11,18,7,3,2,6,2,0,1,0,0,0,0,0,0
11,9,9010202.0,2019,11,13,7,3,5,2,0,0,1,0,0,0,0,0,0
11,4,4051655.0,2019,11,13,7,3,5,7,0,0,1,0,0,0,0,0,0
11,4,4041238.0,2019,11,12,7,3,6,7,0,0,1,1,0,0,0,0,0
11,1,1011303.0,2019,11,2,7,3,0,2,2,0,1,0,0,0,0,0,0
11,11,11030619.0,2019,11,12,7,3,2,6,0,0,1,0,0,0,0,1,0
11,1,1044103.0,2019,11,10,7,2,0,5,0,0,1,0,1,0,0,1,0
11,1,1022104.0,2019,11,11,6,3,6,4,0,0,1,1,0,0,0,0,0
11,2,2020206.0,2019,11,22,6,3,0,3,2,1,1,0,0,0,0,0,0
11,11,11020515.0,2019,11,7,6,3,6,4,2,0,1,1,0,0,0,1,0
11,7,7030301.0,2019,11,19,6,3,5,2,2,1,1,0,0,0,0,0,0
11,4,4051448.0,2019,11,17,6,3,0,5,2,1,1,0,0,0,0,0,0
11,12,12214424.0,2019,11,17,6,3,2,6,2,0,1,0,0,0,0,0,0
11,1,1011201.0,2019,11,13,1,3,5,3,0,0,1,0,1,0,0,0,0
11,11,11041027.0,2019,11,12,1,3,5,3,0,1,1,0,0,0,0,0,0
11,7,7040401.0,2019,11,17,6,3,3,6,2,0,1,0,0,1,0,0,0
11,4,4020313.0,2019,11,12,1,3,3,6,0,0,1,0,0,0,1,0,0
11,4,4020310.0,2019,11,16,6,3,2,6,0,0,1,0,0,0,1,0,0
11,7,7020203.0,2019,11,11,1,3,0,5,0,1,1,0,0,0,0,0,0
11,3,3030406.0,2019,11,10,1,3,5,3,0,0,1,0,0,0,0,0,0
11,1,1033202.0,2019,11,16,6,3,0,1,0,1,0,0,0,0,0,1,0
11,4,4010101.0,2019,11,1,1,3,1,1,2,0,1,0,0,0,0,0,0
11,4,4041241.0,2019,11,16,1,3,6,2,2,0,1,1,0,0,0,0,0
11,9,9020802.0,2019,11,2,1,3,0,1,2,1,0,0,0,0,0,1,0
11,2,2040701.0,2019,11,14,6,3,5,3,0,1,1,0,0,0,0,0,0
11,3,3050919.0,2019,11,14,6,3,5,3,0,1,1,0,0,0,0,0,0
11,7,7050501.0,2019,11,19,1,2,6,4,2,0,1,1,0,0,0,0,0
11,1,1022204.0,2019,11,17,1,3,0,1,2,0,0,0,0,0,1,0,0
11,10,10030724.0,2019,11,15,6,2,5,3,0,1,1,0,0,0,0,0,0
11,11,11030720.0,2019,11,17,7,3,2,6,2,0,1,0,0,0,0,0,0
11,1,1011301.0,2019,11,17,7,2,0,1,2,1,0,0,0,0,0,0,0
11,7,7060604.0,2019,11,15,6,3,5,3,1,0,1,0,0,0,0,0,0
11,4,4030724.0,2019,11,14,6,3,5,3,0,0,1,0,0,0,0,0,0
11,1,1044103.0,2019,11,15,7,3,6,4,0,0,1,1,0,0,0,0,0
11,11,11030619.0,2019,11,13,7,3,2,6,0,0,1,0,0,0,0,0,0
11,3,3061227.0,2019,11,14,6,3,2,6,0,0,1,0,0,0,0,0,0
11,2,2040703.0,2019,11,14,6,3,2,2,0,0,0,0,1,0,1,0,0
11,3,3050925.0,2019,11,12,7,3,0,5,0,0,1,0,0,0,0,0,0
11,7,7060604.0,2019,11,12,7,3,3,6,0,1,1,0,0,0,0,0,0
11,11,11030721.0,2019,11,22,7,3,0,2,2,1,1,0,0,0,0,0,0
11,7,7040401.0,2019,11,12,6,3,6,7,0,0,1,1,0,0,0,0,0
11,10,10010311.0,2019,11,20,7,2,6,4,2,0,1,1,0,0,0,0,0
11,4,4030620.0,2019,11,14,6,3,0,7,0,1,1,0,0,0,0,0,0
11,1,1033101.0,2019,11,19,7,3,0,5,2,0,1,0,0,0,0,0,0
11,6,6020409.0,2019,11,20,7,2,4,6,2,0,1,0,0,0,0,0,0
11,1,1022102.0,2019,11,13,6,2,0,6,0,0,1,0,1,0,0,0,0
11,10,10020413.0,2019,11,19,7,3,0,1,2,0,0,0,1,0,0,0,0
11,12,12301203.0,2019,11,10,7,3,2,6,0,0,1,0,0,0,0,0,0
11,4,4030415.0,2019,11,10,7,3,5,2,0,0,1,0,0,0,0,0,0
11,11,11020411.0,2019,11,13,6,3,6,7,0,0,1,1,0,0,0,0,0
11,1,1011303.0,2019,11,13,6,2,0,2,0,1,1,0,0,0,0,0,0
11,8,8010211.0,2019,11,7,7,3,0,1,2,1,0,0,0,0,0,0,0
11,11,11020412.0,2019,11,2,7,3,9,1,2,0,1,0,0,0,0,1,0
11,1,1033101.0,2019,11,12,6,3,0,2,0,1,1,0,0,0,0,0,0
11,4,4041241.0,2019,11,12,6,3,1,5,0,1,1,0,0,0,0,0,0
11,12,12302110.0,2019,11,9,6,3,5,3,0,1,1,0,0,0,0,1,0
11,8,8020622.0,2019,11,17,6,3,6,2,2,0,1,1,0,0,0,0,0
11,1,1033203.0,2019,11,12,6,3,3,6,0,0,1,0,1,0,0,0,0
11,12,12214527.0,2019,11,21,6,3,5,3,2,0,1,0,0,0,0,0,0
11,1,1033102.0,2019,11,20,6,3,6,7,2,0,1,1,0,0,0,0,0
11,1,1011305.0,2019,11,10,6,3,5,5,0,1,0,0,0,0,1,0,0
11,5,5010339.0,2019,11,10,6,3,5,7,0,0,1,0,1,0,0,0,0
11,8,8020619.0,2019,11,19,6,3,5,2,2,0,1,0,0,0,0,0,0
11,2,2020205.0,2019,11,23,6,3,0,7,2,1,0,0,0,0,0,0,0
11,6,6040809.0,2019,11,19,6,2,1,7,2,0,1,0,0,0,0,1,0
11,3,3071536.0,2019,11,9,6,3,1,5,0,1,1,0,0,0,0,0,0
11,4,4041137.0,2019,11,19,6,3,3,5,2,0,1,0,1,0,0,1,0
11,5,5020417.0,2019,11,10,6,2,0,7,0,0,1,0,0,0,1,0,0
11,1,1011202.0,2019,11,18,6,3,5,2,2,1,1,0,0,0,0,0,0
11,2,2040701.0,2019,11,18,6,3,1,5,2,1,1,0,0,0,1,1,0
11,9,9010301.0,2019,11,8,6,3,2,6,0,0,1,0,0,0,0,0,0
11,1,1022206.0,2019,11,8,6,3,5,2,0,0,1,0,0,0,0,0,0
11,3,3050925.0,2019,11,18,6,3,0,5,2,0,1,0,0,0,0,0,0
11,11,11030618.0,2019,11,6,6,3,0,6,1,0,1,0,1,0,0,0,0
11,3,3061131.0,2019,11,17,6,3,2,6,2,0,1,0,0,0,0,0,0
11,3,3061126.0,2019,11,17,6,3,1,5,2,1,1,0,0,0,0,0,0
11,3,3050924.0,2019,11,8,6,3,6,7,0,1,0,1,0,0,0,0,0