LAND,BEZ,LOR_ab_2021,UJAHR,UMONAT,USTUNDE,UWOCHENTAG,UKATEGORIE,UART,UTYP1,ULICHTVERH,IstRad,IstPKW,IstFuss,IstKrad,IstGkfz,IstSonstige,USTRZUSTAND,lockdown
11,5,5010339.0,2019,11,6,6,2,6,4,2,0,1,1,0,0,0,0,0
11,8,8041035.0,2019,11,17,6,3,2,6,2,0,1,0,0,0,0,1,0
11,5,5020625.0,2019,11,17,6,2,0,1,2,1,0,0,0,0,0,0,0
11,1,1022103.0,2019,11,8,6,3,3,6,0,0,1,0,0,1,0,0,0
11,5,5020522.0,2019,11,5,6,2,6,4,2,0,0,1,0,0,1,0,0
11,9,9010402.0,2019,11,17,6,3,0,7,2,1,0,0,0,0,0,0,0
11,9,9020702.0,2019,11,17,6,3,6,7,2,0,1,1,0,0,0,0,0
11,10,10020413.0,2019,11,7,6,2,5,3,1,1,1,0,0,0,0,0,0
11,10,10030724.0,2019,11,17,6,3,0,5,2,0,1,0,0,0,0,0,0
11,7,7060604.0,2019,11,16,5,3,6,2,1,0,0,1,0,0,1,0,0
11,6,6020411.0,2019,11,11,6,3,5,3,0,0,1,0,0,0,0,1,0
11,9,9030901.0,2019,11,10,6,3,8,7,0,0,1,0,0,0,0,1,0
11,4,4030931.0,2019,11,19,5,3,6,7,2,0,0,1,0,0,1,0,0
11,12,12103117.0,2019,11,7,5,3,3,6,2,0,1,0,0,0,0,0,0
11,2,2030401.0,2019,11,16,6,3,1,5,1,1,1,0,0,0,0,0,0
11,10,10040932.0,2019,11,15,6,3,1,5,1,0,1,0,0,0,0,0,0
11,12,12231102.0,2019,11,7,5,3,5,3,0,1,1,0,0,0,0,0,0
11,6,6020410.0,2019,11,9,5,3,6,2,0,0,1,1,0,0,0,0,0
11,4,4030620.0,2019,11,15,6,3,5,2,0,0,1,0,0,0,1,0,0
11,7,7040401.0,2019,11,13,6,3,0,6,0,1,1,0,0,0,0,0,0
11,4,4030518.0,2019,11,1,5,3,5,2,2,0,1,0,0,1,0,0,0
11,9,9020802.0,2019,11,19,5,3,4,6,2,0,1,0,0,0,0,0,0
11,11,11010310.0,2019,11,13,6,3,6,4,0,0,1,1,0,0,0,0,0
11,2,2050602.0,2019,11,9,6,3,5,2,0,1,1,0,0,0,0,1,0
11,11,11020412.0,2019,11,9,6,3,5,2,0,0,1,0,0,0,0,0,0
11,10,10020517.0,2019,11,19,5,2,1,5,2,0,1,0,0,0,1,0,0
11,11,11010310.0,2019,11,18,5,2,6,4,2,0,0,1,0,0,1,0,0
11,3,3061227.0,2019,11,9,6,3,5,3,0,0,1,0,0,0,0,0,0
11,10,10040931.0,2019,11,13,6,3,5,3,0,0,1,0,0,0,0,0,0
11,1,1044201.0,2019,11,17,5,3,2,6,2,0,1,0,0,0,0,0,0
11,10,10020413.0,2019,11,15,5,3,5,3,0,1,1,0,0,0,0,0,0
11,1,1033203.0,2019,11,8,6,3,2,6,0,0,1,0,1,0,0,1,0
11,2,2050804.0,2019,11,7,6,3,0,6,1,0,1,0,1,0,0,1,0
11,7,7040403.0,2019,11,15,5,3,5,2,0,1,1,0,0,0,0,0,0
11,3,3061227.0,2019,11,12,6,3,5,3,0,0,1,0,0,0,0,0,0
11,8,8041037.0,2019,11,12,5,2,5,2,0,1,1,0,0,0,0,0,0
11,1,1044201.0,2019,11,6,6,3,2,6,2,0,1,0,0,0,0,1,0
11,10,10020414.0,2019,11,7,6,2,6,2,2,0,1,1,0,0,0,1,0
11,7,7070701.0,2019,11,12,5,2,1,7,0,0,1,0,0,0,0,0,0
11,4,4030929.0,2019,11,12,5,3,2,6,0,0,1,0,0,0,0,0,0
11,1,1022103.0,2019,11,5,6,3,5,2,2,1,0,0,0,1,0,1,0
11,8,8010404.0,2019,11,5,6,3,6,2,2,0,1,1,0,0,0,1,0
11,10,10010207.0,2019,11,11,5,3,3,6,0,0,1,0,0,0,1,0,0
11,1,1011304.0,2019,11,10,5,3,5,7,0,1,1,0,0,0,0,0,0
11,9,9041301.0,2019,11,12,6,2,4,6,0,0,1,0,0,0,0,1,0
11,9,9041501.0,2019,11,11,6,3,2,6,0,0,1,0,0,0,0,1,0
11,6,6030609.0,2019,11,15,5,3,2,6,0,0,1,0,1,0,0,0,0
11,5,5020417.0,2019,11,11,6,3,1,5,0,1,0,0,0,0,1,1,0
11,1,1022201.0,2019,11,14,5,3,5,2,0,1,1,0,0,0,0,0,0
11,11,11030721.0,2019,11,13,5,3,5,2,0,1,1,0,0,0,0,0,0
11,1,1011305.0,2019,11,11,6,3,3,5,0,1,1,0,0,0,0,0,0
11,11,11010308.0,2019,11,13,5,3,6,4,0,0,1,1,0,0,0,0,0
11,7,7030303.0,2019,11,19,6,3,0,7,2,0,0,0,0,0,1,1,0
11,1,1033203.0,2019,11,22,5,3,5,2,2,0,1,0,1,0,0,0,0
11,11,11030720.0,2019,11,19,5,3,3,6,2,1,0,0,0,0,1,0,0
11,8,8010404.0,2019,11,14,5,3,5,2,0,1,1,0,0,0,0,0,0
11,5,5030833.0,2019,11,17,5,3,2,6,2,0,1,0,0,0,0,1,0
11,12,12224230.0,2019,11,10,5,3,5,3,0,0,1,0,0,0,0,0,0
11,12,12304314.0,2019,11,17,5,2,6,2,2,0,1,1,0,0,0,1,0
11,4,4010102.0,2019,11,17,5,2,5,2,2,0,1,0,1,0,0,1,0
11,10,10010308.0,2019,11,17,5,3,2,6,2,0,1,0,0,0,0,1,0
11,10,10010310.0,2019,11,17,5,3,6,2,2,0,1,1,0,0,0,1,0
11,7,7020201.0,2019,11,16,5,3,2,6,2,0,1,0,0,0,0,1,0
11,11,11041027.0,2019,11,19,5,3,6,3,2,0,1,1,0,0,0,0,0
11,8,8010301.0,2019,11,9,5,3,5,3,0,0,1,0,1,0,0,0,0
11,3,3030406.0,2019,11,16,5,3,1,5,2,1,1,0,0,0,1,1,0
11,1,1011303.0,2019,11,17,5,3,6,4,2,0,1,1,0,0,0,1,0
11,4,4030827.0,2019,11,16,5,3,6,2,2,0,1,1,0,0,0,1,0
11,9,9031101.0,2019,11,8,5,3,5,3,0,0,1,0,1,0,0,0,0
11,7,7010101.0,2019,11,16,5,2,6,4,2,0,1,1,0,0,0,1,0
11,7,7050505.0,2019,11,9,5,2,1,7,0,0,1,0,0,0,1,0,0
11,1,1033202.0,2019,11,16,5,3,5,2,2,1,1,0,0,0,0,1,0
11,1,1011203.0,2019,11,16,5,3,5,2,1,0,1,0,0,0,1,1,0
11,2,2010103.0,2019,11,6,5,3,5,5,2,1,0,0,0,0,1,0,0
11,12,12103116.0,2019,11,15,5,3,6,4,1,0,1,1,0,0,0,1,0
11,12,12301205.0,2019,11,15,5,3,6,4,0,0,1,1,0,0,0,1,0
11,3,3061434.0,2019,11,15,5,3,5,2,1,1,0,0,0,0,1,0,0
11,9,9010402.0,2019,11,9,5,3,6,2,0,0,1,1,0,0,0,0,0
11,6,6040810.0,2019,11,15,5,3,6,4,1,0,0,1,0,0,1,1,0
11,9,9051702.0,2019,11,14,5,3,0,1,0,1,0,0,0,0,0,1,0
11,12,12231101.0,2019,11,9,5,3,5,3,0,1,1,0,0,0,0,0,0
11,6,6010206.0,2019,11,14,5,2,0,7,0,0,1,0,0,0,0,1,0
11,1,1011302.0,2019,11,1,5,3,0,1,2,0,0,0,0,0,1,0,0
11,1,1022201.0,2019,11,12,5,3,6,4,0,0,1,1,0,0,0,1,0
11,6,6030609.0,2019,11,12,5,2,6,2,0,0,1,1,0,0,0,0,0
11,1,2030302.0,2019,11,0,5,3,0,1,2,1,0,0,0,0,0,1,0
11,2,2010102.0,2019,11,20,4,3,6,4,2,0,1,1,0,0,0,0,0
11,1,1011303.0,2019,11,12,5,2,3,6,0,1,0,0,0,0,1,0,0
11,3,3020210.0,2019,11,12,5,3,5,3,0,0,1,0,0,0,1,0,0
11,9,9051901.0,2019,11,17,4,3,0,5,2,0,1,1,0,0,1,1,0
11,8,8010115.0,2019,11,7,4,3,5,3,1,1,0,0,0,0,1,0,0
11,4,4030827.0,2019,11,10,5,3,6,4,0,0,1,1,0,0,0,0,0
11,12,12302212.0,2019,11,11,5,3,1,5,0,0,1,0,0,0,0,1,0
11,4,4030623.0,2019,11,9,5,3,5,2,0,1,1,0,0,0,0,0,0
11,2,2030302.0,2019,11,20,4,3,6,4,2,0,1,1,0,0,0,0,0
11,2,2030301.0,2019,11,9,5,3,5,3,0,1,1,0,0,0,0,0,0
11,9,9020701.0,2019,11,19,4,3,5,3,2,1,1,0,0,0,0,0,0
11,6,6010207.0,2019,11,8,5,3,2,2,0,1,1,0,0,0,0,0,0
11,2,2010102.0,2019,11,22,5,3,5,3,2,1,1,0,0,0,0,1,0
11,4,4051656.0,2019,11,18,4,3,5,2,2,1,1,0,0,0,0,0,0
11,10,10040931.0,2019,11,20,5,3,5,2,2,0,1,0,0,0,0,1,0
11,2,2050804.0,2019,11,18,5,3,2,6,2,0,1,0,0,0,0,1,0
11,1,1033201.0,2019,11,20,5,3,6,2,2,0,1,1,0,0,0,1,0
11,2,2010103.0,2019,11,18,4,3,5,2,2,1,1,0,0,0,0,0,0
11,12,12103115.0,2019,11,18,4,2,6,4,2,0,1,1,0,0,0,0,0
11,1,1044203.0,2019,11,19,5,2,1,1,2,0,1,0,0,1,0,1,0
11,12,12231102.0,2019,11,19,5,2,1,5,2,1,1,0,0,0,0,1,0
11,2,2030401.0,2019,11,14,4,3,5,3,0,0,1,0,0,0,0,0,0
11,4,4020310.0,2019,12,22,4,3,4,1,2,0,1,0,0,1,0,0,0
11,2,2030301.0,2019,12,22,4,3,5,2,2,0,1,0,1,0,0,0,0
11,8,8041035.0,2019,12,21,4,3,1,1,2,0,1,0,0,0,0,0,0
11,2,2050801.0,2019,12,12,4,2,1,1,0,1,1,0,0,0,0,1,0
11,1,1022104.0,2019,12,11,4,3,2,6,0,0,1,0,0,0,0,0,0
11,8,8010405.0,2019,12,9,4,3,1,5,0,1,1,0,0,0,1,0,0
11,4,4051448.0,2019,12,9,4,3,2,2,0,1,1,0,0,0,0,1,0
11,11,10010203.0,2019,12,9,4,3,5,2,0,1,1,0,0,0,0,0,0
11,4,4041240.0,2019,12,9,4,3,5,3,0,1,1,0,0,0,0,1,0
11,2,2040703.0,2019,12,9,4,2,6,4,0,0,1,1,0,0,0,0,0
11,1,1011203.0,2019,12,9,4,3,1,5,0,1,1,0,0,0,1,0,0
11,9,9020502.0,2019,12,8,4,3,5,3,0,0,1,0,0,0,0,1,0
11,5,5010311.0,2019,12,8,4,3,3,6,0,0,1,0,1,0,0,1,0
11,3,3040614.0,2019,12,5,4,3,0,3,2,0,0,0,1,0,0,1,0
11,6,6040805.0,2019,12,16,4,3,0,2,2,0,1,1,0,0,0,0,0
11,1,1044102.0,2019,12,16,4,3,1,5,2,1,1,0,0,0,1,1,0
11,6,6030609.0,2019,12,14,4,3,5,2,0,0,1,0,0,0,0,0,0
11,9,9010302.0,2019,12,14,4,3,5,3,0,1,1,0,0,0,0,0,0
11,10,10010309.0,2019,12,15,3,3,4,6,1,1,1,0,0,0,0,1,0
11,5,5010314.0,2019,12,11,3,2,6,4,0,0,1,1,0,0,0,1,0
11,6,6030503.0,2019,12,9,3,3,0,2,0,1,1,0,0,0,0,1,0
11,11,11020411.0,2019,12,9,3,2,6,4,0,0,1,1,0,0,0,1,0
11,2,2040503.0,2019,12,10,3,3,2,6,0,0,1,0,0,0,1,1,0
11,4,4020311.0,2019,12,9,3,3,5,3,0,0,1,0,0,0,0,1,0
11,7,7040403.0,2019,12,9,3,2,5,3,0,0,1,0,0,0,0,2,0
11,8,8010303.0,2019,12,8,3,3,3,6,0,1,1,0,0,0,0,0,0
11,8,8020621.0,2019,12,8,3,3,2,6,0,0,1,0,0,0,0,0,0
11,11,11030824.0,2019,12,7,3,3,0,1,0,1,0,0,0,0,0,2,0
11,6,6030503.0,2019,12,8,3,3,6,2,0,0,1,1,0,0,0,0,0
11,2,2020203.0,2019,12,7,3,3,0,2,0,1,0,0,0,0,1,2,0
11,9,9020701.0,2019,12,7,3,3,5,2,1,0,1,0,1,0,0,1,0
11,5,5030730.0,2019,12,5,3,3,1,5,2,0,1,0,0,0,0,2,0
11,12,12304314.0,2019,12,5,3,3,5,2,2,0,1,0,0,0,0,2,0
11,1,1011401.0,2019,12,21,3,3,6,2,2,0,1,1,0,0,0,1,0
11,12,12304313.0,2019,12,20,3,3,5,2,2,0,1,0,0,0,0,0,0
11,3,3050925.0,2019,12,20,3,3,0,1,2,0,0,0,1,0,0,2,0
11,9,9010402.0,2019,12,20,3,3,5,2,2,1,1,0,0,0,0,1,0
11,9,9041501.0,2019,12,17,3,3,1,1,2,0,1,0,1,0,0,1,0
11,3,3061429.0,2019,12,17,3,3,5,2,2,1,1,0,0,0,0,1,0
11,3,3051017.0,2019,12,17,3,3,2,6,2,0,1,0,0,0,0,1,0
11,10,10040931.0,2019,12,18,3,3,2,2,2,0,1,0,0,0,0,1,0
11,1,1011302.0,2019,12,18,3,3,1,5,2,1,1,0,0,0,0,1,0
11,1,1011304.0,2019,12,16,3,3,2,2,2,0,1,0,0,0,0,1,0
11,11,11051331.0,2019,12,7,3,3,0,6,1,1,1,0,0,0,0,2,0
11,7,7040404.0,2019,12,17,3,3,6,2,2,0,1,1,0,0,0,1,0
11,12,12103117.0,2019,12,17,3,3,1,5,2,0,1,0,1,0,0,1,0
11,3,3050925.0,2019,12,16,3,2,6,4,2,0,1,1,0,0,0,1,0
11,3,3061228.0,2019,12,17,3,3,2,6,2,0,1,0,0,0,0,1,0
11,3,3061227.0,2019,12,16,3,3,5,3,2,0,1,0,0,0,0,1,0
11,1,1022101.0,2019,12,16,3,3,5,2,2,0,1,0,0,0,0,1,0
11,3,3061126.0,2019,12,15,3,3,5,3,0,1,1,0,0,0,0,1,0
11,7,7060603.0,2019,12,15,3,2,1,5,0,0,1,0,0,0,0,1,0
11,1,1011203.0,2019,12,15,3,3,5,3,0,1,1,0,0,0,0,1,0
11,4,4051445.0,2019,12,15,3,3,2,6,0,0,1,0,0,0,0,0,0
11,4,4031032.0,2019,12,14,3,3,5,2,0,1,1,0,0,0,0,0,0
11,11,11020515.0,2019,12,7,3,3,6,2,2,0,1,1,0,0,0,1,0
11,2,2020204.0,2019,12,13,3,3,1,5,0,1,1,0,0,0,0,1,0
11,9,9051901.0,2019,12,12,3,3,6,6,0,0,1,1,0,0,0,1,0
11,9,9051901.0,2019,12,11,3,2,5,2,0,1,1,0,0,0,0,0,0
11,2,2020203.0,2019,12,20,2,2,5,2,2,0,1,0,0,0,0,1,0
11,1,1022206.0,2019,12,21,2,2,3,6,2,1,0,0,0,0,0,1,0
11,12,12231101.0,2019,12,16,2,3,1,5,2,1,0,0,0,0,1,0,0
11,4,4031032.0,2019,12,17,2,3,6,2,2,0,1,1,0,0,0,1,0
11,4,4010101.0,2019,12,17,2,3,2,6,2,0,1,0,0,0,0,1,0
11,7,7040402.0,2019,12,17,2,3,6,2,2,0,1,1,0,0,0,1,0
11,2,2040502.0,2019,12,17,2,3,5,3,2,0,1,0,0,0,1,1,0
11,7,7060604.0,2019,12,17,2,2,6,4,2,0,1,1,0,0,0,1,0
11,1,1011301.0,2019,12,16,2,3,2,6,2,1,1,0,0,0,0,1,0
11,8,8010509.0,2019,12,16,2,3,1,5,2,1,1,0,0,0,0,1,0
11,12,12214423.0,2019,12,16,2,3,5,3,2,0,1,0,0,0,0,1,0
11,2,2040502.0,2019,12,16,2,3,5,2,2,0,1,0,0,0,1,1,0
11,6,6020409.0,2019,12,16,2,3,5,2,2,1,1,0,0,0,0,1,0
11,4,4030519.0,2019,12,16,2,3,2,6,2,0,1,0,0,0,0,1,0
11,2,2050802.0,2019,12,15,2,3,0,7,1,1,0,0,0,0,0,1,0
11,2,2010102.0,2019,12,16,2,2,6,4,2,0,1,1,0,0,0,1,0
11,2,2050602.0,2019,12,22,2,3,8,1,2,0,1,0,0,0,0,0,0
11,8,8010301.0,2019,12,14,2,3,5,3,0,1,1,0,0,0,0,1,0
11,6,6020303.0,2019,12,14,2,3,2,6,0,0,1,0,0,1,0,0,0
11,2,2010104.0,2019,12,21,2,2,3,6,2,1,1,0,0,0,0,1,0
11,3,3061430.0,2019,12,19,2,3,5,7,2,0,1,0,0,0,1,1,0
11,7,7040405.0,2019,12,13,2,3,2,6,0,0,1,0,0,1,0,0,0
11,6,6040810.0,2019,12,19,2,3,6,2,2,0,1,1,0,0,0,1,0
11,1,1033102.0,2019,12,13,2,3,2,6,0,0,1,0,0,1,0,1,0
11,12,12301203.0,2019,12,12,2,3,0,5,0,0,1,0,0,0,1,1,0
11,3,3061228.0,2019,12,18,2,2,6,2,2,0,1,1,0,0,0,1,0
11,3,3040512.0,2019,12,16,2,3,6,4,2,0,1,1,0,0,0,1,0
11,9,9010202.0,2019,12,11,2,3,5,2,0,0,1,0,0,0,0,0,0
11,7,7060604.0,2019,12,17,2,3,1,5,2,0,1,0,0,0,0,1,0
11,6,6020411.0,2019,12,11,2,3,0,3,0,0,0,0,0,0,1,0,0
11,4,4030621.0,2019,12,9,2,3,5,2,0,0,1,0,1,0,0,1,0
11,4,4031032.0,2019,12,5,2,3,5,7,2,0,1,0,0,1,0,0,0
11,3,3010101.0,2019,12,5,2,3,5,3,2,1,1,0,0,0,0,0,0
11,8,8010508.0,2019,12,4,2,3,4,6,2,0,1,0,0,0,0,1,0
11,2,2050802.0,2019,12,2,2,3,6,4,2,0,1,1,0,0,0,0,0
11,3,3040614.0,2019,12,17,2,3,5,7,2,1,1,0,0,0,0,1,0
11,11,11051332.0,2019,12,7,2,3,5,2,0,1,1,0,0,0,0,0,0
11,7,7040403.0,2019,12,22,1,3,5,3,2,0,1,0,0,0,0,0,0
11,1,1044101.0,2019,12,21,1,3,1,6,2,0,1,0,0,0,1,0,0
11,3,3061126.0,2019,12,19,1,2,6,4,2,0,0,1,0,0,1,0,0
11,5,5020626.0,2019,12,18,1,3,5,2,2,0,1,0,1,0,0,0,0
11,11,11030721.0,2019,12,14,1,3,0,4,0,1,0,1,0,0,0,0,0
11,8,8010213.0,2019,12,13,1,3,5,3,0,0,1,0,0,0,0,0,0
11,3,3051017.0,2019,12,10,1,3,2,6,0,0,1,0,0,0,0,0,0
11,8,8040933.0,2019,12,4,1,2,5,3,2,0,1,0,0,0,0,0,0
11,2,2040502.0,2019,12,1,1,2,6,7,2,0,1,1,0,0,0,0,0
11,1,1011303.0,2019,12,1,1,3,5,3,2,0,1,0,0,0,1,0,0
11,2,2020204.0,2019,11,15,7,3,0,6,0,0,1,0,1,0,0,0,0
11,1,1022206.0,2019,11,12,7,3,5,3,0,1,1,0,0,0,0,0,0
11,12,12304314.0,2019,11,0,7,3,2,6,2,0,1,0,0,0,0,0,0
11,5,5010314.0,2019,11,9,7,3,6,2,0,0,1,1,0,0,0,0,0
11,1,1011303.0,2019,11,3,7,3,2,6,2,0,1,0,0,0,0,0,0
11,1,1011301.0,2019,11,23,7,3,1,5,2,1,0,0,0,0,1,0,0
11,2,2050602.0,2019,11,19,7,3,5,3,2,0,1,0,1,0,0,0,0
11,3,3020307.0,2019,11,18,7,3,5,2,2,1,1,0,0,0,0,0,0
11,8,8010211.0,2019,11,18,7,3,5,2,2,0,1,0,0,0,0,0,0
11,5,5030731.0,2019,11,16,7,3,5,2,1,0,1,0,0,0,0,0,0
11,12,12214527.0,2019,11,16,7,3,2,6,1,0,1,0,0,0,0,0,0
11,3,3061228.0,2019,11,18,7,3,2,6,2,0,1,0,0,0,0,0,0
11,5,5010314.0,2019,11,14,7,2,6,4,0,0,1,1,0,0,0,0,0
11,11,11030617.0,2019,11,12,7,2,5,2,0,0,1,0,0,0,1,0,0
11,7,7050501.0,2019,11,14,7,3,2,6,0,0,1,0,0,0,0,0,0
11,2,2030302.0,2019,11,7,7,3,0,7,0,1,0,0,0,0,0,0,0
11,2,2050803.0,2019,11,4,7,3,0,1,2,0,0,0,0,0,1,0,0
11,2,2050803.0,2019,11,19,7,3,6,2,2,0,1,1,0,0,0,1,0
11,2,2010104.0,2019,11,17,6,3,5,2,2,0,1,0,0,0,0,0,0
11,8,8030829.0,2019,11,19,6,3,5,7,2,0,1,0,0,0,0,1,0
11,5,5010314.0,2019,11,18,6,3,5,2,2,1,1,0,0,0,0,0,0
11,5,5010314.0,2019,11,18,6,3,6,4,2,0,1,1,0,0,0,0,0
11,8,8010118.0,2019,11,18,6,3,0,6,2,0,0,0,1,0,1,0,0
11,2,2010104.0,2019,11,17,6,3,3,2,1,1,1,0,0,0,0,0,0
11,2,2020206.0,2019,11,16,6,3,5,2,2,1,1,0,0,0,0,0,0
11,1,1033102.0,2019,11,15,6,3,1,5,0,0,1,0,0,1,0,0,0
11,8,8010302.0,2019,11,14,6,3,5,3,0,0,1,0,0,0,0,1,0
11,9,9031202.0,2019,11,12,6,3,0,6,0,0,1,0,1,0,0,1,0
11,6,6030503.0,2019,11,12,6,3,5,7,0,0,1,0,0,0,1,0,0
11,1,1033202.0,2019,11,12,6,3,5,2,0,0,1,0,0,0,0,0,0
11,6,6010210.0,2019,11,11,6,3,6,4,0,0,1,1,0,0,0,0,0
11,12,12304314.0,2019,11,11,6,3,5,2,0,0,1,0,0,0,0,0,0
11,7,7060601.0,2019,11,11,6,2,1,5,0,0,1,0,0,0,0,0,0
11,2,2010102.0,2019,11,9,6,3,6,4,0,0,0,1,0,0,1,0,0
11,5,5030731.0,2019,11,9,6,3,2,6,0,0,1,0,0,1,0,0,0
11,7,7030302.0,2019,11,9,6,3,5,3,0,1,1,0,0,0,0,0,0
11,2,2010102.0,2019,11,16,6,2,0,7,2,1,0,0,0,0,0,0,0
11,1,1033101.0,2019,11,9,6,3,2,6,0,0,1,0,0,0,0,0,0
11,7,7010102.0,2019,11,9,6,3,6,4,0,1,0,1,0,0,0,1,0
11,2,2040502.0,2019,11,8,6,3,5,2,0,1,0,0,0,0,1,0,0
11,2,2020205.0,2019,11,8,6,3,6,4,0,1,0,1,0,0,0,1,0
11,10,10010102.0,2019,11,7,6,3,6,4,2,0,1,1,0,0,0,1,0
11,5,5030730.0,2019,11,19,5,3,2,6,2,0,1,0,0,0,0,1,0
11,9,9052001.0,2019,11,19,5,2,1,5,2,0,1,0,0,0,1,1,0
11,4,4030929.0,2019,11,19,5,3,2,6,2,0,1,0,0,0,0,1,0
11,4,4030620.0,2019,11,18,5,3,3,6,2,0,1,0,1,0,0,1,0
11,8,8010301.0,2019,11,18,5,3,2,3,2,0,1,0,0,0,0,1,0
11,1,1044202.0,2019,11,18,5,2,6,2,2,0,1,1,0,0,0,1,0
11,3,3061126.0,2019,11,19,5,2,6,2,2,0,0,1,0,0,1,0,0
11,7,7050502.0,2019,11,18,5,3,5,2,2,0,1,0,0,0,0,1,0
11,11,11040925.0,2019,11,17,5,3,0,6,2,0,1,0,1,0,0,1,0
11,1,1044202.0,2019,11,17,5,3,2,6,2,0,1,0,0,0,0,1,0
11,11,11020513.0,2019,11,17,5,3,5,2,2,0,1,0,0,0,0,1,0
11,6,6030608.0,2019,11,17,5,3,6,2,2,0,1,1,0,0,0,1,0
11,11,11030720.0,2019,11,17,5,2,6,4,2,1,0,1,0,0,0,1,0
11,12,12231101.0,2019,11,17,5,3,1,5,2,0,1,0,0,0,0,0,0
11,1,1011401.0,2019,11,17,5,3,5,3,2,1,1,0,0,0,0,1,0
11,5,5010314.0,2019,11,17,5,3,6,4,2,0,1,1,0,0,0,1,0
11,10,10040933.0,2019,11,16,5,3,5,3,2,1,1,0,0,0,0,1,0
11,10,10020622.0,2019,11,16,5,3,6,7,2,0,0,1,0,0,1,0,0
11,9,9041501.0,2019,11,16,5,3,6,4,2,0,1,1,0,0,0,1,0
11,1,1011303.0,2019,11,15,5,3,5,2,0,1,1,0,0,0,0,0,0
11,10,10010204.0,2019,11,14,5,3,6,4,0,0,1,1,0,0,0,0,0
11,4,4051549.0,2019,11,21,5,3,5,2,2,1,1,0,0,0,0,1,0
11,9,9020701.0,2019,11,12,5,3,1,5,0,0,1,0,0,0,0,0,0
11,12,12103218.0,2019,11,13,5,3,2,6,0,0,1,0,0,0,0,1,0
11,3,3071537.0,2019,11,13,5,3,7,7,0,1,0,0,0,0,0,0,0
11,11,11040926.0,2019,11,12,5,3,5,2,0,0,1,0,0,0,0,0,0
11,5,5010207.0,2019,11,12,5,3,2,3,0,0,1,0,1,0,0,0,0
11,4,4051445.0,2019,11,20,5,3,5,7,2,0,1,0,1,0,0,1,0
11,9,9020501.0,2019,11,12,5,3,5,7,0,0,1,0,0,1,0,0,0
11,9,9010202.0,2019,11,20,5,3,5,3,2,1,1,0,0,0,0,1,0
11,2,2030302.0,2019,11,11,5,3,5,7,0,1,1,0,0,0,0,0,0
11,12,12214424.0,2019,11,10,5,3,5,2,0,1,1,0,0,0,0,0,0
11,11,11010310.0,2019,11,10,5,3,6,2,0,0,0,1,0,1,0,0,0
11,3,3020307.0,2019,11,10,5,3,1,5,0,1,0,0,0,0,1,0,0
11,10,10020415.0,2019,11,8,5,3,5,3,0,1,1,0,0,0,0,0,0
11,5,5040934.0,2019,11,8,5,3,2,6,0,0,1,0,0,0,0,0,0
11,2,2030302.0,2019,11,7,5,3,6,4,0,1,1,1,0,0,0,1,0
11,5,5030731.0,2019,11,5,5,3,5,2,2,1,1,0,0,0,0,1,0
11,7,7010102.0,2019,11,18,4,3,2,7,2,1,1,0,0,0,0,1,0
11,7,7040405.0,2019,11,17,4,3,6,6,2,1,0,1,0,0,0,0,0
11,3,3061228.0,2019,11,19,4,3,5,3,2,0,1,0,0,0,0,1,0
11,8,8010214.0,2019,11,20,4,3,1,5,2,1,1,0,0,0,0,0,0
11,8,8020727.0,2019,11,16,4,3,6,2,1,0,1,1,0,0,0,1,0
11,1,1033101.0,2019,11,19,4,2,1,5,2,0,1,0,0,0,1,1,0
11,8,8010404.0,2019,11,19,4,3,6,4,2,0,1,1,0,0,0,1,0
11,9,9010302.0,2019,11,19,4,3,2,6,2,0,1,0,0,0,0,1,0
11,6,6020302.0,2019,11,18,4,3,6,2,2,0,1,1,0,0,0,1,0
11,3,3061228.0,2019,12,8,6,3,5,3,0,1,1,0,0,0,0,1,0
11,4,4010102.0,2019,11,18,4,3,5,2,2,0,1,0,0,0,0,1,0
11,8,8020620.0,2019,11,18,4,3,8,1,2,0,1,0,0,0,0,1,0
11,6,6030501.0,2019,12,8,6,3,5,7,0,0,0,0,1,0,1,0,0
11,3,3061228.0,2019,11,17,4,3,2,6,2,0,1,0,0,0,0,1,0
11,7,7070702.0,2019,12,5,6,3,5,3,2,0,1,0,0,0,0,0,0
11,4,4051445.0,2019,11,17,4,3,5,2,2,1,1,0,0,0,0,1,0
11,12,12301203.0,2019,11,17,4,3,6,4,2,0,1,1,0,0,0,1,0
11,4,4031032.0,2019,12,6,6,3,2,6,0,0,1,0,0,0,0,1,0
11,7,7050503.0,2019,11,17,4,3,5,7,2,0,1,0,1,0,0,1,0
11,7,7030303.0,2019,11,17,4,3,5,3,2,0,1,0,0,0,0,1,0
11,6,6010207.0,2019,11,17,4,3,5,3,2,1,1,0,0,0,0,1,0
11,12,12214527.0,2019,12,6,6,3,5,2,2,0,1,0,0,0,1,2,0
11,3,3040614.0,2019,12,6,6,2,5,3,2,1,1,0,0,0,0,0,0