LAND,BEZ,LOR_ab_2021,UJAHR,UMONAT,USTUNDE,UWOCHENTAG,UKATEGORIE,UART,UTYP1,ULICHTVERH,IstRad,IstPKW,IstFuss,IstKrad,IstGkfz,IstSonstige,USTRZUSTAND,lockdown
11,4,4030931.0,2019,12,9,2,2,6,2,0,0,1,1,0,0,0,1,0
11,2,2030402.0,2019,12,8,2,3,1,5,0,1,0,0,0,0,1,1,0
11,1,1044101.0,2019,12,7,2,3,5,3,1,0,1,0,0,0,0,1,0
11,8,8010404.0,2019,12,7,2,3,6,2,2,0,1,1,0,0,0,1,0
11,5,5020625.0,2019,12,18,2,3,5,3,2,0,1,0,0,0,1,0,0
11,2,2020205.0,2019,12,14,1,3,0,1,0,1,0,0,0,0,0,1,0
11,3,3071639.0,2019,12,14,1,3,0,5,0,0,1,0,0,0,0,0,0
11,12,12103218.0,2019,12,12,1,2,5,2,0,1,1,0,0,0,0,0,0
11,8,8020619.0,2019,12,12,1,3,5,2,0,0,1,0,0,0,0,1,0
11,12,12214422.0,2019,12,9,1,3,2,2,0,0,1,0,1,0,0,1,0
11,4,4030931.0,2019,12,8,1,3,5,3,0,0,1,0,0,0,0,1,0
11,2,2020206.0,2019,12,7,1,3,5,3,2,0,1,0,0,0,0,1,0
11,11,11041128.0,2019,12,18,1,3,1,5,2,0,1,0,0,0,0,1,0
11,12,12214424.0,2019,12,21,1,3,2,6,2,0,1,0,0,0,0,0,0
11,4,4030930.0,2019,12,18,1,3,5,3,2,0,1,0,1,0,0,0,0
11,1,1011402.0,2019,12,16,1,3,3,6,2,1,0,0,0,0,0,1,0
11,8,8030831.0,2019,12,14,1,3,1,5,0,0,1,0,0,0,0,0,0
11,6,6040703.0,2019,12,13,1,3,5,3,0,0,1,0,0,0,0,0,0
11,7,7040403.0,2019,12,21,7,3,2,2,2,0,1,0,0,0,0,0,0
11,2,2030401.0,2019,12,20,7,2,0,3,2,0,1,0,0,0,0,1,0
11,5,5020419.0,2019,12,19,7,3,2,6,2,0,1,0,0,0,1,1,0
11,12,12103117.0,2019,12,17,7,2,0,4,2,0,0,1,0,0,1,0,0
11,8,8010404.0,2019,12,16,7,3,0,1,2,0,0,0,1,0,0,1,0
11,6,6040807.0,2019,12,14,7,3,2,2,0,0,1,0,0,0,0,1,0
11,5,5020625.0,2019,12,13,7,3,2,7,0,0,1,0,0,0,0,0,0
11,9,9051702.0,2019,12,13,7,3,6,4,0,0,1,1,0,0,0,0,0
11,8,8041036.0,2019,12,13,7,2,5,2,0,0,1,0,0,0,0,0,0
11,6,6030607.0,2019,12,12,7,3,1,1,0,0,1,0,0,0,1,1,0
11,7,7060601.0,2019,12,12,7,3,0,3,0,1,1,0,0,0,0,1,0
11,7,7060604.0,2019,12,11,7,2,8,1,0,0,1,0,0,0,0,1,0
11,12,12214422.0,2019,12,11,7,3,5,7,0,0,1,0,0,0,0,1,0
11,12,12304314.0,2019,12,10,7,3,2,6,0,0,1,0,0,0,0,1,0
11,1,1011301.0,2019,12,10,7,3,2,6,0,0,1,0,0,0,0,0,0
11,2,2050801.0,2019,12,9,7,3,2,6,0,0,1,0,0,0,1,1,0
11,8,8010301.0,2019,12,8,7,3,0,3,0,0,1,0,0,0,1,1,0
11,2,2010104.0,2019,12,3,7,3,5,2,2,0,1,0,0,0,0,1,0
11,10,10010204.0,2019,12,16,6,3,2,6,1,0,1,0,0,0,0,1,0
11,1,1033102.0,2019,12,15,6,3,0,3,0,1,1,0,0,0,0,1,0
11,6,6010103.0,2019,12,17,6,3,0,7,2,0,1,1,0,0,0,1,0
11,4,4030415.0,2019,12,16,6,3,5,3,2,0,1,0,0,0,0,0,0
11,8,8010301.0,2019,12,16,6,3,1,5,2,1,1,0,0,0,0,1,0
11,7,7040403.0,2019,12,20,6,3,5,2,2,0,1,0,0,0,0,1,0
11,3,3030406.0,2019,12,19,6,2,5,2,2,0,1,0,1,0,0,1,0
11,4,4030929.0,2019,12,19,6,3,2,6,2,0,1,0,0,0,0,0,0
11,11,11040926.0,2019,12,19,6,3,6,2,2,0,1,1,0,0,0,0,0
11,12,12231102.0,2019,12,18,6,3,5,3,2,0,1,0,0,0,0,1,0
11,1,1011102.0,2019,12,18,6,3,5,3,2,0,1,0,0,0,0,0,0
11,7,7040401.0,2019,12,17,6,2,6,4,2,0,1,1,0,0,0,1,0
11,10,10030725.0,2019,12,10,6,2,6,4,0,0,1,1,0,0,0,1,0
11,1,1022206.0,2019,12,16,6,3,6,2,2,0,1,1,0,0,0,1,0
11,5,5010206.0,2019,12,17,6,3,6,4,2,0,1,1,0,0,0,0,0
11,12,12214125.0,2019,12,10,6,3,0,5,0,1,1,0,0,0,0,1,0
11,4,4030929.0,2019,12,9,6,3,5,3,0,1,1,0,0,0,0,1,0
11,4,4030519.0,2019,12,9,6,3,5,3,0,0,1,0,0,0,0,0,0
11,10,10020412.0,2019,12,8,6,2,6,4,0,0,1,1,0,0,0,1,0
11,1,1011204.0,2019,12,7,6,3,2,2,1,1,1,0,0,0,0,0,0
11,11,11041023.0,2019,12,7,6,3,6,4,2,0,1,1,0,0,0,1,0
11,2,2010102.0,2019,12,6,6,3,1,5,2,1,1,0,0,0,0,1,0
11,11,11030721.0,2019,12,6,6,3,6,2,2,0,1,1,0,0,0,0,0
11,12,12103218.0,2019,12,16,6,3,5,2,1,1,1,0,0,0,0,0,0
11,2,2030302.0,2019,12,15,6,3,0,3,1,1,1,0,0,0,0,1,0
11,6,6040804.0,2019,12,15,6,3,6,4,1,0,1,1,0,0,0,1,0
11,8,8041036.0,2019,12,14,6,2,6,4,0,0,1,1,0,0,0,1,0
11,7,7050501.0,2019,12,14,6,3,5,3,0,1,0,0,0,1,0,0,0
11,4,4030931.0,2019,12,14,6,3,0,6,0,0,1,0,0,0,1,0,0
11,2,2050802.0,2019,12,23,6,3,5,3,2,0,1,0,0,0,0,1,0
11,10,10010311.0,2019,12,22,6,2,0,1,2,1,0,0,0,0,0,1,0
11,3,3061227.0,2019,12,22,6,3,0,5,2,0,1,1,0,0,0,0,0
11,4,4030417.0,2019,12,21,6,3,5,3,2,0,1,0,0,0,1,0,0
11,10,10030727.0,2019,12,14,6,3,5,2,0,1,0,0,0,0,1,0,0
11,7,7010101.0,2019,12,14,6,3,3,6,0,1,0,0,0,0,0,0,0
11,10,10020414.0,2019,12,17,6,2,5,2,2,1,1,0,0,0,0,1,0
11,10,10010310.0,2019,12,16,6,3,5,2,2,1,1,0,0,0,0,0,0
11,6,6040804.0,2019,12,14,6,3,3,6,0,0,1,0,0,0,0,0,0
11,6,6020301.0,2019,12,16,6,2,6,2,2,0,1,1,0,0,0,0,0
11,8,8010211.0,2019,12,13,6,3,5,7,0,0,1,0,0,0,0,0,0
11,6,6030609.0,2019,12,7,6,3,5,2,0,1,1,0,0,0,0,0,0
11,1,1033201.0,2019,12,21,6,3,5,2,2,1,1,0,0,0,0,1,0
11,5,5030833.0,2019,12,20,6,3,6,2,2,0,1,1,0,0,0,1,0
11,1,1022201.0,2019,12,13,6,3,5,3,0,1,1,0,0,0,0,1,0
11,3,3020307.0,2019,12,20,6,3,6,2,2,0,1,1,0,0,0,0,0
11,5,5010311.0,2019,12,13,6,3,5,7,0,0,1,0,1,0,0,1,0
11,6,6010102.0,2019,12,13,6,3,3,6,0,1,1,0,0,0,0,0,0
11,5,5010102.0,2019,12,12,6,3,6,4,0,0,1,1,0,0,0,0,0
11,7,7040401.0,2019,12,12,6,3,6,7,0,0,1,1,0,0,0,0,0
11,1,1011101.0,2019,12,12,6,3,0,7,0,1,1,0,0,0,0,1,0
11,11,11041128.0,2019,12,10,6,3,6,4,0,0,1,1,0,0,0,0,0
11,1,1044203.0,2019,12,12,5,3,0,2,0,1,1,0,0,0,0,0,0
11,7,7070701.0,2019,12,18,5,3,6,2,2,0,1,1,0,0,0,0,0
11,8,8010301.0,2019,12,17,5,3,0,7,2,0,0,1,0,0,1,0,0
11,7,7050503.0,2019,12,17,5,2,6,4,2,0,1,1,0,0,0,0,0
11,7,7070703.0,2019,12,17,5,2,6,4,2,0,1,1,0,0,0,1,0
11,4,4051655.0,2019,12,17,5,3,5,2,2,1,1,0,0,0,0,0,0
11,3,3020307.0,2019,12,17,5,2,6,2,2,0,1,1,0,0,0,1,0
11,5,5010314.0,2019,12,16,5,3,3,6,2,0,1,0,0,0,0,0,0
11,10,10040931.0,2019,12,16,5,3,0,3,2,0,1,0,1,0,0,1,0
11,4,4030417.0,2019,12,22,5,3,5,2,2,0,1,0,0,0,0,0,0
11,6,6030502.0,2019,12,21,5,3,5,3,2,0,1,0,1,0,0,1,0
11,7,7010102.0,2019,12,22,5,3,5,3,2,1,1,0,0,0,0,0,0
11,2,2020203.0,2019,12,20,5,3,5,3,2,0,1,0,0,0,1,0,0
11,2,2030301.0,2019,12,18,5,3,5,3,2,1,0,0,0,0,0,1,0
11,7,7020202.0,2019,12,18,5,3,2,6,2,0,1,0,0,0,1,1,0
11,6,6030504.0,2019,12,17,5,3,0,2,2,1,1,0,0,0,0,1,0
11,4,4030931.0,2019,12,15,5,3,6,4,0,0,1,1,0,0,0,0,0
11,8,8041037.0,2019,12,13,5,3,5,3,0,0,1,0,0,0,0,0,0
11,11,11040926.0,2019,12,12,5,3,5,3,0,1,0,0,0,0,0,0,0
11,4,4030417.0,2019,12,12,5,3,5,2,0,1,1,0,0,0,0,0,0
11,11,11020411.0,2019,12,9,5,3,2,7,0,0,1,0,0,0,1,0,0
11,7,7050502.0,2019,12,8,5,3,2,6,0,0,1,0,0,0,1,1,0
11,1,1011305.0,2019,12,8,5,3,5,7,0,1,1,0,0,0,0,0,0
11,12,12304314.0,2019,12,8,5,3,0,2,0,0,1,0,0,0,1,0,0
11,6,6030503.0,2019,12,8,5,3,2,6,0,0,1,0,0,0,0,0,0
11,12,12214125.0,2019,12,16,5,3,5,3,2,1,1,0,0,0,0,0,0
11,11,11020412.0,2019,12,6,5,3,5,3,2,0,1,0,0,0,0,0,0
11,2,2010103.0,2019,12,14,5,3,2,6,0,0,1,0,0,0,0,0,0
11,8,8010510.0,2019,12,14,5,3,1,5,0,1,1,0,0,0,0,0,0
11,9,9010402.0,2019,12,15,5,3,2,6,0,0,1,0,0,0,0,0,0
11,1,1011303.0,2019,12,15,5,3,6,2,0,0,1,1,0,0,0,0,0
11,11,11020515.0,2019,12,15,5,3,5,3,0,1,1,0,0,0,0,1,0
11,7,7070701.0,2019,12,13,5,3,2,2,0,0,1,0,0,0,1,0,0
11,5,5010314.0,2019,12,12,4,3,2,6,0,0,1,0,0,0,0,0,0
11,10,10020415.0,2019,12,18,4,3,1,6,2,1,1,0,0,0,0,0,0
11,10,10010310.0,2019,12,4,4,3,0,6,2,0,1,0,1,0,0,1,0
11,7,7010102.0,2019,12,18,4,3,1,7,2,0,1,0,0,0,0,0,0
11,4,4010102.0,2019,12,6,4,3,5,7,2,0,1,0,0,1,0,0,0
11,12,12214422.0,2019,12,9,4,3,5,3,0,0,1,0,0,0,0,0,0
11,6,6030608.0,2019,12,8,4,2,5,2,0,1,1,0,0,0,0,0,0
11,3,3050923.0,2019,12,8,4,3,5,3,0,1,1,0,0,0,0,0,0
11,8,8041037.0,2019,12,7,4,3,6,4,2,0,1,1,0,0,0,0,0
11,3,3010101.0,2019,12,23,4,3,8,1,2,0,1,0,0,0,0,0,0
11,2,2050802.0,2019,12,21,3,3,6,4,2,0,1,1,0,0,0,0,0
11,12,12302212.0,2019,12,21,4,3,1,5,2,1,1,0,0,0,0,0,0
11,4,4030725.0,2019,12,15,3,3,5,5,0,0,1,0,0,0,0,0,0
11,12,12301204.0,2019,12,15,3,3,1,7,1,0,1,0,0,0,0,0,0
11,9,9010101.0,2019,12,17,4,3,5,3,2,1,1,0,0,0,0,0,0
11,1,1044101.0,2019,12,13,3,3,5,3,0,1,1,0,0,0,0,0,0
11,6,6010207.0,2019,12,12,3,3,0,6,0,0,1,0,0,0,1,0,0
11,4,4030931.0,2019,12,12,3,3,1,5,0,1,1,0,0,0,0,0,0
11,8,8020620.0,2019,12,21,4,3,3,6,2,1,1,0,0,0,0,0,0
11,1,1011306.0,2019,12,2,3,3,2,7,2,1,1,0,0,0,0,1,0
11,8,8010406.0,2019,12,18,3,2,5,2,2,0,1,0,0,0,0,0,0
11,1,1033101.0,2019,12,21,4,3,5,2,2,0,1,0,0,0,0,0,0
11,3,3050923.0,2019,12,15,3,2,5,2,0,0,1,0,0,0,0,0,0
11,7,7010102.0,2019,12,14,4,3,3,6,0,0,1,0,0,0,0,0,0
11,11,11010103.0,2019,12,11,3,2,6,4,0,0,1,1,0,0,0,0,0
11,2,2020203.0,2019,12,19,2,3,6,7,2,1,0,1,0,0,0,0,0
11,4,4030725.0,2019,12,8,4,3,2,6,0,1,1,0,0,0,0,0,0
11,10,10040828.0,2019,12,16,4,3,5,3,2,0,1,0,0,0,0,0,0
11,6,6020411.0,2019,12,22,2,3,0,3,2,0,0,0,0,0,1,0,0
11,4,4030931.0,2019,12,19,2,3,2,2,2,0,1,0,0,0,0,0,0
11,6,6020304.0,2019,12,18,4,3,0,7,2,0,1,0,0,0,0,0,0
11,11,11030721.0,2019,12,15,4,3,2,6,1,0,1,0,0,0,0,0,0
11,1,1044203.0,2019,12,18,2,3,5,2,2,0,1,0,0,0,0,0,0
11,1,1011304.0,2019,12,18,2,3,6,7,2,1,1,1,0,0,0,0,0
11,1,1022206.0,2019,12,17,2,3,5,3,2,0,1,0,1,0,0,0,0
11,1,1044202.0,2019,12,15,4,3,5,2,0,0,1,0,0,0,0,0,0
11,3,3061430.0,2019,12,17,2,3,2,6,2,0,1,0,0,0,0,0,0
11,7,7040405.0,2019,12,18,4,3,0,7,2,1,0,0,0,0,0,1,0
11,11,11030720.0,2019,12,16,2,3,5,3,2,1,1,0,0,0,0,0,0
11,10,10030727.0,2019,12,16,2,3,2,6,1,0,1,0,1,0,0,0,0
11,2,2020204.0,2019,12,18,4,3,1,5,2,1,1,0,0,0,0,1,0
11,1,1011303.0,2019,12,15,2,3,3,6,0,0,1,1,0,0,0,0,0
11,1,1011201.0,2019,12,14,2,3,1,5,0,1,1,0,0,0,0,0,0
11,1,1011304.0,2019,12,14,2,3,2,2,0,0,1,0,0,0,1,0,0
11,11,11030721.0,2019,12,18,4,2,5,2,2,0,1,0,1,0,0,0,0
11,1,1011202.0,2019,12,14,4,3,2,2,0,1,1,0,0,0,0,0,0
11,2,2500729.0,2018,1,15,4,3,6,4,0,0,1,1,0,0,0,1,0
11,12,12500824.0,2018,1,11,2,3,2,6,0,0,1,0,0,0,0,0,0
11,2,2400520.0,2018,1,9,3,3,6,4,0,0,1,1,0,0,0,0,0
11,7,7200308.0,2018,1,17,2,3,6,7,2,0,1,1,0,0,0,0,0
11,3,3200206.0,2018,1,15,4,3,6,7,1,1,0,1,0,0,0,1,0
11,10,10100208.0,2018,1,5,2,2,2,6,2,0,1,0,0,0,0,0,0
11,4,4200207.0,2018,1,17,2,3,2,6,2,0,1,0,0,0,1,1,0
11,3,3100101.0,2018,1,16,5,3,2,6,2,0,1,0,0,0,0,1,0
11,1,1100310.0,2018,1,14,2,3,6,4,0,0,1,1,0,0,0,0,0
11,12,12100205.0,2018,1,21,7,3,0,1,2,0,0,0,1,0,0,1,0
11,1,1100310.0,2018,1,17,3,3,2,6,2,0,1,0,0,0,0,1,0
11,7,7400823.0,2018,1,16,4,3,2,6,2,0,1,0,0,0,0,1,0
11,3,3701660.0,2018,1,11,5,3,5,2,0,1,1,0,0,0,0,1,0
11,2,2500729.0,2018,1,8,2,3,5,2,0,1,1,0,0,0,0,0,0
11,1,1100207.0,2018,1,19,4,3,5,7,2,1,1,0,0,0,0,1,0
11,3,3601449.0,2018,1,6,5,3,5,2,2,0,1,0,0,0,0,0,0
11,9,9200613.0,2018,1,18,4,2,5,3,2,1,1,0,0,0,0,1,0
11,5,5200528.0,2018,1,15,1,3,5,3,0,0,1,0,0,0,0,0,0
11,7,7400823.0,2018,1,13,3,3,3,6,0,0,1,0,0,1,0,0,0
11,2,2400625.0,2018,1,11,7,3,6,4,0,1,0,1,0,0,0,0,0
11,1,1100102.0,2018,1,8,3,3,5,3,0,1,1,0,0,0,0,1,0
11,12,12500824.0,2018,1,7,6,3,0,7,1,0,0,0,1,0,0,1,0
11,7,7501133.0,2018,1,15,2,3,0,3,0,0,1,0,0,0,1,0,0
11,3,3601142.0,2018,1,10,5,3,6,2,0,0,0,1,0,0,1,1,0
11,3,3500934.0,2018,1,9,4,3,1,5,0,0,1,0,0,1,0,1,0
11,7,7400825.0,2018,1,0,1,2,2,6,2,0,1,0,0,0,0,0,0
11,3,3601142.0,2018,1,14,4,3,0,6,0,0,0,0,1,0,1,1,0
11,1,1100310.0,2018,1,17,4,2,2,6,2,0,1,0,0,0,0,1,0
11,1,1300836.0,2018,1,22,6,3,2,6,2,0,1,0,0,0,0,0,0
11,1,1100310.0,2018,1,9,3,3,2,6,0,0,1,0,0,0,1,0,0
11,1,1100310.0,2018,1,17,5,3,3,6,2,0,1,0,0,0,0,1,0
11,12,12400723.0,2018,1,7,3,3,6,2,1,0,1,1,0,0,0,2,0
11,4,4100101.0,2018,1,13,1,3,2,6,0,0,1,0,0,0,0,0,0
11,1,1100310.0,2018,1,12,2,3,5,3,0,1,0,0,0,0,1,0,0
11,4,4300414.0,2018,1,19,4,3,2,6,2,0,1,0,0,0,0,0,0
11,3,3601451.0,2018,1,8,2,3,6,4,0,1,0,1,0,0,0,0,0
11,2,2500727.0,2018,1,8,5,3,5,3,0,1,1,0,0,0,0,1,0
11,4,4100101.0,2018,1,6,2,3,2,6,1,0,1,0,0,0,0,0,0
11,2,2400521.0,2018,1,8,5,2,5,3,0,1,1,0,0,0,0,1,0
11,7,7200411.0,2018,1,6,3,1,5,2,2,1,0,0,0,1,0,1,0
11,3,3400830.0,2018,1,15,5,3,6,3,0,0,1,1,0,0,0,0,0
11,7,7400927.0,2018,1,19,2,3,3,6,2,0,1,0,0,0,0,0,0
11,3,3200309.0,2018,1,22,7,3,2,6,2,0,1,0,0,0,0,0,0
11,3,3400826.0,2018,1,19,3,3,2,6,2,0,1,0,0,0,0,0,0
11,3,3701660.0,2018,1,11,6,3,1,5,0,1,1,0,0,0,0,0,0
11,4,4400726.0,2018,1,10,2,3,3,6,0,0,1,0,0,0,0,0,0
11,12,12400721.0,2018,1,12,4,3,2,6,0,0,1,0,0,0,1,1,0
11,7,7501133.0,2018,1,9,3,3,6,4,0,0,1,1,0,0,0,1,0
11,7,7300619.0,2018,1,16,5,2,5,3,0,1,1,0,0,0,0,1,0
11,7,7501133.0,2018,1,10,4,2,5,3,0,1,1,0,0,0,0,1,0
11,3,3601451.0,2018,1,17,1,3,3,6,2,0,0,0,1,0,1,0,0
11,1,1100310.0,2018,1,6,3,3,5,3,2,1,1,0,0,0,0,0,0
11,4,4400725.0,2018,1,16,2,3,2,6,2,0,1,0,0,0,1,0,0
11,4,4400726.0,2018,1,19,4,3,3,6,2,0,1,0,0,0,0,1,0
11,4,4100101.0,2018,1,22,6,3,2,6,2,0,1,0,0,1,0,0,0
11,6,6100101.0,2018,1,17,2,3,2,6,2,0,1,0,0,0,0,0,0
11,4,4400725.0,2018,1,17,5,3,2,6,2,0,1,0,0,0,0,0,0
11,2,2500727.0,2018,1,10,7,2,5,3,0,1,1,0,0,0,0,0,0
11,7,7501133.0,2018,1,20,2,3,0,1,2,0,0,0,1,0,0,2,0
11,1,1100205.0,2018,1,16,4,3,2,6,2,0,0,0,1,0,1,1,0
11,4,4200308.0,2018,1,10,5,3,3,6,0,0,1,0,0,1,0,1,0
11,7,7501030.0,2018,1,15,2,3,2,6,1,0,1,0,0,0,0,0,0
11,3,3601451.0,2018,1,8,3,2,6,4,0,0,1,1,0,0,0,0,0
11,4,4200311.0,2018,1,11,5,3,2,6,0,0,1,0,0,0,0,0,0
11,7,7200308.0,2018,1,6,3,3,6,2,2,0,1,1,0,0,0,1,0
11,10,10100103.0,2018,1,3,1,2,1,5,2,0,1,0,0,1,0,0,0
11,7,7501133.0,2018,1,20,3,2,6,2,2,0,1,1,0,0,0,1,0
11,7,7400822.0,2018,1,19,4,3,2,6,2,0,1,0,0,0,0,1,0
11,6,6300629.0,2018,1,18,3,2,6,4,2,0,1,1,0,0,0,1,0
11,10,10400837.0,2018,1,15,5,3,5,2,0,1,1,0,0,0,0,0,0
11,9,9200613.0,2018,1,8,2,3,5,2,0,1,1,0,0,0,0,0,0
11,12,12400723.0,2018,1,6,5,3,5,2,0,1,1,0,0,0,0,1,0
11,7,7400720.0,2018,1,22,6,3,2,6,2,0,1,0,0,0,0,0,0
11,2,2500729.0,2018,1,20,4,3,6,2,2,0,1,1,0,0,0,1,0
11,1,1100310.0,2018,1,23,7,3,6,7,2,0,1,1,0,0,0,0,0
11,10,10300733.0,2018,1,9,4,3,3,6,0,0,1,0,0,1,0,1,0
11,7,7400824.0,2018,1,13,6,3,5,2,0,0,1,0,0,0,0,0,0
11,1,1100102.0,2018,1,8,3,2,6,4,0,0,1,1,0,0,0,0,0
11,9,9100101.0,2018,1,17,4,3,0,4,2,0,0,1,0,0,1,0,0
11,2,2500729.0,2018,1,9,3,2,6,4,0,0,1,1,0,0,0,1,0
11,12,12100205.0,2018,1,6,6,3,5,3,2,0,1,0,0,0,0,1,0
11,6,6400737.0,2018,3,13,7,3,5,2,0,0,1,0,0,0,0,0,0
11,1,1100310.0,2018,11,18,2,3,3,6,2,1,1,0,0,0,0,0,0
11,7,7200308.0,2018,8,19,5,3,5,2,0,1,1,0,0,0,0,0,0
11,1,1100206.0,2018,10,22,6,3,1,5,2,1,1,0,0,0,0,0,0
11,2,2400521.0,2018,8,16,3,3,2,6,0,0,1,0,0,0,0,0,0
11,2,2500728.0,2018,4,19,2,2,3,6,0,1,0,0,0,0,0,0,0
11,3,3100101.0,2018,4,16,4,3,2,6,0,0,1,0,0,0,0,0,0
11,10,10300733.0,2018,5,14,4,2,5,3,0,1,1,0,0,0,0,0,0
11,7,7501133.0,2018,11,8,6,3,5,3,0,0,1,0,0,0,1,0,0
11,6,6400735.0,2018,12,9,3,3,0,3,0,0,1,0,1,0,0,1,0
11,7,7501133.0,2018,9,14,5,3,2,6,0,0,1,0,1,0,0,0,0
11,4,4400726.0,2018,8,7,6,3,2,6,0,0,1,0,0,0,1,0,0
11,7,7501133.0,2018,6,11,6,3,2,6,0,0,1,0,0,0,0,0,0
11,2,2500830.0,2018,7,22,4,3,0,1,2,0,0,0,1,0,0,0,0
11,1,1400940.0,2018,5,7,4,3,5,3,0,0,1,0,0,0,0,0,0
11,3,3100101.0,2018,3,18,6,3,0,3,0,0,1,0,0,0,0,0,0
11,2,2500835.0,2018,11,14,3,3,6,7,0,0,0,1,0,0,1,0,0
11,3,3200309.0,2018,6,11,1,3,9,1,0,0,1,0,0,0,0,1,0
11,4,4400830.0,2018,12,23,5,2,8,1,2,0,1,0,0,0,0,1,0
11,12,12601031.0,2018,10,16,7,3,6,7,0,0,1,1,0,0,0,0,0
11,3,3601449.0,2018,8,17,5,3,2,6,0,0,1,0,0,0,0,0,0
11,7,7100206.0,2018,4,21,4,3,2,6,2,1,1,0,0,0,0,0,0
11,7,7601236.0,2018,3,17,1,3,5,2,0,1,1,0,0,0,0,0,0
11,2,2500729.0,2018,5,14,5,3,2,6,0,0,1,0,1,0,0,0,0
11,12,12100101.0,2018,10,6,5,3,2,6,2,0,1,0,0,0,0,1,0
11,2,2500727.0,2018,3,20,6,3,5,2,2,0,1,0,1,0,0,0,0
11,7,7400927.0,2018,11,6,3,3,3,6,1,0,0,0,0,1,1,0,0
11,1,1400940.0,2018,9,9,1,3,5,3,0,0,1,0,0,0,0,0,0
11,7,7501030.0,2018,8,17,6,3,5,3,0,1,1,0,0,0,0,0,0
11,12,12100101.0,2018,6,12,2,3,2,6,0,0,1,0,0,0,0,0,0
11,10,10400837.0,2018,7,13,2,2,2,6,0,0,1,0,0,0,0,0,0
11,6,6300527.0,2018,6,10,3,3,5,2,0,0,1,0,0,0,0,0,0
11,10,10400837.0,2018,8,10,5,3,0,1,0,0,0,0,1,0,0,0,0
11,2,2400522.0,2018,5,18,5,3,6,4,0,1,0,1,0,0,0,0,0
11,8,8200624.0,2018,4,6,5,3,2,6,0,0,1,0,0,0,0,0,0
11,12,12100101.0,2018,12,8,3,3,5,2,0,0,1,0,0,0,0,1,0
11,9,9100305.0,2018,9,12,7,3,3,6,0,0,1,0,0,0,0,0,0
11,1,1100310.0,2018,9,4,1,2,9,1,1,0,1,0,0,0,0,0,0
11,1,1100104.0,2018,7,9,6,3,0,1,0,0,0,0,1,0,0,0,0
11,2,2500727.0,2018,7,15,7,3,9,1,0,1,0,0,0,0,0,0,0
11,3,3601142.0,2018,3,8,4,3,2,6,0,0,1,0,0,0,0,1,0
11,2,2400625.0,2018,5,18,6,3,0,6,0,1,0,1,0,0,0,0,0
11,7,7601236.0,2018,10,13,5,3,5,3,0,1,1,0,0,0,0,0,0
11,2,2500727.0,2018,3,20,6,3,5,2,2,0,1,0,0,0,0,0,0
11,7,7400927.0,2018,11,12,6,2,3,6,0,0,1,0,0,1,0,1,0
11,7,7501030.0,2018,9,13,2,3,5,2,0,0,1,0,1,0,0,0,0
11,6,6400735.0,2018,8,18,7,3,2,6,0,0,1,0,1,0,0,0,0
11,3,3400723.0,2018,6,22,3,3,9,1,2,0,1,0,0,0,0,0,0
11,1,1100310.0,2018,10,16,3,3,6,2,0,0,1,1,0,0,0,0,0
11,8,8100521.0,2018,6,13,5,3,2,6,0,0,1,0,0,0,0,0,0
11,9,9100101.0,2018,8,15,6,3,5,2,0,0,1,0,0,0,0,0,0
11,7,7400927.0,2018,4,10,7,3,0,7,0,0,1,0,0,0,0,0,0
11,11,11300724.0,2018,4,19,7,3,2,6,0,0,1,0,0,0,0,0,0
11,3,3100101.0,2018,6,12,6,3,2,6,0,0,1,0,0,0,0,0,0
11,3,3701657.0,2018,12,18,6,3,5,7,2,1,1,0,0,0,0,1,0
11,1,1100311.0,2018,9,17,2,3,5,3,1,1,0,0,0,0,0,1,0
11,1,1100102.0,2018,9,18,3,3,3,6,0,0,1,0,1,0,0,0,0
11,4,4200310.0,2018,6,15,3,3,1,5,0,1,1,0,0,0,0,0,0
11,4,4200311.0,2018,7,23,7,2,3,7,2,0,1,0,1,0,0,0,0
11,7,7400927.0,2018,5,12,1,3,2,6,0,0,1,0,0,0,0,0,0
11,2,2200208.0,2018,3,8,6,3,6,6,0,1,0,1,0,0,0,0,0
11,2,2400625.0,2018,11,19,7,3,6,7,2,1,0,1,0,0,0,0,0
11,4,4400727.0,2018,10,13,4,3,2,6,0,0,1,0,0,0,0,0,0
11,7,7400824.0,2018,8,16,2,3,6,2,0,0,1,1,0,0,0,0,0
11,4,4200311.0,2018,4,17,1,3,2,6,0,0,1,0,0,0,0,0,0
11,7,7400927.0,2018,4,1,2,3,9,1,2,0,1,0,0,0,0,1,0
11,11,11300724.0,2018,5,10,2,2,2,6,0,0,1,0,0,0,0,0,0
11,7,7501133.0,2018,10,21,4,3,5,2,2,0,1,0,0,0,0,0,0
11,12,12100101.0,2018,3,17,6,3,5,3,1,1,1,0,0,0,0,0,0
11,3,3601142.0,2018,12,5,1,3,6,4,2,1,0,1,0,0,0,1,0
11,7,7400822.0,2018,9,18,4,2,2,1,0,0,1,0,0,0,0,0,0
11,3,2400520.0,2018,8,20,5,3,3,6,1,1,1,0,0,0,0,1,0