LAND,BEZ,LOR_ab_2021,UJAHR,UMONAT,USTUNDE,UWOCHENTAG,UKATEGORIE,UART,UTYP1,ULICHTVERH,IstRad,IstPKW,IstFuss,IstKrad,IstGkfz,IstSonstige,USTRZUSTAND,lockdown
11,7,7300619.0,2018,1,0,7,2,6,4,2,0,1,1,0,0,0,0,0
11,7,7400928.0,2018,7,2,2,1,8,1,2,0,0,0,1,0,0,0,0
11,4,4300414.0,2018,4,7,2,2,0,1,0,1,0,0,0,0,0,0,0
11,6,6300524.0,2018,7,10,5,3,9,1,0,0,1,0,0,0,0,0,0
11,4,4200311.0,2018,3,9,3,3,2,6,0,0,1,0,0,0,0,1,0
11,4,4200206.0,2018,5,20,2,3,2,6,0,0,0,0,0,0,1,0,0
11,7,7400822.0,2018,10,14,2,3,3,6,0,0,1,0,0,1,0,1,0
11,1,1100310.0,2018,1,6,6,3,2,6,2,0,1,0,0,0,0,1,0
11,7,7400823.0,2018,11,16,4,3,2,6,2,0,1,0,0,0,0,0,0
11,4,4501153.0,2018,9,18,5,3,2,6,1,0,1,0,0,0,1,1,0
11,3,3701660.0,2018,8,15,3,3,2,2,0,1,0,0,0,0,1,0,0
11,3,3601141.0,2018,6,8,6,3,6,4,0,1,0,1,0,0,0,0,0
11,12,12100204.0,2018,6,18,7,3,5,3,0,0,1,0,1,0,0,0,0
11,9,9200613.0,2018,8,10,2,2,6,3,0,0,1,1,0,0,0,0,0
11,3,3601142.0,2018,5,9,4,3,0,4,0,0,0,1,1,0,0,0,0
11,1,1100104.0,2018,4,15,3,3,2,6,0,0,1,0,0,0,0,0,0
11,7,7200410.0,2018,12,20,3,3,3,6,2,1,1,0,0,0,0,1,0
11,12,12100204.0,2018,9,14,4,3,0,5,0,1,0,0,0,0,1,0,0
11,9,9200613.0,2018,9,14,5,2,3,6,0,0,1,0,0,0,0,0,0
11,4,4200310.0,2018,7,16,3,3,0,4,0,1,0,1,0,0,0,0,0
11,3,3601142.0,2018,7,17,3,3,0,4,0,1,0,1,0,0,0,0,0
11,7,7501029.0,2018,5,8,4,3,2,2,0,0,1,0,0,0,0,0,0
11,3,3601142.0,2018,1,5,6,2,6,4,2,0,1,1,0,0,0,1,0
11,7,7501133.0,2018,11,6,3,3,3,6,2,1,1,0,0,0,0,1,0
11,4,4200311.0,2018,8,9,5,3,0,2,0,1,1,0,0,0,0,0,0
11,12,12100101.0,2018,10,12,7,3,5,3,0,0,1,0,0,0,0,0,0
11,3,3601142.0,2018,8,1,4,3,0,4,2,0,0,1,1,0,0,0,0
11,12,12200412.0,2018,4,15,4,3,2,6,0,0,1,0,0,0,0,1,0
11,7,7300619.0,2018,4,12,5,3,2,6,0,0,1,0,0,0,0,0,0
11,3,3701657.0,2018,5,21,4,3,5,2,1,1,1,0,0,0,0,0,0
11,1,1300836.0,2018,12,17,4,3,3,6,2,0,1,0,0,0,0,0,0
11,12,12601032.0,2018,9,12,5,3,0,2,0,1,0,0,0,0,1,0,0
11,10,10100313.0,2018,8,16,6,3,3,6,0,0,1,0,1,0,0,0,0
11,7,7300619.0,2018,6,16,6,3,0,7,0,0,0,0,1,0,1,1,0
11,6,6400735.0,2018,7,18,5,3,6,4,0,1,0,1,0,0,0,0,0
11,1,1100206.0,2018,5,14,4,3,6,7,0,1,0,1,0,0,0,0,0
11,2,2500729.0,2018,1,11,6,3,6,7,0,1,0,1,0,0,0,1,0
11,6,6400735.0,2018,11,16,3,3,0,5,0,1,1,0,0,0,1,0,0
11,6,6400735.0,2018,6,7,3,2,6,4,0,0,1,1,0,0,0,0,0
11,1,1100102.0,2018,12,17,7,3,2,6,2,0,1,0,0,0,0,1,0
11,4,4200311.0,2018,10,14,1,3,2,6,0,0,1,0,0,0,0,0,0
11,12,12200414.0,2018,8,14,6,2,8,1,0,0,1,0,0,0,0,0,0
11,4,4300415.0,2018,4,13,5,2,2,6,0,0,1,0,0,0,0,0,0
11,1,1400940.0,2018,3,11,3,3,2,6,0,0,1,0,1,0,0,0,0
11,12,12400721.0,2018,5,8,6,2,5,3,0,1,1,0,0,0,0,0,0
11,7,7300619.0,2018,10,15,6,3,2,6,0,0,1,0,0,0,1,0,0
11,3,3601452.0,2018,1,17,5,3,2,6,2,0,1,0,0,0,0,0,0
11,1,1100102.0,2018,11,14,5,3,6,7,0,1,0,1,0,0,0,0,0
11,8,8200622.0,2018,9,7,2,3,2,6,0,0,1,0,1,0,0,0,0
11,3,3500936.0,2018,8,21,7,3,3,6,2,0,1,0,0,1,0,0,0
11,3,3400723.0,2018,6,7,3,3,2,6,0,0,1,0,0,1,0,0,0
11,11,11401032.0,2018,7,19,2,3,1,5,0,1,1,0,0,0,0,0,0
11,4,4300414.0,2018,6,17,3,3,2,6,0,0,1,0,0,0,0,0,0
11,7,7601547.0,2018,5,12,7,3,1,5,0,0,1,0,1,0,0,0,0
11,3,3400725.0,2018,4,16,5,2,3,6,0,0,1,0,0,0,0,0,0
11,11,11401034.0,2018,12,16,4,3,2,6,1,0,1,0,0,0,0,1,0
11,7,7400721.0,2018,9,13,1,3,6,2,0,0,1,1,0,0,0,0,0
11,1,1400940.0,2018,7,16,7,2,5,3,0,0,1,0,1,0,0,0,0
11,4,4300414.0,2018,4,16,1,3,1,5,0,1,0,0,0,0,1,0,0
11,6,6400735.0,2018,7,20,2,3,0,3,1,0,1,0,1,0,0,0,0
11,4,4400830.0,2018,3,15,6,3,2,6,0,0,1,0,0,0,0,1,0
11,1,1100102.0,2018,5,13,7,3,0,6,0,1,0,0,0,0,0,0,0
11,3,3500936.0,2018,10,14,6,3,0,1,0,0,0,0,1,0,0,0,0
11,4,4200207.0,2018,1,17,5,3,8,1,2,0,1,0,0,0,0,0,0
11,7,7400721.0,2018,11,11,7,3,2,6,0,0,1,0,0,0,0,0,0
11,7,7601442.0,2018,9,6,3,2,1,5,1,0,1,0,0,0,0,0,0
11,7,7400720.0,2018,8,14,1,3,2,6,0,0,1,0,0,0,0,0,0
11,5,5200528.0,2018,6,13,4,3,2,6,0,0,1,0,1,0,0,0,0
11,3,3400830.0,2018,10,11,4,3,2,7,0,0,0,0,1,0,1,0,0
11,3,3701657.0,2018,6,6,6,3,0,7,0,1,0,0,0,0,0,0,0
11,1,1300836.0,2018,8,15,6,3,5,2,0,1,1,0,0,0,0,0,0
11,7,7501133.0,2018,5,20,3,3,5,3,0,0,1,0,0,0,0,0,0
11,7,7501029.0,2018,4,16,1,3,2,6,0,0,1,0,0,0,0,0,0
11,3,3100103.0,2018,12,6,2,3,2,6,1,0,1,0,0,0,0,0,0
11,3,3400721.0,2018,9,14,3,3,2,6,0,0,1,0,0,0,0,0,0
11,6,6400735.0,2018,9,13,3,3,0,2,0,1,1,0,0,0,0,0,0
11,7,7200308.0,2018,6,16,4,3,6,4,0,0,1,1,0,0,0,0,0
11,4,4400727.0,2018,7,9,2,3,2,6,0,0,1,0,0,0,0,0,0
11,2,2500728.0,2018,5,21,2,3,1,1,1,0,1,0,0,0,0,0,0
11,12,12100205.0,2018,1,9,5,3,3,6,0,0,1,0,0,0,0,1,0
11,12,12400618.0,2018,11,16,1,3,0,1,1,0,0,0,1,0,0,1,0
11,3,3601245.0,2018,8,13,5,3,6,4,0,0,1,1,0,0,0,0,0
11,1,1100310.0,2018,3,11,7,3,5,2,0,0,1,0,0,0,0,0,0
11,3,3701657.0,2018,10,8,5,2,2,6,0,0,1,0,0,0,0,0,0
11,10,10300734.0,2018,8,6,3,2,5,3,0,1,1,0,0,0,0,0,0
11,10,10300733.0,2018,4,7,2,3,5,2,0,0,1,0,0,1,0,0,0
11,3,3400826.0,2018,4,16,3,3,1,5,0,1,0,0,0,0,1,0,0
11,7,7400822.0,2018,5,15,3,3,2,6,0,0,1,0,0,0,1,0,0
11,3,3100101.0,2018,10,17,4,3,2,6,2,0,1,0,0,0,0,0,0
11,3,3300517.0,2018,12,18,2,3,6,2,2,0,0,1,0,1,0,0,0
11,7,7200410.0,2018,9,20,4,3,3,6,2,1,1,0,0,0,0,0,0
11,1,1100207.0,2018,8,11,5,3,6,7,0,0,1,1,0,0,0,0,0
11,1,1100310.0,2018,6,17,5,3,5,2,0,1,0,0,1,0,0,0,0
11,6,6400736.0,2018,7,8,4,3,2,6,0,0,1,0,0,0,0,0,0
11,3,3500934.0,2018,1,16,5,3,2,6,2,0,1,0,0,0,0,1,0
11,4,4300414.0,2018,11,7,2,3,5,2,0,1,1,0,0,0,0,0,0
11,7,7400824.0,2018,6,11,6,3,2,6,0,0,0,0,1,1,0,1,0
11,3,3701657.0,2018,5,18,3,3,5,2,0,1,1,0,0,0,0,0,0
11,12,12200310.0,2018,12,12,5,3,2,6,0,0,1,0,0,0,1,0,0
11,7,7501133.0,2018,10,10,6,3,1,5,0,0,1,0,1,0,0,0,0
11,3,3300517.0,2018,1,18,5,2,5,2,2,1,1,0,0,0,0,1,0
11,6,6300525.0,2018,1,11,4,2,5,2,0,1,1,0,0,0,0,0,0
11,7,7200308.0,2018,1,18,5,3,2,2,2,1,1,0,0,0,0,1,0
11,9,9200717.0,2018,1,18,2,3,5,3,2,0,1,0,0,0,1,0,0
11,12,12100205.0,2018,1,18,5,3,5,2,2,1,1,0,0,0,0,1,0
11,9,9501941.0,2018,1,17,1,3,5,3,2,0,1,0,0,0,0,0,0
11,3,3100103.0,2018,1,17,5,2,6,2,2,0,1,1,0,0,0,1,0
11,5,5100211.0,2018,1,7,6,2,6,2,1,0,1,1,0,0,0,0,0
11,1,1200522.0,2018,1,17,5,3,5,3,2,0,1,0,0,0,0,1,0
11,4,4100101.0,2018,1,23,3,2,6,4,2,0,1,1,0,0,0,0,0
11,11,11300619.0,2018,1,17,5,2,6,4,2,0,1,1,0,0,0,1,0
11,2,2500835.0,2018,1,16,5,3,5,2,2,0,1,0,0,0,0,1,0
11,12,12200308.0,2018,1,5,2,3,1,5,2,0,1,0,0,0,1,0,0
11,8,8100206.0,2018,1,15,5,3,2,6,1,0,1,0,0,0,0,1,0
11,12,12200412.0,2018,1,16,5,3,2,6,0,0,1,0,0,0,1,1,0
11,8,8100104.0,2018,1,3,7,3,6,2,2,0,0,1,0,0,1,1,0
11,6,6200312.0,2018,1,15,5,3,5,2,0,0,1,0,0,0,0,1,0
11,2,2200212.0,2018,1,20,4,3,2,6,2,1,1,0,0,0,0,1,0
11,8,8100521.0,2018,1,15,5,3,3,6,1,0,1,0,0,1,0,1,0
11,3,3300517.0,2018,1,16,7,2,5,2,2,0,1,0,0,0,0,0,0
11,8,8200727.0,2018,1,14,5,3,6,4,0,0,1,1,0,0,0,1,0
11,1,1100103.0,2018,1,21,5,3,2,2,2,0,1,0,0,0,1,1,0
11,9,9502043.0,2018,1,14,5,2,5,3,0,1,1,0,0,0,0,1,0
11,1,1401045.0,2018,1,16,3,3,2,6,2,0,1,0,0,0,0,0,0
11,4,4200310.0,2018,1,14,5,2,0,7,0,0,1,0,0,0,0,0,0
11,2,2500727.0,2018,1,8,2,3,1,5,0,0,1,0,0,0,1,0,0
11,6,6300526.0,2018,1,14,5,3,0,7,0,0,1,0,1,0,0,1,0
11,5,5200526.0,2018,1,13,5,2,6,4,0,0,1,1,0,0,0,0,0
11,7,7400927.0,2018,1,20,7,3,1,5,2,0,1,0,0,0,0,1,0
11,11,11401032.0,2018,1,13,5,3,5,3,0,0,1,0,0,0,0,1,0
11,1,1100308.0,2018,1,17,4,3,0,1,2,0,0,0,1,0,0,1,0
11,11,11200513.0,2018,1,19,5,2,5,3,2,1,1,0,0,0,0,1,0
11,8,8100521.0,2018,1,13,5,3,5,3,0,0,1,0,0,0,0,1,0
11,1,1100309.0,2018,1,12,2,3,2,6,0,0,1,0,0,1,0,0,0
11,12,12200309.0,2018,1,11,5,3,0,5,0,0,1,0,1,0,0,1,0
11,2,2400623.0,2018,1,7,3,3,5,3,1,1,1,0,0,0,0,0,0
11,12,12500927.0,2018,1,10,5,3,6,4,0,0,1,1,0,0,0,1,0
11,2,2400623.0,2018,1,13,2,3,5,3,0,1,1,0,0,0,0,0,0
11,9,9100101.0,2018,1,5,5,3,5,2,2,1,1,0,0,0,0,1,0
11,11,11100204.0,2018,1,5,5,3,5,3,2,1,1,0,0,0,0,1,0
11,4,4300623.0,2018,1,2,6,3,8,1,2,0,1,0,0,0,0,1,0
11,4,4300416.0,2018,1,10,5,3,5,3,0,0,1,0,0,0,0,1,0
11,4,4400729.0,2018,1,12,4,3,5,3,0,0,1,0,0,0,0,0,0
11,1,1100101.0,2018,1,6,5,3,6,2,2,0,1,1,0,0,0,1,0
11,9,9200715.0,2018,1,6,2,3,5,3,2,1,1,0,0,0,0,0,0
11,1,1100311.0,2018,1,6,5,3,5,3,2,1,1,0,0,0,0,1,0
11,6,6400840.0,2018,1,13,1,3,5,2,0,1,1,0,0,0,0,0,0
11,2,2100104.0,2018,1,8,5,3,5,3,0,1,1,0,0,0,0,1,0
11,3,3601245.0,2018,1,7,5,3,6,2,2,0,1,1,0,0,0,1,0
11,1,1300733.0,2018,1,10,2,3,2,2,0,1,1,0,0,0,0,0,0
11,12,12200414.0,2018,1,7,5,3,6,2,2,0,1,1,0,0,0,1,0
11,1,1200628.0,2018,1,15,6,3,5,2,1,0,1,0,0,0,0,0,0
11,12,12500929.0,2018,1,7,5,3,6,7,1,0,0,1,0,0,1,1,0
11,6,6400838.0,2018,1,10,4,3,3,6,0,0,1,0,0,1,0,0,0
11,10,10400938.0,2018,1,18,2,3,5,3,2,0,1,0,0,0,0,0,0
11,8,8100206.0,2018,1,19,7,3,6,7,2,0,1,1,0,0,0,0,0
11,2,2500831.0,2018,1,1,6,2,0,1,2,1,0,0,0,0,0,1,0
11,2,2500834.0,2018,1,18,3,3,2,2,2,1,1,0,0,0,0,0,0
11,9,9100305.0,2018,1,7,5,2,6,2,1,0,1,1,0,0,0,1,0
11,7,7601442.0,2018,1,10,6,3,6,6,0,0,1,1,0,0,0,0,0
11,7,7601236.0,2018,1,18,4,3,6,7,2,0,1,1,0,0,0,1,0
11,3,3500933.0,2018,1,15,3,3,0,3,0,0,0,0,0,0,1,0,0
11,12,12601235.0,2018,1,7,4,3,6,2,0,0,0,1,0,0,1,1,0
11,7,7400928.0,2018,1,13,4,3,5,2,0,1,0,0,0,1,0,1,0
11,2,2100102.0,2018,1,8,2,2,6,2,0,0,1,1,0,0,0,0,0
11,1,1100312.0,2018,1,20,4,2,6,4,2,0,1,1,0,0,0,1,0
11,3,3500936.0,2018,1,7,4,3,6,4,2,0,0,1,0,0,1,1,0
11,1,1200623.0,2018,1,14,7,3,5,7,0,0,1,0,0,0,0,0,0
11,4,4300412.0,2018,1,13,4,3,5,2,0,1,1,0,0,0,0,1,0
11,1,1401047.0,2018,1,21,5,3,6,2,2,0,1,1,0,0,0,1,0
11,11,11200513.0,2018,1,16,4,3,5,3,2,0,1,0,0,0,0,1,0
11,1,1100207.0,2018,1,12,3,3,2,7,0,1,1,0,0,0,0,0,0
11,7,7300618.0,2018,1,16,4,3,5,2,2,1,1,0,0,0,0,1,0
11,10,10200629.0,2018,1,13,2,3,0,6,0,0,0,0,0,0,1,0,0
11,1,1300834.0,2018,1,15,4,3,5,3,0,1,1,0,0,0,0,0,0
11,5,5100105.0,2018,1,15,4,3,2,6,0,0,1,0,0,0,0,1,0
11,7,7100102.0,2018,1,22,7,3,5,3,2,0,1,0,0,0,0,0,0
11,3,3601452.0,2018,1,17,4,3,5,3,1,0,1,0,0,0,0,1,0
11,6,6100209.0,2018,1,6,2,3,0,7,2,0,1,0,0,0,0,0,0
11,4,4300412.0,2018,1,17,4,2,0,4,1,0,1,1,0,0,1,1,0
11,5,5300840.0,2018,1,18,4,3,5,3,2,0,1,0,0,0,0,1,0
11,8,8100417.0,2018,1,1,7,3,6,2,2,0,1,1,0,0,0,0,0
11,4,4200311.0,2018,1,19,4,3,6,2,2,0,1,1,0,0,0,1,0
11,6,6200421.0,2018,1,18,4,3,2,6,2,0,1,0,0,0,0,1,0
11,6,6300633.0,2018,1,19,4,3,6,2,2,0,1,1,0,0,0,1,0
11,4,4500938.0,2018,1,11,3,3,2,7,0,0,1,0,0,0,0,0,0
11,1,1300733.0,2018,1,20,4,3,6,2,2,0,1,1,0,0,0,1,0
11,2,2100104.0,2018,1,11,2,2,6,4,0,1,0,1,0,0,0,0,0
11,1,1100101.0,2018,1,13,4,3,6,4,0,0,1,1,0,0,0,1,0
11,10,10200420.0,2018,1,16,6,3,5,3,2,1,1,0,0,0,0,0,0
11,4,4200311.0,2018,1,11,4,3,1,5,0,1,1,0,0,0,0,1,0
11,1,1100311.0,2018,1,11,4,3,3,1,0,0,1,0,0,0,0,1,0
11,3,3100103.0,2018,1,11,4,3,5,3,0,0,1,0,0,0,1,1,0
11,7,7200307.0,2018,1,13,4,2,1,5,0,0,1,0,0,0,0,1,0
11,2,2400623.0,2018,1,20,5,3,0,7,2,1,0,0,0,0,1,1,0
11,5,5200524.0,2018,1,10,4,3,5,3,0,0,1,0,0,0,0,1,0
11,3,3400725.0,2018,1,7,2,3,5,3,0,1,0,0,0,0,0,0,0
11,4,4501042.0,2018,1,11,4,2,6,4,0,0,1,1,0,0,0,1,0
11,7,7200409.0,2018,1,18,1,3,1,5,2,1,1,0,0,0,0,0,0
11,5,5100315.0,2018,1,10,4,3,5,3,0,1,0,0,0,1,0,1,0
11,6,6100206.0,2018,1,14,6,3,5,2,0,1,1,0,0,0,0,0,0
11,8,8200725.0,2018,1,9,4,3,5,3,0,1,1,0,0,0,0,1,0
11,3,3601449.0,2018,1,8,4,3,2,7,1,0,1,0,0,0,0,0,0
11,10,10200629.0,2018,1,7,4,2,6,4,2,0,1,1,0,0,0,1,0
11,10,10200422.0,2018,1,17,2,3,6,4,2,0,1,1,0,0,0,0,0
11,7,7601544.0,2018,1,7,4,2,6,2,2,0,1,1,0,0,0,1,0
11,1,1100311.0,2018,1,7,4,3,3,6,1,0,1,0,0,1,0,1,0
11,1,1300733.0,2018,1,17,7,3,6,2,2,0,1,1,0,0,0,0,0
11,1,1300730.0,2018,1,7,4,2,6,2,2,0,1,1,0,0,0,1,0
11,7,7200308.0,2018,1,18,2,3,5,3,2,1,0,0,0,0,0,0,0
11,11,11300721.0,2018,1,7,4,3,6,4,2,0,1,1,0,0,0,1,0
11,10,10100315.0,2018,1,16,1,3,2,2,1,0,1,0,0,0,0,0,0
11,5,5100209.0,2018,1,7,4,2,6,4,2,0,1,1,0,0,0,1,0
11,1,1400938.0,2018,1,7,6,3,6,2,0,0,1,1,0,0,0,0,0
11,7,7400927.0,2018,1,6,4,3,5,2,2,1,1,0,0,0,0,1,0
11,12,12200515.0,2018,1,13,3,3,1,7,0,0,1,0,0,0,1,0,0
11,2,2400623.0,2018,1,6,4,3,2,3,1,1,1,0,0,0,0,1,0
11,1,1400937.0,2018,1,6,4,3,5,3,2,1,1,0,0,0,0,1,0
11,9,9200715.0,2018,1,7,2,3,2,6,1,0,1,0,0,0,0,2,0
11,1,1100416.0,2018,1,5,4,2,5,3,2,1,1,0,0,0,0,1,0
11,1,1100205.0,2018,1,9,4,3,6,4,0,1,0,1,0,0,0,0,0
11,1,1100206.0,2018,1,13,7,3,5,3,0,0,1,0,0,0,0,0,0
11,3,3200308.0,2018,1,8,4,3,5,3,0,1,1,0,0,0,0,1,0
11,9,9200512.0,2018,1,20,4,3,6,4,2,0,1,1,0,0,0,1,0
11,3,3400721.0,2018,1,8,3,3,6,4,1,1,0,1,0,0,0,0,0
11,8,8100310.0,2018,1,8,4,3,5,3,1,1,1,0,0,0,0,1,0
11,2,2500833.0,2018,1,23,5,3,5,2,2,1,1,0,0,0,0,1,0
11,2,2100102.0,2018,1,8,4,3,5,7,0,0,1,0,0,0,1,1,0
11,10,10100210.0,2018,1,16,3,2,6,4,2,0,1,1,0,0,0,0,0
11,4,4501151.0,2018,1,7,4,2,6,2,1,0,1,1,0,0,0,1,0
11,4,4200308.0,2018,1,15,4,3,2,6,0,0,1,0,0,1,0,1,0
11,1,1100310.0,2018,1,16,2,3,2,6,1,0,1,0,0,0,1,0,0
11,10,10100311.0,2018,1,7,4,3,6,2,1,0,1,1,0,0,0,1,0
11,7,7200409.0,2018,1,7,4,2,5,7,1,0,1,0,0,0,0,1,0
11,2,2200209.0,2018,1,20,7,3,5,2,2,0,1,0,0,0,0,0,0
11,4,4500936.0,2018,1,8,4,2,6,4,1,0,1,1,0,0,0,1,0
11,6,6200311.0,2018,1,17,4,3,5,3,2,0,1,0,0,0,0,0,0
11,4,4400832.0,2018,1,17,4,3,6,2,0,0,1,1,0,0,0,0,0
11,1,1100205.0,2018,1,9,2,3,3,6,0,0,1,0,1,0,0,0,0
11,11,11200514.0,2018,1,20,3,3,5,3,2,1,1,0,0,0,0,1,0
11,2,2100103.0,2018,1,11,2,3,3,6,0,0,1,0,0,0,1,0,0
11,1,1300836.0,2018,1,11,3,3,2,6,0,0,1,0,0,0,0,1,0
11,5,5100210.0,2018,1,13,2,2,6,2,0,0,1,1,0,0,0,0,0
11,3,3601449.0,2018,1,18,3,3,8,1,2,0,1,0,0,0,0,1,0
11,6,6100101.0,2018,1,15,3,3,1,5,0,0,1,0,0,0,0,1,0
11,11,11400927.0,2018,1,14,6,2,6,2,0,0,1,1,0,0,0,0,0
11,4,4300623.0,2018,1,13,3,3,0,5,0,0,0,0,1,0,1,1,0
11,4,4400729.0,2018,1,12,4,3,5,3,0,1,1,0,0,0,0,0,0
11,5,5100316.0,2018,1,8,5,3,6,4,1,0,1,1,0,0,0,1,0
11,9,9200715.0,2018,1,12,3,3,5,2,0,0,1,0,0,0,0,1,0
11,6,6300629.0,2018,1,6,2,3,6,4,2,0,1,1,0,0,0,0,0
11,9,9401534.0,2018,1,8,3,3,0,7,1,1,0,0,0,0,0,1,0
11,8,8100207.0,2018,1,16,1,3,5,3,1,0,1,0,0,0,1,0,0
11,2,2400521.0,2018,1,6,3,3,5,3,2,0,1,0,0,0,0,1,0
11,12,12200412.0,2018,1,14,6,3,2,6,0,0,1,0,0,0,0,1,0
11,6,6200313.0,2018,1,5,3,3,6,2,2,0,1,1,0,0,0,1,0
11,9,9501838.0,2018,1,5,4,2,8,1,2,0,1,0,0,0,0,2,0
11,5,5100315.0,2018,1,13,3,2,5,2,0,0,1,0,0,0,0,1,0
11,12,12601236.0,2018,1,16,6,2,0,2,2,0,1,0,0,0,1,0,0
11,8,8100415.0,2018,1,14,3,3,3,6,0,1,0,0,0,0,1,1,0
11,5,5100315.0,2018,1,10,4,3,2,6,0,0,1,0,0,0,0,0,0
11,6,6400736.0,2018,1,21,3,3,5,3,2,0,1,0,0,0,0,1,0
11,12,12100204.0,2018,1,6,2,2,6,4,2,0,1,1,0,0,0,0,0
11,10,10100101.0,2018,1,17,3,2,6,4,2,0,1,1,0,0,0,1,0
11,2,2100101.0,2018,1,19,7,3,5,3,2,1,1,0,0,0,0,0,0
11,9,9100304.0,2018,1,18,3,3,5,3,2,1,1,0,0,0,0,1,0
11,8,8100416.0,2018,1,22,6,3,1,5,2,0,1,0,0,0,0,1,0
11,3,3300413.0,2018,1,17,3,3,3,6,2,0,1,0,0,0,1,1,0
11,2,2200210.0,2018,1,19,3,3,2,6,2,0,1,0,0,0,0,0,0
11,7,7400927.0,2018,1,17,3,3,6,4,2,0,1,1,0,0,0,1,0
11,8,8401139.0,2018,1,17,3,3,5,3,2,0,1,0,0,0,0,1,0
11,1,1400938.0,2018,1,16,2,3,5,3,1,1,1,0,0,0,0,0,0
11,6,6100102.0,2018,1,17,3,3,1,5,2,1,1,0,0,0,0,1,0
11,4,4501042.0,2018,1,17,3,3,5,2,1,0,1,0,0,0,1,1,0
11,9,9200715.0,2018,1,17,3,3,5,2,2,0,1,0,0,0,0,1,0
11,4,4200309.0,2018,1,6,3,3,5,3,2,0,1,0,0,0,0,1,0
11,6,6200315.0,2018,1,16,2,3,1,5,1,0,1,0,0,0,0,0,0
11,5,5200527.0,2018,1,5,2,3,1,7,2,0,0,0,0,0,1,0,0
11,3,3500934.0,2018,1,0,2,3,6,4,2,0,1,1,0,0,0,1,0
11,8,8200831.0,2018,1,16,7,2,6,4,2,0,1,1,0,0,0,0,0
11,10,10100311.0,2018,1,0,2,2,6,7,2,0,0,1,0,0,1,1,0
11,1,1100416.0,2018,1,20,5,3,5,3,2,1,1,0,0,0,0,1,0
11,8,8100314.0,2018,1,22,2,3,5,2,2,0,1,0,0,0,0,0,0
11,9,9300920.0,2018,1,15,3,3,5,2,1,1,1,0,0,0,0,0,0
11,6,6300633.0,2018,1,13,2,3,6,4,0,1,0,1,0,0,0,0,0
11,10,10300734.0,2018,1,13,2,2,5,7,0,1,1,0,0,0,0,0,0
11,1,1100309.0,2018,1,7,2,3,5,3,1,0,1,0,0,0,0,0,0
11,7,7300619.0,2018,1,6,2,3,5,3,2,0,1,0,0,0,0,1,0
11,8,8100104.0,2018,1,22,7,3,3,6,2,0,1,0,0,0,0,0,0
11,8,8100312.0,2018,1,6,2,2,6,4,2,0,1,1,0,0,0,0,0
11,1,1100310.0,2018,1,2,4,3,5,3,2,0,1,0,0,0,0,1,0
11,5,5300737.0,2018,1,22,5,3,3,6,2,0,1,0,0,0,0,1,0
11,1,1100416.0,2018,1,2,7,2,5,3,2,1,1,0,0,0,0,0,0
11,6,6300634.0,2018,1,4,2,3,6,2,2,0,1,1,0,0,0,1,0
11,1,1100309.0,2018,1,17,4,3,2,6,2,0,1,0,1,0,0,1,0
11,1,1100101.0,2018,1,1,2,3,6,4,2,0,0,1,0,0,1,0,0
11,5,5100208.0,2018,1,7,3,3,8,1,1,0,1,0,0,0,0,0,0
11,7,7501029.0,2018,1,1,2,3,5,3,2,0,1,0,0,0,0,0,0
11,2,2200210.0,2018,1,13,2,3,5,3,0,1,1,0,0,0,0,2,0
11,1,1200627.0,2018,1,0,2,3,6,4,2,0,1,1,0,0,0,0,0
11,5,5100211.0,2018,1,0,2,2,6,7,2,0,0,1,0,0,1,0,0
11,9,9200511.0,2018,1,23,6,3,5,3,2,0,1,0,0,0,0,0,0
11,1,1100101.0,2018,1,14,2,3,5,2,0,0,1,0,0,0,0,0,0
11,9,9401329.0,2018,1,12,4,3,2,6,0,0,1,0,0,0,0,1,0
11,9,9200715.0,2018,1,14,2,3,5,3,0,0,1,0,0,0,0,0,0
11,3,3601452.0,2018,1,20,2,3,5,3,2,0,1,0,0,0,0,0,0
11,1,1300835.0,2018,1,11,2,3,5,2,0,1,0,0,0,0,1,0,0
11,1,1200517.0,2018,1,10,2,3,2,6,0,0,1,0,0,0,0,2,0
11,8,8100312.0,2018,1,15,6,3,5,2,0,1,0,0,0,0,1,0,0
11,2,2400623.0,2018,1,8,4,3,5,3,1,1,1,0,0,0,0,0,0
11,1,1100207.0,2018,1,17,2,2,4,2,2,1,0,0,0,0,0,0,0
11,2,2400623.0,2018,1,17,7,2,6,4,2,0,1,1,0,0,0,0,0
11,1,1100102.0,2018,1,16,5,3,6,2,2,0,1,1,0,0,0,1,0
11,2,2200209.0,2018,1,10,1,3,5,3,0,0,1,0,0,0,0,0,0
11,5,5300737.0,2018,1,9,6,3,2,6,0,0,1,0,0,0,1,0,0
11,1,1300733.0,2018,1,8,3,3,6,2,1,0,1,1,0,0,0,1,0
11,4,4200309.0,2018,1,10,2,2,5,2,0,1,1,0,0,0,0,0,0
11,2,2200213.0,2018,1,13,7,3,1,5,0,0,1,0,0,0,0,1,0
11,7,7300618.0,2018,1,9,3,3,2,7,0,0,1,0,0,0,1,0,0
11,12,12500926.0,2018,1,13,2,3,1,7,0,0,1,0,0,0,0,0,0
11,10,10200417.0,2018,1,17,3,3,5,2,2,0,1,0,0,0,0,0,0
11,12,12601134.0,2018,1,16,2,3,4,7,1,0,1,0,0,0,0,1,0
11,1,1100205.0,2018,1,1,7,3,5,3,2,0,1,0,0,0,0,0,0