LAND,BEZ,LOR_ab_2021,UJAHR,UMONAT,USTUNDE,UWOCHENTAG,UKATEGORIE,UART,UTYP1,ULICHTVERH,IstRad,IstPKW,IstFuss,IstKrad,IstGkfz,IstSonstige,USTRZUSTAND,lockdown
11,6,6400844.0,2018,2,3,6,3,5,3,2,0,1,0,0,0,0,0,0
11,5,5200420.0,2018,2,21,4,3,0,1,2,0,1,0,0,0,0,0,0
11,4,4100102.0,2018,2,16,2,3,2,6,0,0,1,0,0,1,0,0,0
11,12,12500824.0,2018,2,14,5,3,2,2,0,0,1,0,0,0,0,0,0
11,1,1400938.0,2018,2,16,2,3,2,6,0,0,1,0,0,0,0,0,0
11,1,1100310.0,2018,2,8,2,3,1,5,0,1,1,0,0,0,0,0,0
11,1,1300834.0,2018,2,23,5,2,5,2,2,0,1,0,0,0,0,0,0
11,2,2200208.0,2018,2,14,2,3,5,3,0,1,0,0,0,0,1,0,0
11,4,4501042.0,2018,2,21,7,3,0,1,2,0,0,0,1,0,0,0,0
11,1,1200626.0,2018,2,9,2,3,3,6,0,0,1,0,0,0,0,0,0
11,1,1401043.0,2018,2,14,2,3,5,2,0,1,1,0,0,0,0,0,0
11,3,3601451.0,2018,2,6,2,3,5,3,2,0,1,0,0,0,0,1,0
11,6,6300633.0,2018,2,14,2,3,6,2,0,0,1,1,0,0,0,0,0
11,1,1300733.0,2018,2,16,7,3,6,4,0,0,1,1,0,0,0,0,0
11,7,7200308.0,2018,2,20,5,3,5,7,2,0,1,0,0,0,0,0,0
11,1,1300733.0,2018,2,14,2,3,1,5,0,0,1,0,0,0,1,0,0
11,10,10100103.0,2018,2,13,6,3,6,4,0,0,1,1,0,0,0,0,0
11,5,5300840.0,2018,2,16,4,3,5,7,0,0,1,0,0,0,0,0,0
11,12,12200515.0,2018,2,14,2,3,5,3,0,0,1,0,0,0,0,0,0
11,10,10100205.0,2018,2,14,2,2,5,3,0,1,1,0,0,0,0,0,0
11,4,4200311.0,2018,2,8,2,3,2,6,0,0,1,0,0,0,0,2,0
11,5,5200630.0,2018,2,7,5,3,6,2,0,0,1,1,0,0,0,0,0
11,2,2500833.0,2018,2,10,2,3,5,3,0,0,1,0,0,0,0,0,0
11,1,1300836.0,2018,2,13,7,3,1,5,0,1,1,0,0,0,0,0,0
11,4,4501147.0,2018,2,9,2,3,5,5,0,1,1,0,0,0,0,0,0
11,12,12500825.0,2018,2,9,5,3,6,7,0,0,1,1,0,0,0,0,0
11,3,3500934.0,2018,2,7,2,3,6,7,0,0,1,1,0,0,0,0,0
11,8,8200624.0,2018,2,6,2,3,6,2,2,0,1,1,0,0,0,0,0
11,7,7400823.0,2018,2,16,3,3,6,4,0,0,1,1,0,0,0,0,0
11,6,6100209.0,2018,2,20,2,3,1,5,2,1,1,0,0,0,0,0,0
11,11,11300722.0,2018,2,14,2,2,5,3,0,1,1,0,0,0,0,0,0
11,6,6200421.0,2018,2,16,2,2,5,3,0,1,1,0,0,0,0,0,0
11,3,3500934.0,2018,2,15,3,3,5,3,0,0,1,0,0,0,0,0,0
11,9,9100304.0,2018,2,18,2,2,5,2,2,0,1,0,1,0,0,0,0
11,2,2100106.0,2018,2,10,2,1,6,2,0,0,0,1,0,1,0,0,0
11,6,6400737.0,2018,2,1,1,2,1,5,2,1,1,0,0,0,0,1,0
11,12,12400617.0,2018,2,8,5,3,5,3,0,1,1,0,0,0,0,0,0
11,5,5100317.0,2018,2,2,1,3,6,4,2,0,1,1,0,0,0,0,0
11,2,2300315.0,2018,2,0,7,3,0,1,2,1,0,0,0,0,0,0,0
11,8,8200622.0,2018,2,20,1,3,1,5,2,0,1,0,0,0,0,0,0
11,3,3601141.0,2018,2,18,1,3,2,6,2,0,1,0,0,0,0,0,0
11,11,11400931.0,2018,2,16,1,2,6,4,1,0,1,1,0,0,0,0,0
11,8,8200832.0,2018,2,5,3,2,5,3,2,0,1,0,1,0,1,0,0
11,3,3300412.0,2018,2,15,1,3,6,4,0,0,1,1,0,0,0,0,0
11,5,5100316.0,2018,2,15,2,3,2,6,0,0,1,0,0,0,1,0,0
11,6,6200423.0,2018,2,9,1,2,5,3,0,1,1,0,0,0,0,0,0
11,1,1100308.0,2018,2,16,1,3,2,6,0,0,1,0,0,0,0,0,0
11,2,2200211.0,2018,2,8,1,3,6,7,0,0,0,1,0,0,1,0,0
11,4,4300518.0,2018,2,13,1,2,5,2,0,0,1,0,0,0,0,0,0
11,3,3400828.0,2018,2,8,5,3,5,3,0,0,1,0,0,0,0,0,0
11,2,2500831.0,2018,2,6,1,3,5,3,2,0,1,0,0,0,1,0,0
11,1,1300835.0,2018,2,6,6,3,0,2,2,0,1,0,1,0,0,0,0
11,3,3200310.0,2018,2,2,1,3,0,1,2,1,0,0,0,0,0,0,0
11,1,1100206.0,2018,2,5,1,3,5,3,2,0,1,0,0,0,0,0,0
11,11,11100309.0,2018,2,10,3,3,6,4,0,0,1,1,0,0,0,0,0
11,8,8100415.0,2018,2,20,7,3,6,7,2,0,1,1,0,0,0,0,0
11,6,6300633.0,2018,2,12,2,3,5,3,0,0,1,0,0,0,0,0,0
11,7,7400825.0,2018,2,0,7,3,2,3,2,0,1,0,0,0,0,0,0
11,8,8200727.0,2018,2,13,7,3,2,6,0,0,1,0,0,0,0,0,0
11,3,3501038.0,2018,2,5,5,3,5,3,2,1,1,0,0,0,0,0,0
11,11,11300620.0,2018,2,12,7,2,5,2,0,0,1,0,0,0,0,0,0
11,1,1300834.0,2018,2,10,6,2,5,3,0,0,1,0,0,0,0,0,0
11,4,4300624.0,2018,2,18,4,2,0,5,2,1,1,0,0,0,0,0,0
11,11,11401032.0,2018,2,12,7,3,5,3,0,0,1,0,0,0,0,0,0
11,7,7601341.0,2018,2,6,5,3,0,5,2,0,1,0,0,0,0,0,0
11,1,1100101.0,2018,2,12,7,3,6,6,0,1,0,1,0,0,0,0,0
11,3,3400724.0,2018,2,11,6,3,6,4,0,0,0,1,0,0,1,0,0
11,4,4501040.0,2018,2,6,7,3,5,3,1,0,1,0,0,0,0,0,0
11,7,7300516.0,2018,2,16,2,2,5,3,0,1,1,0,0,0,0,0,0
11,9,9501941.0,2018,2,9,7,3,0,1,0,0,0,0,1,0,0,1,0
11,12,12500927.0,2018,2,11,2,2,2,6,0,0,1,0,0,0,1,0,0
11,10,10400835.0,2018,2,7,5,3,1,5,0,1,1,0,0,0,1,0,0
11,1,1100309.0,2018,2,23,7,3,5,3,2,0,1,0,0,0,0,0,0
11,9,9100101.0,2018,2,15,7,3,5,3,0,1,1,0,0,0,0,0,0
11,4,4100102.0,2018,2,7,5,2,0,2,0,0,1,0,1,0,0,0,0
11,1,1100313.0,2018,2,18,6,3,1,5,2,1,1,0,0,0,0,0,0
11,1,1401047.0,2018,2,23,7,3,5,3,2,0,1,0,0,0,0,0,0
11,7,7300517.0,2018,2,16,6,3,6,4,0,0,1,1,0,0,0,0,0
11,6,6200317.0,2018,2,14,4,3,6,4,0,0,1,1,0,0,0,0,0
11,8,8100207.0,2018,2,23,7,3,2,1,2,0,1,0,0,0,0,0,0
11,5,5300736.0,2018,2,21,7,3,5,2,2,0,1,0,0,0,0,0,0
11,4,4200311.0,2018,2,7,2,3,2,6,0,0,1,0,0,0,0,2,0
11,9,9401534.0,2018,2,9,5,2,5,3,0,1,1,0,0,0,0,0,0
11,2,2500833.0,2018,2,18,7,2,6,4,2,0,1,1,0,0,0,0,0
11,7,7400927.0,2018,2,9,2,3,5,2,0,1,0,0,0,1,0,1,0
11,8,8200624.0,2018,2,12,5,3,5,2,0,0,1,0,0,0,0,0,0
11,5,5100316.0,2018,2,18,7,2,6,4,2,0,1,1,0,0,0,0,0
11,1,1100308.0,2018,2,16,7,3,9,1,0,0,1,0,0,0,0,0,0
11,2,2500727.0,2018,2,18,7,3,5,2,2,1,1,0,0,0,0,0,0
11,3,3500934.0,2018,2,5,5,3,5,2,2,0,1,0,0,0,0,1,0
11,9,9501737.0,2018,2,15,7,3,5,7,0,1,1,0,0,0,0,0,0
11,10,10300732.0,2018,2,15,7,3,2,6,0,0,1,0,0,0,0,0,0
11,2,2400625.0,2018,2,19,3,3,1,5,2,1,1,0,0,0,1,0,0
11,2,2300316.0,2018,2,15,7,3,2,6,0,0,1,0,0,0,1,0,0
11,12,12601235.0,2018,2,17,6,3,6,4,1,0,1,1,0,0,0,0,0
11,8,8200622.0,2018,2,14,7,3,5,3,0,1,1,0,0,0,0,0,0
11,6,6400844.0,2018,2,13,1,3,6,4,0,0,1,1,0,0,0,0,0
11,8,8100521.0,2018,2,0,5,2,9,1,2,0,1,0,0,0,0,1,0
11,9,9501737.0,2018,2,13,6,3,6,4,0,0,1,1,0,0,0,0,0
11,3,3601453.0,2018,2,7,6,3,5,2,0,1,1,0,0,0,0,0,0
11,6,6300632.0,2018,2,17,6,2,6,7,1,0,1,1,0,0,0,0,0
11,4,4501045.0,2018,2,13,5,3,2,2,0,1,1,0,0,0,0,0,0
11,7,7300516.0,2018,2,7,6,3,3,6,0,0,1,0,0,0,1,1,0
11,7,7601443.0,2018,2,7,6,3,0,7,1,1,0,0,0,0,0,0,0
11,4,4400729.0,2018,2,19,6,3,1,1,2,0,1,0,0,0,0,0,0
11,4,4300412.0,2018,2,11,7,3,2,6,0,0,1,0,0,0,0,0,0
11,12,12200515.0,2018,2,22,6,2,6,4,2,0,1,1,0,0,0,0,0
11,8,8100105.0,2018,2,14,5,3,6,7,0,0,1,1,0,0,0,0,0
11,1,1100311.0,2018,2,22,6,3,2,6,2,0,1,0,0,0,0,0,0
11,4,4400835.0,2018,2,21,6,3,5,3,2,1,1,0,0,0,0,0,0
11,2,2200211.0,2018,2,14,3,2,6,2,0,0,1,1,0,0,0,0,0
11,6,6300634.0,2018,2,12,6,3,8,1,0,0,1,0,0,0,0,0,0
11,2,2100106.0,2018,2,13,6,3,5,2,0,0,1,0,0,0,0,0,0
11,6,6100209.0,2018,2,23,1,2,1,1,2,1,1,0,0,0,0,0,0
11,7,7400927.0,2018,2,15,5,3,5,2,0,0,1,0,0,0,0,0,0
11,1,1100206.0,2018,2,14,6,3,5,3,0,0,1,0,0,0,0,0,0
11,8,8100311.0,2018,2,12,6,3,5,3,0,1,1,0,0,0,0,0,0
11,9,9200715.0,2018,2,15,6,3,2,2,0,0,1,0,0,0,0,0,0
11,7,7400927.0,2018,2,12,3,3,0,3,0,0,1,0,0,0,1,0,0
11,7,7601442.0,2018,2,15,6,2,6,4,0,0,1,1,0,0,0,0,0
11,11,11300721.0,2018,2,15,2,3,2,6,0,0,1,0,0,0,0,0,0
11,8,8100312.0,2018,2,8,3,2,5,2,0,1,1,0,0,0,0,0,0
11,1,1100313.0,2018,2,15,6,3,1,6,0,1,0,0,0,0,1,0,0
11,11,11400929.0,2018,2,14,2,3,2,2,0,0,1,0,0,1,0,0,0
11,6,6300633.0,2018,2,16,6,3,5,3,0,1,1,0,0,0,0,0,0
11,8,8200623.0,2018,2,14,1,3,5,3,0,0,1,0,0,0,0,0,0
11,4,4501042.0,2018,2,15,5,3,5,2,0,1,0,0,0,0,1,0,0
11,6,6100101.0,2018,2,17,6,2,5,3,2,0,1,0,1,0,0,0,0
11,4,4300622.0,2018,2,9,6,3,5,2,0,1,1,0,0,0,0,0,0
11,10,10200524.0,2018,2,0,4,3,1,5,2,0,1,0,0,0,0,0,0
11,1,1100206.0,2018,2,23,6,3,0,1,2,1,0,0,0,0,0,0,0
11,4,4400832.0,2018,2,7,5,2,0,1,0,1,0,0,0,0,0,0,0
11,1,1300733.0,2018,2,18,2,3,5,2,2,1,1,0,0,0,0,0,0
11,8,8200832.0,2018,2,20,6,2,5,7,2,0,1,0,0,0,0,0,0
11,7,7100102.0,2018,2,10,2,3,5,2,0,0,1,0,0,0,0,0,0
11,3,3601142.0,2018,2,15,5,3,2,6,0,0,1,0,1,0,0,0,0
11,1,1100207.0,2018,2,18,6,3,3,2,2,1,1,0,0,0,0,0,0
11,4,4300622.0,2018,2,18,7,2,5,2,2,1,1,0,0,0,0,0,0
11,1,1300732.0,2018,2,15,5,3,5,2,0,1,1,0,0,0,0,0,0
11,7,7100206.0,2018,2,19,6,3,5,7,2,0,1,0,0,0,0,0,0
11,5,5200632.0,2018,2,12,6,3,5,2,0,1,1,0,0,0,0,0,0
11,9,9502043.0,2018,2,11,7,2,6,3,0,0,1,1,0,0,0,0,0
11,6,6100103.0,2018,2,11,6,3,3,6,0,0,1,0,0,0,0,0,0
11,4,4501042.0,2018,2,3,6,3,8,1,2,0,1,0,0,0,0,0,0
11,10,10300731.0,2018,2,6,4,3,5,3,2,0,1,0,0,0,0,2,0
11,1,1300733.0,2018,2,9,6,3,2,6,0,1,1,0,0,0,0,1,0
11,3,3400721.0,2018,2,8,6,3,5,3,0,1,1,0,0,0,0,1,0
11,12,12400618.0,2018,2,8,2,2,4,6,0,0,1,0,0,0,0,0,0
11,5,5100317.0,2018,2,6,6,3,0,6,1,0,1,0,0,0,1,1,0
11,12,12200515.0,2018,2,13,7,3,5,7,0,0,1,0,0,0,0,0,0
11,7,7601339.0,2018,2,6,6,2,6,2,2,0,1,1,0,0,0,1,0
11,9,9200819.0,2018,2,6,6,3,1,5,1,0,1,0,0,0,0,1,0
11,2,2200210.0,2018,2,5,6,3,6,2,2,0,1,1,0,0,0,1,0
11,7,7400928.0,2018,2,16,3,3,6,2,0,0,0,1,0,0,1,0,0
11,9,9502043.0,2018,2,2,6,3,0,1,2,1,0,0,0,0,0,1,0
11,1,1400938.0,2018,2,16,5,3,5,2,2,1,1,0,0,0,0,0,0
11,4,4501042.0,2018,2,15,3,3,3,6,0,0,1,0,0,0,1,0,0
11,1,1300836.0,2018,2,10,5,2,5,3,0,0,1,0,0,0,0,0,0
11,1,1200522.0,2018,2,10,5,3,1,5,0,0,1,0,0,0,0,0,0
11,1,1200625.0,2018,2,7,2,2,2,6,1,1,1,0,0,0,0,2,0
11,1,1200517.0,2018,2,9,5,3,5,3,0,1,1,0,0,0,0,0,0
11,7,7300517.0,2018,2,1,7,3,9,1,2,0,1,0,0,0,0,0,0
11,1,1100310.0,2018,2,9,5,3,0,1,0,1,0,0,0,0,0,0,0
11,9,9200613.0,2018,2,8,5,3,2,6,0,0,1,0,0,0,1,0,0
11,6,6300632.0,2018,2,7,5,3,1,5,0,0,1,0,0,0,0,0,0
11,4,4501150.0,2018,2,14,3,2,6,2,0,0,1,1,0,0,0,0,0
11,10,10200524.0,2018,2,7,5,3,8,1,0,0,1,0,0,0,0,1,0
11,8,8100417.0,2018,2,6,5,3,6,2,2,0,0,1,0,1,0,0,0
11,5,5200527.0,2018,2,18,1,3,5,2,2,0,1,0,0,0,0,0,0
11,7,7200307.0,2018,2,19,6,3,2,6,2,0,1,0,0,0,0,0,0
11,9,9100304.0,2018,2,6,5,3,5,2,1,0,1,0,0,0,0,0,0
11,8,8100419.0,2018,2,11,6,3,5,3,0,0,1,0,0,0,0,0,0
11,6,6200420.0,2018,2,13,1,3,5,3,0,0,1,0,0,0,0,0,0
11,2,2500728.0,2018,2,1,5,3,5,3,2,0,1,0,0,0,0,0,0
11,8,8401241.0,2018,2,16,6,3,2,6,0,0,1,0,0,0,0,0,0
11,3,3200207.0,2018,2,8,5,3,2,6,0,0,1,0,0,0,0,0,0
11,6,6100209.0,2018,2,19,5,3,6,2,2,0,1,1,0,0,0,1,0
11,1,1400942.0,2018,2,10,3,3,6,4,0,0,1,1,0,0,0,0,0
11,7,7400824.0,2018,2,19,5,3,0,2,2,0,1,1,0,0,0,0,0
11,1,1200517.0,2018,2,13,2,3,2,6,0,0,1,0,0,0,0,0,0
11,6,6400843.0,2018,2,15,5,3,6,2,0,0,1,1,0,0,0,0,0
11,2,2200210.0,2018,2,1,1,3,5,2,2,0,1,0,0,0,0,0,0
11,7,7100205.0,2018,2,8,6,3,0,2,0,0,1,0,0,0,1,0,0
11,9,9100306.0,2018,2,18,4,2,2,6,2,0,1,0,0,0,0,0,0
11,1,1100310.0,2018,2,14,5,3,2,6,0,0,1,0,0,0,0,0,0
11,3,3200207.0,2018,2,11,5,2,5,3,0,0,1,0,0,0,0,0,0
11,7,7501029.0,2018,2,9,2,3,5,3,0,0,1,0,0,0,1,1,0
11,3,3300516.0,2018,3,17,2,3,2,6,0,0,1,0,0,0,0,0,0
11,8,8401243.0,2018,3,17,2,3,1,5,0,1,1,0,0,0,0,0,0
11,9,9200715.0,2018,3,16,2,3,6,4,0,0,1,1,0,0,0,0,0
11,6,6300630.0,2018,3,1,3,3,9,1,2,0,1,0,0,0,0,0,0
11,2,2200210.0,2018,3,16,2,3,5,2,0,1,1,0,0,0,0,0,0
11,1,1300733.0,2018,3,16,2,3,6,4,0,0,1,1,0,0,0,0,0
11,2,2400522.0,2018,3,16,2,3,2,6,0,0,1,0,0,0,0,0,0
11,5,5200423.0,2018,3,17,3,2,6,7,0,0,1,1,0,0,0,0,0
11,4,4400830.0,2018,3,14,2,3,5,3,0,0,1,0,0,0,0,0,0
11,11,11400931.0,2018,3,17,3,2,6,4,1,0,1,1,0,0,0,0,0
11,7,7601340.0,2018,3,19,3,3,6,4,2,0,1,1,0,0,0,1,0
11,6,6100208.0,2018,3,18,3,3,6,7,1,0,0,1,0,0,1,1,0
11,1,1100416.0,2018,3,19,3,3,5,3,2,1,0,0,0,0,1,1,0
11,1,1200522.0,2018,3,20,2,3,6,4,2,0,1,1,0,0,1,1,0
11,8,8100415.0,2018,3,19,3,3,6,2,2,0,1,1,0,0,0,1,0
11,1,1200628.0,2018,3,9,3,3,1,5,0,0,1,0,1,0,0,0,0
11,2,2200211.0,2018,3,20,3,3,1,5,2,1,1,0,0,0,0,1,0
11,2,2200212.0,2018,2,10,4,3,2,7,0,1,1,0,0,0,0,0,0
11,1,1300836.0,2018,3,20,3,2,6,4,2,0,0,1,0,0,1,1,0
11,2,2200212.0,2018,3,19,2,3,2,6,2,0,1,0,0,0,0,0,0
11,8,8100312.0,2018,3,21,3,3,6,2,2,0,1,1,0,0,0,1,0
11,11,11501238.0,2018,3,21,3,3,2,7,2,0,1,0,0,0,0,1,0
11,5,5100316.0,2018,3,18,2,3,6,4,1,0,1,1,0,0,0,0,0
11,1,1401046.0,2018,3,21,3,3,6,2,2,0,1,1,0,0,0,1,0
11,4,4300416.0,2018,3,20,2,2,6,4,2,0,1,1,0,0,0,1,0
11,7,7100102.0,2018,3,21,3,3,2,6,2,0,1,0,0,0,0,1,0
11,7,7601340.0,2018,3,21,3,2,9,1,2,0,1,0,0,0,0,1,0
11,11,11401137.0,2018,3,23,3,2,6,4,2,0,1,1,0,0,0,1,0
11,1,1200628.0,2018,3,16,2,3,5,3,0,1,1,0,0,0,0,1,0
11,9,9501939.0,2018,3,22,2,3,2,6,2,0,1,0,0,0,0,0,0
11,1,1100207.0,2018,3,17,2,3,5,3,1,0,1,0,1,0,0,1,0
11,7,7400721.0,2018,3,8,2,3,2,6,0,0,1,0,0,0,0,1,0
11,5,5100316.0,2018,3,15,2,3,0,6,0,0,1,0,1,0,0,1,0
11,3,3400829.0,2018,3,8,2,3,1,1,0,0,1,0,1,0,0,2,0
11,1,1400937.0,2018,3,15,2,3,5,3,0,1,1,0,0,0,0,1,0
11,7,7300619.0,2018,3,14,2,3,5,2,0,0,0,0,0,0,1,1,0
11,8,8200726.0,2018,3,7,2,2,6,4,0,0,0,1,0,0,1,2,0
11,6,6200312.0,2018,3,15,4,3,2,6,0,0,1,0,0,0,0,1,0
11,4,4200308.0,2018,3,14,2,3,5,2,0,0,1,0,0,0,0,1,0
11,11,11300721.0,2018,3,7,2,3,5,3,0,0,1,0,0,0,0,2,0
11,9,9100203.0,2018,3,22,2,3,6,2,2,0,1,1,0,0,0,1,0
11,7,7601443.0,2018,3,14,2,3,1,5,0,0,1,0,0,0,0,1,0
11,8,8100417.0,2018,3,7,2,2,5,3,0,0,1,0,0,0,1,2,0
11,12,12400722.0,2018,3,13,2,3,5,3,0,1,1,0,0,0,0,1,0
11,5,5200525.0,2018,3,6,2,3,0,1,2,1,0,0,0,0,0,2,0
11,3,3400619.0,2018,3,13,2,3,5,3,0,0,1,0,0,0,0,1,0
11,4,4200308.0,2018,3,8,2,3,3,6,0,0,1,0,0,1,0,2,0
11,2,2100104.0,2018,3,18,3,3,5,3,2,1,1,0,0,0,0,1,0
11,3,3601449.0,2018,3,7,2,3,5,3,0,1,1,0,0,0,0,0,0
11,6,6200421.0,2018,3,10,2,2,2,6,0,0,1,0,0,0,1,0,0
11,2,2400521.0,2018,3,11,3,3,6,4,0,0,1,1,0,0,0,0,0
11,12,12400616.0,2018,3,15,2,3,5,3,0,0,1,0,0,0,1,1,0
11,11,11401136.0,2018,3,11,2,3,1,5,0,1,1,0,0,0,0,0,0
11,1,1100101.0,2018,3,12,2,3,5,3,0,1,1,0,0,0,0,0,0
11,7,7300516.0,2018,3,19,2,3,6,2,2,0,1,1,0,0,0,1,0
11,1,1100207.0,2018,2,10,4,3,5,3,0,0,1,0,0,0,0,0,0
11,7,7400927.0,2018,3,13,2,3,5,3,0,0,1,0,0,0,1,0,0
11,4,4501044.0,2018,3,18,2,3,5,2,2,1,1,0,0,0,0,1,0
11,1,1100308.0,2018,3,14,2,3,6,7,0,0,1,1,0,0,0,0,0
11,12,12200515.0,2018,3,18,2,3,6,2,2,0,1,1,0,0,0,1,0
11,5,5300841.0,2018,3,14,2,3,6,4,0,0,0,1,0,0,1,0,0
11,5,5200629.0,2018,3,13,3,3,5,3,0,0,1,0,0,1,0,0,0
11,2,2500835.0,2018,2,8,4,3,5,7,0,1,1,0,0,0,0,0,0
11,1,1100309.0,2018,3,18,2,3,2,2,2,1,1,0,0,0,0,1,0
11,6,6400736.0,2018,3,19,1,2,1,5,2,0,1,0,0,0,0,0,0
11,5,5200630.0,2018,3,18,2,3,6,4,2,0,1,1,0,0,0,1,0
11,1,1401049.0,2018,3,17,2,3,6,4,1,0,1,1,0,0,0,1,0
11,4,4300619.0,2018,3,10,1,3,5,3,0,0,1,0,0,0,0,0,0
11,9,9501939.0,2018,3,13,1,3,5,2,0,0,1,0,0,0,1,0,0
11,12,12200412.0,2018,3,18,2,3,5,2,2,0,1,0,0,0,0,1,0
11,5,5300736.0,2018,3,19,2,3,2,6,2,0,1,0,0,0,0,1,0
11,1,1300836.0,2018,3,13,1,3,2,6,0,0,1,0,0,0,0,0,0
11,11,11501341.0,2018,3,21,2,3,2,6,2,0,1,0,0,0,0,1,0
11,4,4501043.0,2018,3,4,1,3,1,1,2,0,1,0,0,0,0,0,0
11,11,11100102.0,2018,3,20,2,3,5,3,2,1,1,0,0,0,0,1,0
11,5,5100317.0,2018,3,7,3,2,5,2,0,0,1,0,1,0,0,1,0
11,1,1200623.0,2018,3,19,2,3,1,5,2,1,1,0,0,0,0,1,0
11,2,2200212.0,2018,3,19,2,3,1,5,2,1,1,0,0,0,0,1,0
11,3,3601141.0,2018,3,1,1,3,5,2,2,0,1,0,0,0,0,0,0
11,1,1200629.0,2018,3,19,2,3,6,2,2,0,1,1,0,0,0,1,0
11,1,1100206.0,2018,3,19,2,3,5,3,2,0,1,0,0,0,0,1,0
11,5,5200527.0,2018,3,20,1,3,3,6,2,0,1,0,0,0,0,0,0
11,5,5200631.0,2018,3,19,2,3,6,2,2,0,1,1,0,0,0,1,0
11,6,6100210.0,2018,3,11,2,3,1,5,0,0,1,0,0,0,0,1,0
11,6,6300634.0,2018,3,19,1,3,5,2,2,0,1,0,0,0,0,0,0
11,1,1200517.0,2018,3,4,2,3,4,6,2,0,1,0,0,0,0,0,0
11,2,2400625.0,2018,3,16,1,3,6,2,0,0,1,1,0,0,0,0,0
11,2,2500832.0,2018,3,5,2,3,5,2,2,0,0,0,1,1,0,0,0
11,7,7100102.0,2018,3,19,3,3,6,4,2,1,0,1,0,0,0,1,0
11,11,11300722.0,2018,3,8,2,3,2,6,0,0,1,0,0,0,0,0,0
11,5,5100315.0,2018,3,8,2,3,2,6,0,0,1,0,0,0,0,1,0
11,3,3601346.0,2018,3,16,1,3,6,7,0,0,1,1,0,0,0,0,0
11,1,1100415.0,2018,3,9,2,3,0,1,0,1,0,0,0,0,0,0,0
11,7,7501134.0,2018,3,11,2,2,5,3,0,0,1,0,0,0,0,1,0
11,2,2200210.0,2018,3,15,1,3,5,3,0,1,0,0,0,0,1,0,0
11,1,1300733.0,2018,3,13,4,3,5,3,0,0,1,0,0,0,0,1,0
11,2,2200209.0,2018,3,11,2,3,5,7,0,0,1,0,0,0,0,1,0
11,3,3501038.0,2018,3,15,1,3,5,2,0,0,1,0,0,0,1,0,0
11,9,9301025.0,2018,3,19,2,1,6,4,2,0,1,1,0,0,0,1,0
11,6,6200420.0,2018,3,11,7,2,5,3,0,1,0,0,0,0,1,0,0
11,6,6400736.0,2018,3,14,1,3,6,4,0,1,0,1,0,0,0,0,0
11,1,1300836.0,2018,3,6,2,3,1,1,1,0,1,0,0,0,0,2,0
11,3,3100103.0,2018,3,6,1,2,0,1,0,1,0,0,0,0,0,0,0
11,12,12400721.0,2018,3,2,1,3,3,6,2,1,1,0,0,0,0,0,0
11,11,11100309.0,2018,3,20,7,3,2,6,2,0,1,0,0,0,1,0,0
11,12,12500927.0,2018,3,16,1,3,1,6,0,1,1,0,0,0,1,0,0
11,9,9100407.0,2018,3,19,7,3,2,6,2,0,1,0,0,0,1,0,0
11,4,4500936.0,2018,3,18,1,3,5,2,2,1,1,0,0,0,0,0,0
11,10,10400941.0,2018,3,0,7,3,1,5,2,0,1,0,0,0,0,0,0
11,9,9200819.0,2018,3,16,3,3,5,2,0,1,1,0,0,0,0,1,0
11,1,1401046.0,2018,3,17,1,3,5,3,1,1,1,0,0,0,0,0,0
11,8,8401246.0,2018,3,9,7,3,5,3,0,0,1,0,0,0,1,0,0
11,7,7601545.0,2018,3,4,7,3,1,7,2,0,1,0,0,0,0,0,0
11,1,1401049.0,2018,3,17,1,3,2,6,0,0,1,0,0,0,0,0,0
11,2,2300314.0,2018,2,8,4,3,1,6,0,1,0,0,0,0,1,0,0
11,5,5100209.0,2018,3,15,1,3,5,3,0,1,1,0,0,0,0,0,0
11,4,4500936.0,2018,3,11,7,2,1,5,0,1,1,0,0,0,0,0,0
11,1,1100206.0,2018,3,13,1,3,0,2,0,1,0,0,0,0,1,0,0
11,1,1400938.0,2018,3,12,7,3,2,6,0,0,1,0,0,0,0,0,0
11,5,5100317.0,2018,3,15,7,3,2,6,0,0,1,0,0,0,0,0,0
11,4,4200207.0,2018,3,11,1,2,1,5,0,1,1,0,0,0,0,0,0
11,2,2500832.0,2018,3,16,7,3,2,2,0,1,1,0,0,0,0,0,0
11,3,3500934.0,2018,3,10,1,3,5,2,0,0,1,0,0,0,0,0,0
11,7,7100103.0,2018,3,17,7,3,6,7,0,0,1,1,0,0,0,0,0
11,1,1300733.0,2018,3,15,3,3,9,1,0,0,1,0,0,0,0,0,0
11,6,6200422.0,2018,3,10,1,3,5,3,0,1,1,0,0,0,0,0,0
11,11,11400927.0,2018,3,19,6,3,5,2,2,1,1,0,0,0,0,0,0
11,4,4300623.0,2018,3,9,6,3,0,2,0,0,1,0,0,0,1,0,0
11,2,2400623.0,2018,3,3,1,3,1,5,2,1,1,0,0,0,0,1,0
11,5,5100208.0,2018,3,2,1,2,5,2,2,0,1,0,0,0,0,1,0
11,3,3500934.0,2018,3,10,6,3,5,3,0,0,1,0,0,0,0,0,0
11,2,2300419.0,2018,3,20,1,3,6,7,2,0,1,1,0,0,0,0,0
11,10,10300731.0,2018,3,11,6,3,5,3,0,0,1,0,0,0,0,0,0
11,6,6200315.0,2018,3,21,1,3,6,4,2,0,1,1,0,0,0,0,0
11,11,11401137.0,2018,3,19,3,3,6,4,2,0,1,1,0,0,0,1,0
11,10,10400837.0,2018,3,15,7,3,0,6,0,0,1,0,0,1,0,1,0
11,12,12500825.0,2018,3,14,7,3,5,2,0,1,1,0,0,0,0,0,0