LAND,BEZ,LOR_ab_2021,UJAHR,UMONAT,USTUNDE,UWOCHENTAG,UKATEGORIE,UART,UTYP1,ULICHTVERH,IstRad,IstPKW,IstFuss,IstKrad,IstGkfz,IstSonstige,USTRZUSTAND,lockdown
11,6,6300525.0,2018,4,17,7,3,5,3,0,1,0,0,1,0,0,0,0
11,1,1300730.0,2018,4,17,7,3,6,4,0,0,1,1,0,0,0,0,0
11,1,1401047.0,2018,4,15,4,2,5,3,0,1,1,0,0,0,0,0,0
11,3,3501038.0,2018,4,13,4,3,5,3,0,0,1,0,0,0,0,0,0
11,2,2500835.0,2018,4,17,7,3,5,3,0,0,1,0,0,0,0,0,0
11,5,5200629.0,2018,4,14,4,3,2,6,0,0,1,0,0,0,0,0,0
11,8,8100521.0,2018,4,17,7,3,2,7,0,0,1,0,1,0,0,0,0
11,1,1100312.0,2018,4,14,4,3,0,1,0,0,0,0,1,0,0,1,0
11,12,12500928.0,2018,4,17,7,3,2,6,0,0,1,0,0,0,0,0,0
11,8,8100314.0,2018,4,13,4,3,6,4,0,0,1,1,0,0,0,0,0
11,12,12200412.0,2018,4,16,7,3,6,4,0,1,0,1,0,0,0,0,0
11,9,9401329.0,2018,4,12,4,3,5,3,0,0,1,0,0,0,0,0,0
11,3,3601451.0,2018,4,17,7,3,5,2,0,1,1,0,0,0,0,0,0
11,7,7400928.0,2018,4,11,4,2,2,6,0,0,0,0,0,1,1,1,0
11,11,3601450.0,2018,4,16,7,2,2,3,0,0,1,0,0,0,1,0,0
11,10,10200526.0,2018,4,14,7,3,6,4,0,0,1,1,0,0,0,0,0
11,1,1100207.0,2018,4,22,4,3,5,3,2,0,1,0,0,0,0,0,0
11,1,1401047.0,2018,4,22,7,3,1,5,2,0,1,0,0,0,0,0,0
11,4,4300624.0,2018,4,10,4,3,3,6,0,1,0,0,0,0,1,0,0
11,6,6100206.0,2018,4,20,7,3,6,2,2,0,1,1,0,0,0,0,0
11,1,1100308.0,2018,4,20,4,3,5,2,2,1,1,0,0,0,0,0,0
11,10,10100313.0,2018,4,15,7,3,2,6,0,0,1,0,0,0,0,0,0
11,3,3601243.0,2018,4,10,4,3,0,2,0,1,0,0,0,0,1,0,0
11,12,12500927.0,2018,4,15,7,3,5,3,0,1,1,0,0,0,0,0,0
11,3,3300516.0,2018,4,10,4,3,5,2,0,0,1,0,0,0,0,0,0
11,2,2100102.0,2018,4,14,7,3,3,6,0,1,0,0,0,0,0,0,0
11,1,1401046.0,2018,4,10,4,3,2,2,0,0,1,0,0,0,1,0,0
11,9,9100203.0,2018,4,18,7,3,5,2,0,1,1,0,0,0,0,0,0
11,2,2200209.0,2018,4,14,7,3,2,6,0,0,1,0,0,0,0,0,0
11,5,5200633.0,2018,4,20,4,3,5,2,2,0,1,0,0,0,0,0,0
11,7,7400822.0,2018,4,13,7,3,5,3,0,1,1,0,0,0,0,0,0
11,4,4501153.0,2018,4,19,4,3,0,3,1,0,1,0,1,0,0,0,0
11,4,4400729.0,2018,4,13,7,3,0,3,0,1,0,0,0,0,0,0,0
11,3,3500933.0,2018,4,10,4,3,5,2,0,0,1,0,0,0,0,0,0
11,7,7200412.0,2018,4,17,1,3,0,1,0,1,0,0,0,0,0,0,0
11,3,3100102.0,2018,4,7,4,3,0,6,0,1,0,0,0,0,0,1,0
11,8,8200832.0,2018,4,19,4,3,2,2,0,0,1,0,1,0,0,0,0
11,6,6100206.0,2018,4,13,7,3,0,1,0,1,0,0,0,0,0,0,0
11,11,11501340.0,2018,4,16,1,2,0,6,0,1,1,0,0,0,0,0,0
11,5,5300737.0,2018,4,18,4,2,5,2,0,0,1,0,0,0,0,0,0
11,1,1100207.0,2018,4,9,4,3,0,3,0,1,1,0,0,0,0,1,0
11,7,7601341.0,2018,4,15,1,2,8,1,0,0,1,0,0,0,0,0,0
11,11,11300620.0,2018,4,20,4,2,5,2,2,0,1,0,0,0,0,0,0
11,4,4200309.0,2018,4,13,7,3,5,3,0,1,1,0,0,0,0,0,0
11,7,7400721.0,2018,4,15,1,3,2,6,0,0,1,0,0,0,0,0,0
11,2,2200212.0,2018,4,19,4,2,6,4,0,0,1,1,0,0,0,0,0
11,7,7100102.0,2018,4,12,7,3,0,5,0,0,1,0,0,0,1,0,0
11,2,2400521.0,2018,4,12,7,3,5,3,0,0,1,0,0,0,1,0,0
11,7,7400822.0,2018,4,9,4,3,2,6,0,0,0,0,0,1,1,1,0
11,12,12100103.0,2018,4,12,7,3,2,6,0,0,1,0,0,0,0,0,0
11,4,4200309.0,2018,4,13,1,3,2,7,0,1,1,0,0,0,0,0,0
11,5,5100211.0,2018,4,8,4,3,5,2,0,0,1,0,0,0,0,1,0
11,1,1100102.0,2018,4,12,7,3,0,3,0,1,0,0,0,0,1,0,0
11,5,5100317.0,2018,4,13,1,2,0,7,0,1,0,0,0,0,0,0,0
11,12,12200412.0,2018,4,8,4,3,5,3,0,0,1,0,1,0,0,1,0
11,3,3601140.0,2018,4,13,1,3,2,6,0,0,1,0,1,0,0,0,0
11,2,2200210.0,2018,4,7,4,3,5,2,0,1,1,0,0,0,0,1,0
11,11,11400929.0,2018,4,11,7,2,6,4,0,0,1,1,0,0,0,0,0
11,10,10400938.0,2018,4,7,4,3,2,6,0,0,1,0,0,0,0,1,0
11,5,5100316.0,2018,4,11,7,3,5,2,0,0,1,0,1,0,0,0,0
11,9,9401534.0,2018,4,12,1,3,2,6,0,0,1,0,0,0,1,0,0
11,8,8200623.0,2018,4,7,4,3,5,2,0,1,1,0,0,0,0,1,0
11,1,1100102.0,2018,4,10,7,3,1,5,0,1,1,0,0,0,1,0,0
11,4,4300416.0,2018,4,12,1,3,2,6,0,0,1,0,0,0,0,0,0
11,3,3400827.0,2018,4,7,4,3,5,3,0,0,1,0,0,0,0,0,0
11,4,4400835.0,2018,4,22,7,3,2,6,2,1,1,0,0,0,0,0,0
11,3,3400829.0,2018,4,11,1,3,5,3,0,1,1,0,0,0,0,0,0
11,2,2500830.0,2018,4,10,7,3,0,4,0,0,0,1,1,0,0,0,0
11,10,10100311.0,2018,4,5,4,2,2,6,2,0,1,0,0,0,1,1,0
11,8,8200833.0,2018,4,10,7,3,5,3,0,0,1,0,0,0,0,0,0
11,6,6100101.0,2018,4,11,1,3,5,2,0,1,1,0,0,0,0,0,0
11,8,8100521.0,2018,4,19,7,3,1,1,0,0,1,0,0,0,0,0,0
11,1,1100308.0,2018,4,5,4,3,0,1,1,1,0,0,0,0,0,1,0
11,12,12200414.0,2018,4,7,7,3,5,2,0,0,1,0,1,0,0,0,0
11,5,5400942.0,2018,4,23,7,2,4,6,2,0,1,0,0,0,0,0,0
11,1,1300834.0,2018,4,20,7,3,5,7,1,0,1,0,1,0,0,0,0
11,1,1100206.0,2018,4,9,4,3,8,1,0,1,0,0,0,0,0,0,0
11,1,1300834.0,2018,4,19,7,3,5,3,0,1,1,0,0,0,0,0,0
11,9,9100407.0,2018,4,15,3,3,0,7,0,0,1,0,0,0,1,0,0
11,9,9200819.0,2018,4,22,7,2,8,1,2,0,0,0,1,0,0,0,0
11,6,6300629.0,2018,4,19,7,3,5,3,1,0,1,0,0,0,1,0,0
11,2,2200208.0,2018,4,21,3,3,5,2,2,1,1,0,0,0,0,0,0
11,8,8401246.0,2018,4,6,7,3,0,7,0,0,1,0,1,0,0,0,0
11,8,8100417.0,2018,4,18,7,3,6,2,0,0,0,1,0,0,1,0,0
11,3,3400722.0,2018,4,7,3,3,5,2,0,1,1,0,0,0,0,0,0
11,5,5300737.0,2018,4,0,7,2,1,5,2,0,1,0,0,1,0,0,0
11,4,4500936.0,2018,4,17,7,2,2,6,0,0,1,0,0,0,0,0,0
11,3,3400618.0,2018,4,16,7,3,5,2,0,1,1,0,0,0,0,0,0
11,1,1100308.0,2018,4,16,3,2,0,1,0,1,0,0,0,0,0,0,0
11,1,1100416.0,2018,4,9,6,3,1,7,0,1,1,0,0,0,0,0,0
11,9,9501737.0,2018,4,15,7,3,3,6,0,1,1,0,0,0,0,0,0
11,1,1100309.0,2018,4,14,7,3,6,4,0,0,1,1,0,0,0,0,0
11,7,7200307.0,2018,4,17,3,3,5,3,0,0,1,0,0,0,0,0,0
11,1,1200522.0,2018,4,16,6,3,6,7,0,0,1,1,0,0,0,0,0
11,12,12400723.0,2018,4,13,7,3,5,3,0,0,1,0,0,0,0,0,0
11,8,8200623.0,2018,4,17,3,3,2,6,0,0,1,0,0,0,0,0,0
11,4,4500936.0,2018,4,19,6,3,0,6,0,0,1,0,1,0,0,0,0
11,2,2300314.0,2018,4,13,7,3,5,2,0,1,1,0,0,0,0,0,0
11,2,2200209.0,2018,4,17,3,3,5,2,0,1,0,0,0,0,1,0,0
11,8,8401243.0,2018,4,12,6,2,1,7,0,0,1,0,1,0,0,0,0
11,4,4300623.0,2018,4,20,6,3,5,3,2,0,1,0,0,0,0,0,0
11,5,5100316.0,2018,4,13,7,3,6,7,0,0,1,1,0,0,0,0,0
11,10,10400939.0,2018,4,16,3,3,2,6,0,1,1,0,0,0,1,0,0
11,2,2400625.0,2018,4,12,6,3,0,7,0,1,0,0,0,0,0,0,0
11,7,7400823.0,2018,4,12,7,3,5,2,0,0,1,0,0,0,0,0,0
11,8,8300935.0,2018,4,16,3,3,1,7,0,0,1,0,0,0,0,0,0
11,11,11100307.0,2018,4,18,6,3,1,5,0,1,1,0,0,0,0,0,0
11,5,5400943.0,2018,4,9,7,3,5,3,0,1,1,0,0,0,0,0,0
11,1,1100310.0,2018,4,15,7,3,2,6,0,0,0,0,1,1,0,0,0
11,12,12500930.0,2018,4,16,3,3,5,2,0,0,1,0,0,0,0,0,0
11,7,7601340.0,2018,4,11,6,3,0,3,0,0,1,0,0,0,0,0,0
11,4,4500938.0,2018,4,16,7,3,1,5,0,0,1,0,1,0,0,0,0
11,10,10200524.0,2018,4,14,7,2,6,4,0,0,1,1,0,0,0,0,0
11,2,2300315.0,2018,4,16,3,3,5,2,0,1,0,0,0,0,1,0,0
11,8,8100312.0,2018,4,4,6,3,1,5,0,1,1,0,0,0,0,0,0
11,9,9100407.0,2018,4,12,6,3,1,5,0,1,1,0,0,0,0,0,0
11,5,5200632.0,2018,4,16,3,3,5,7,0,0,1,0,0,0,1,0,0
11,8,8100521.0,2018,4,8,6,3,5,3,0,0,1,0,0,1,0,0,0
11,10,10400940.0,2018,4,15,7,2,6,4,0,0,1,1,0,0,0,0,0
11,8,8200624.0,2018,4,8,6,3,6,2,0,0,1,1,0,0,0,0,0
11,7,7501029.0,2018,4,16,3,3,5,2,0,0,1,0,1,0,1,0,0
11,3,3400827.0,2018,4,9,6,3,5,3,0,0,1,0,0,0,0,0,0
11,2,2100102.0,2018,4,16,7,2,5,3,0,1,1,0,0,0,0,0,0
11,10,10400938.0,2018,4,16,3,3,5,3,0,1,1,0,0,0,0,0,0
11,3,3601449.0,2018,4,9,6,3,5,2,0,1,1,0,0,0,0,0,0
11,8,8200832.0,2018,4,12,7,3,6,4,0,0,1,1,1,0,0,0,0
11,3,3701554.0,2018,4,15,3,3,6,4,0,0,1,1,0,0,0,0,0
11,12,12200309.0,2018,4,13,7,3,2,2,0,0,1,0,0,0,0,0,0
11,4,4100102.0,2018,4,15,3,3,0,1,0,0,0,0,1,0,0,1,0
11,9,9100101.0,2018,4,15,3,3,5,3,0,0,1,0,0,0,0,0,0
11,8,8100102.0,2018,4,10,6,3,0,7,0,0,1,0,0,0,1,0,0
11,2,2500833.0,2018,4,12,7,3,5,2,0,0,1,0,0,0,1,0,0
11,9,9100407.0,2018,4,15,3,2,2,7,0,0,1,0,1,0,0,0,0
11,2,2200212.0,2018,4,10,6,3,5,7,0,0,1,0,1,0,0,0,0
11,1,1401049.0,2018,4,15,3,3,5,2,0,1,1,0,0,0,0,0,0
11,4,4501042.0,2018,4,9,6,3,1,4,0,1,1,1,0,0,0,0,0
11,5,5100316.0,2018,4,11,7,3,2,6,0,0,1,0,0,0,0,0,0
11,3,3501037.0,2018,4,14,3,3,2,7,0,0,0,0,1,0,1,1,0
11,6,6100206.0,2018,4,9,6,3,0,7,0,0,1,0,1,0,0,1,0
11,3,3601142.0,2018,4,12,7,2,0,1,0,1,0,0,0,0,0,0,0
11,10,10300731.0,2018,4,14,3,3,1,5,0,0,1,0,0,0,0,0,0
11,4,4501152.0,2018,4,9,7,3,0,1,0,0,0,0,1,0,0,0,0
11,2,2100102.0,2018,4,14,3,3,4,6,0,0,1,0,0,0,0,0,0
11,2,2100102.0,2018,4,9,6,2,5,3,0,1,0,0,0,0,0,0,0
11,6,6300528.0,2018,4,13,3,3,6,4,0,0,0,1,0,1,0,0,0
11,3,3601449.0,2018,4,13,3,2,5,3,0,0,1,0,1,0,0,0,0
11,1,1100207.0,2018,4,8,6,3,5,3,0,0,1,0,1,0,0,0,0
11,1,1100309.0,2018,4,12,6,3,5,2,0,1,0,0,0,0,0,0,0
11,7,7400927.0,2018,4,13,3,2,1,5,0,1,0,0,0,1,0,0,0
11,2,2400521.0,2018,4,9,6,3,5,2,0,1,0,0,0,0,1,0,0
11,9,9100101.0,2018,4,12,3,2,5,3,0,1,0,0,0,1,0,0,0
11,6,6100101.0,2018,4,8,6,2,1,5,0,1,1,0,0,0,0,0,0
11,1,1400942.0,2018,4,11,3,3,2,6,0,0,1,0,0,0,0,0,0
11,3,3501037.0,2018,4,7,6,3,2,6,0,0,1,0,0,0,0,0,0
11,1,1200517.0,2018,4,18,6,2,5,7,0,0,1,0,1,0,0,0,0
11,1,1100415.0,2018,4,10,3,3,1,5,0,1,1,0,0,0,0,0,0
11,12,12100205.0,2018,4,7,6,3,5,3,0,0,1,0,1,0,0,0,0
11,8,8100208.0,2018,4,10,3,3,5,2,0,1,0,0,0,0,1,0,0
11,9,9200715.0,2018,4,6,6,3,5,3,0,1,1,0,0,0,0,0,0
11,1,1100312.0,2018,4,23,6,3,5,7,2,1,1,0,0,0,0,0,0
11,12,12500927.0,2018,4,14,6,2,5,2,0,1,1,0,0,0,0,0,0
11,12,12601032.0,2018,4,9,3,3,6,4,0,0,1,1,0,0,0,0,0
11,7,7601544.0,2018,4,10,6,3,2,6,0,0,1,0,0,0,0,0,0
11,12,12100101.0,2018,4,13,6,3,2,6,0,0,1,0,1,0,0,0,0
11,1,1200629.0,2018,4,8,3,3,5,7,0,0,1,0,1,0,0,0,0
11,2,2300418.0,2018,4,0,6,3,8,1,2,1,0,0,0,0,0,0,0
11,7,7200307.0,2018,4,23,6,3,5,7,2,0,1,0,1,0,0,0,0
11,7,7300619.0,2018,4,13,6,3,1,5,0,1,1,0,0,0,1,0,0
11,6,6300528.0,2018,4,8,3,3,1,7,0,1,1,0,0,0,0,0,0
11,1,1300733.0,2018,4,21,6,3,0,2,2,1,1,0,0,0,0,0,0
11,3,3601243.0,2018,4,12,6,3,3,6,0,1,1,0,0,0,0,0,0
11,6,6100208.0,2018,4,18,6,3,5,2,0,1,1,0,0,0,0,0,0
11,5,5200629.0,2018,4,12,6,3,5,2,0,1,1,0,0,0,0,0,0
11,7,7501032.0,2018,4,8,3,3,2,6,0,0,1,0,0,0,1,0,0
11,7,7501032.0,2018,4,17,6,3,0,1,0,0,0,0,1,0,0,0,0
11,2,2200211.0,2018,4,11,6,3,6,4,0,0,0,1,0,1,0,0,0
11,2,2400521.0,2018,4,6,3,3,9,1,0,0,1,0,0,0,0,0,0
11,6,6200311.0,2018,4,16,6,3,0,7,0,0,1,0,0,0,1,0,0
11,12,12400721.0,2018,4,10,6,3,5,3,0,0,1,0,0,0,0,0,0
11,2,2200213.0,2018,4,9,6,2,6,4,0,0,1,1,0,0,0,0,0
11,9,9200716.0,2018,4,6,3,3,5,3,0,0,1,0,0,0,0,0,0
11,12,12100205.0,2018,4,16,6,3,5,2,0,1,1,0,0,0,0,0,0
11,9,9100407.0,2018,4,8,6,3,6,7,0,0,1,1,0,0,0,0,0
11,11,11300722.0,2018,4,8,6,2,5,2,0,1,0,0,0,0,1,0,0
11,1,1100414.0,2018,4,6,3,3,6,2,0,0,1,1,0,0,0,0,0
11,1,1200522.0,2018,4,16,6,3,5,2,0,0,1,0,1,0,0,0,0
11,6,6100207.0,2018,4,16,6,3,2,7,0,0,1,0,0,0,0,0,0
11,9,9200819.0,2018,4,7,6,3,2,6,0,0,1,0,0,0,1,0,0
11,2,2100103.0,2018,4,13,3,3,6,4,0,1,0,1,0,0,0,0,0
11,4,4500939.0,2018,4,16,6,2,0,4,0,0,0,1,1,0,0,0,0
11,10,10400940.0,2018,4,5,6,2,5,3,1,1,0,0,0,0,1,0,0
11,3,3601450.0,2018,4,16,3,3,0,2,0,1,1,0,0,0,0,0,0
11,2,2400624.0,2018,4,16,6,3,4,6,0,1,1,0,0,0,0,0,0
11,4,4300619.0,2018,4,11,6,3,3,5,0,0,1,0,0,0,1,0,0
11,7,7200411.0,2018,4,21,6,3,3,6,2,1,1,0,0,0,0,0,0
11,4,4200308.0,2018,4,20,3,3,2,6,2,0,1,0,0,0,0,0,0
11,8,8200831.0,2018,4,15,6,2,0,6,0,0,1,0,0,0,1,0,0
11,4,4400835.0,2018,4,20,3,3,6,7,1,0,1,1,0,0,0,0,0
11,1,1100102.0,2018,4,15,6,3,0,6,0,0,1,0,1,0,0,0,0
11,1,1100102.0,2018,4,21,6,3,5,3,2,0,1,0,0,0,0,0,0
11,8,8100102.0,2018,4,19,6,3,6,4,0,1,0,1,0,0,0,0,0
11,1,1100103.0,2018,4,20,3,3,2,6,1,0,1,0,0,0,0,0,0
11,2,2300417.0,2018,4,14,6,3,5,3,0,0,1,0,0,0,0,0,0
11,4,4300412.0,2018,4,19,6,3,5,7,0,1,1,0,0,0,0,0,0
11,1,1100311.0,2018,4,19,6,3,0,5,0,0,1,0,1,0,0,0,0
11,4,4300624.0,2018,4,18,3,2,6,4,0,0,1,1,0,0,0,0,0
11,7,7601238.0,2018,4,15,6,3,2,6,0,0,1,0,0,0,0,0,0
11,6,6100206.0,2018,4,15,6,2,5,2,0,1,0,0,0,0,0,0,0
11,9,9200511.0,2018,4,19,3,2,0,1,0,1,0,0,0,0,0,0,0
11,1,1300733.0,2018,4,14,6,3,3,6,0,0,1,0,1,0,0,0,0
11,6,6400844.0,2018,4,17,6,3,4,6,0,1,0,0,0,0,0,0,0
11,11,11400929.0,2018,4,17,3,1,6,4,0,0,0,1,0,0,1,0,0
11,10,10100315.0,2018,4,14,6,3,3,6,0,1,0,0,0,0,1,0,0
11,3,3601245.0,2018,4,17,6,3,0,2,0,0,1,0,1,0,0,0,0
11,3,3601140.0,2018,4,19,2,3,5,2,0,1,1,0,0,0,0,0,0
11,1,1401046.0,2018,4,16,6,3,5,2,0,1,0,0,0,0,1,0,0
11,10,10300734.0,2018,4,8,2,3,2,6,0,0,1,0,0,0,0,0,0
11,3,3400619.0,2018,4,21,2,3,5,3,2,1,1,0,0,0,0,0,0
11,4,4300518.0,2018,4,14,6,3,5,3,0,1,1,0,0,0,0,0,0
11,1,1200625.0,2018,4,16,6,3,0,7,0,1,0,0,0,0,0,0,0
11,4,4500937.0,2018,4,19,2,3,2,6,0,0,1,0,0,0,0,0,0
11,8,8100521.0,2018,4,14,6,3,5,3,0,0,1,0,0,0,0,0,0
11,4,4300620.0,2018,4,19,2,3,6,2,0,0,1,1,0,0,0,0,0
11,1,1300733.0,2018,4,15,6,3,5,2,0,1,1,0,0,0,0,0,0
11,4,4501042.0,2018,4,18,2,3,2,6,0,0,1,0,0,0,0,0,0
11,1,1100311.0,2018,4,13,6,3,5,3,0,0,1,0,0,0,0,0,0
11,8,8200726.0,2018,4,13,6,3,5,3,0,1,1,0,0,0,0,0,0
11,7,7400823.0,2018,4,18,2,3,5,2,0,1,1,0,0,0,0,0,0
11,1,1100311.0,2018,4,12,6,3,0,2,0,1,1,0,1,0,0,0,0
11,6,6300633.0,2018,4,16,6,2,5,7,0,0,1,0,1,0,0,0,0
11,10,10400940.0,2018,4,18,2,3,5,3,0,1,1,0,0,0,0,0,0
11,2,2200208.0,2018,4,12,6,3,3,6,0,1,0,0,0,0,0,0,0
11,10,10400938.0,2018,4,16,6,2,5,3,0,1,1,0,0,0,0,0,0
11,12,12200310.0,2018,4,18,2,3,5,3,0,0,1,0,0,0,0,0,0
11,2,2300315.0,2018,4,22,6,3,5,7,2,0,1,0,0,0,0,0,0
11,6,6300526.0,2018,4,18,2,3,5,2,0,1,1,0,0,0,0,0,0
11,8,8401243.0,2018,4,12,6,3,0,6,0,1,1,0,0,0,0,0,0
11,8,8301037.0,2018,4,17,2,3,0,2,0,0,1,0,1,0,0,0,0
11,11,11400930.0,2018,4,11,6,3,5,3,0,0,1,0,0,0,0,0,0
11,1,1100311.0,2018,4,15,6,3,3,6,0,0,1,0,0,0,0,0,0
11,1,1100313.0,2018,4,16,2,3,5,3,0,1,1,0,0,0,0,0,0
11,8,8100312.0,2018,4,12,6,3,3,6,0,0,1,0,0,0,0,0,0
11,2,2300316.0,2018,4,16,2,3,2,6,0,0,1,0,0,0,0,0,0
11,7,7300619.0,2018,4,11,6,3,2,6,0,0,1,0,0,0,0,0,0
11,6,6400843.0,2018,4,15,6,3,2,6,0,0,1,0,1,0,0,0,0
11,9,9501737.0,2018,4,15,6,3,1,7,0,0,1,0,0,0,0,0,0
11,2,2200212.0,2018,4,15,2,3,6,7,0,1,0,1,0,0,0,0,0
11,6,6200420.0,2018,4,21,6,2,0,1,2,1,0,0,0,0,0,0,0
11,1,1100102.0,2018,4,16,6,3,6,4,0,0,1,1,0,0,0,1,0
11,1,1100310.0,2018,4,20,6,3,0,1,2,1,0,0,0,0,0,0,0
11,4,4300623.0,2018,4,8,6,3,2,6,0,0,1,0,0,0,1,0,0
11,11,11300724.0,2018,4,15,2,3,6,4,0,0,1,1,0,0,0,0,0
11,2,2200212.0,2018,4,18,6,3,0,1,0,0,0,0,1,0,0,0,0
11,8,8200832.0,2018,4,9,5,3,0,4,0,0,0,1,0,0,1,1,0
11,7,7400823.0,2018,4,12,5,2,2,6,0,0,1,0,0,0,0,1,0
11,4,4300518.0,2018,4,15,2,3,5,2,0,1,1,0,0,0,0,0,0
11,9,9301228.0,2018,4,14,6,2,9,1,0,0,1,0,0,0,0,0,0
11,1,1200517.0,2018,4,15,2,2,5,2,0,1,1,0,0,0,0,0,0
11,1,1100308.0,2018,4,17,5,3,3,2,0,1,1,0,0,0,0,0,0
11,1,1200517.0,2018,4,18,5,3,5,3,0,0,1,0,1,0,0,1,0
11,6,6300528.0,2018,4,15,2,3,5,3,0,0,1,0,0,0,0,0,0
11,2,2300316.0,2018,4,16,5,2,5,3,0,1,1,0,0,0,0,0,0
11,3,3300411.0,2018,4,5,5,3,5,3,0,0,1,0,0,0,0,0,0
11,1,1100415.0,2018,4,15,2,3,6,6,0,1,0,1,0,0,0,0,0
11,6,6300633.0,2018,4,8,5,3,0,3,0,1,0,0,0,0,1,0,0
11,2,2300314.0,2018,4,21,5,2,2,7,2,1,1,0,0,0,0,0,0
11,1,1100309.0,2018,4,20,5,3,1,1,2,0,1,0,0,0,0,0,0
11,3,3701556.0,2018,4,8,5,3,6,4,0,1,0,1,0,0,0,0,0
11,2,2100104.0,2018,4,18,5,3,5,3,0,0,1,0,1,0,0,1,0
11,5,5100316.0,2018,4,18,5,3,5,3,0,0,1,0,0,0,0,1,0
11,10,10100315.0,2018,4,22,5,2,5,2,2,0,1,0,0,0,0,0,0
11,7,7100102.0,2018,5,16,2,3,5,2,0,0,1,0,1,0,0,0,0
11,9,9100101.0,2018,5,16,2,3,6,4,0,0,1,1,0,0,0,0,0
11,12,12500930.0,2018,5,9,6,3,5,2,0,0,1,0,0,0,1,0,0
11,2,2500835.0,2018,5,14,2,3,6,4,0,0,0,1,1,0,0,0,0
11,2,2500728.0,2018,5,9,6,3,5,2,0,1,1,0,0,0,0,0,0
11,3,3601142.0,2018,5,14,2,3,1,5,0,0,1,0,1,0,0,0,0
11,8,8100102.0,2018,5,21,6,3,6,4,2,0,1,1,0,0,0,0,0
11,1,1200517.0,2018,5,8,6,3,5,2,0,0,1,0,1,0,0,0,0
11,7,7501133.0,2018,5,14,2,3,0,6,0,1,1,0,0,0,0,0,0
11,7,7400823.0,2018,5,23,6,2,1,5,2,1,1,0,0,0,0,0,0
11,3,3400827.0,2018,5,8,6,3,5,3,0,0,1,0,0,0,0,0,0
11,9,9401534.0,2018,5,14,2,3,1,5,0,1,1,0,0,0,0,0,0
11,8,8100314.0,2018,5,13,2,3,0,5,0,1,0,0,0,0,1,0,0
11,4,4100101.0,2018,5,13,2,3,5,2,0,0,1,0,0,0,0,0,0
11,7,7501134.0,2018,5,7,6,3,5,3,0,0,1,0,0,1,0,0,0
11,12,12100204.0,2018,5,14,2,3,6,4,0,0,1,1,1,0,0,0,0
11,3,3701555.0,2018,5,7,6,3,5,3,0,1,1,0,0,0,0,0,0
11,1,1100312.0,2018,5,7,6,2,5,2,0,1,0,0,0,1,0,0,0
11,12,12200412.0,2018,5,14,2,2,5,2,0,0,1,0,1,0,0,0,0
11,10,10300731.0,2018,5,7,6,3,1,5,0,1,1,0,0,0,0,0,0
11,4,4501042.0,2018,5,16,5,3,5,2,0,0,1,0,1,0,0,0,0
11,9,9200717.0,2018,5,15,2,2,6,4,0,0,1,1,0,0,0,0,0
11,4,4200310.0,2018,5,16,5,3,5,3,0,0,1,0,1,0,0,0,0
11,8,8200730.0,2018,5,15,2,3,5,7,0,0,1,0,0,0,0,0,0
11,7,7100101.0,2018,5,16,2,3,0,7,0,0,1,0,0,0,0,0,0
11,6,6200312.0,2018,5,13,2,3,2,6,0,0,1,0,0,0,0,0,0
11,6,6300632.0,2018,5,15,5,3,6,7,0,0,1,1,0,0,0,0,0
11,11,11100102.0,2018,5,16,2,3,2,6,0,0,1,0,1,0,0,0,0
11,9,9300920.0,2018,5,7,5,3,5,3,0,1,1,0,0,0,0,0,0
11,11,11300618.0,2018,5,18,5,3,5,3,0,0,1,0,0,0,0,0,0
11,1,1300835.0,2018,5,7,2,3,0,3,0,0,0,0,1,1,0,0,0
11,2,2500831.0,2018,5,23,2,3,5,3,2,0,1,0,1,0,0,0,0
11,2,2100104.0,2018,5,19,5,3,5,3,1,1,1,0,0,0,0,0,0
11,2,2200212.0,2018,5,19,2,2,5,2,0,1,0,0,0,0,0,0,0
11,10,10100316.0,2018,5,19,5,3,2,6,0,0,1,0,0,0,0,0,0
11,12,12100101.0,2018,5,20,2,3,5,3,1,1,1,0,0,0,0,0,0
11,1,1200520.0,2018,5,10,2,3,3,2,0,0,1,0,0,0,1,0,0
11,7,7200307.0,2018,5,19,5,3,2,7,0,1,0,0,0,0,1,0,0
11,4,4501149.0,2018,5,20,2,3,5,2,1,1,1,0,0,0,0,0,0
11,8,8100415.0,2018,5,20,2,3,6,7,0,0,1,1,0,0,0,0,0
11,3,3500936.0,2018,5,7,5,3,0,6,0,1,0,0,0,0,1,0,0
11,2,2300315.0,2018,5,20,5,3,5,3,1,1,0,0,0,0,1,0,0
11,9,9200715.0,2018,5,17,2,3,6,2,0,0,1,1,0,0,0,0,0
11,12,12400619.0,2018,5,16,5,3,4,1,0,0,1,0,0,0,0,0,0
11,12,12200309.0,2018,5,16,5,3,0,5,0,1,0,0,0,0,1,0,0
11,10,10200628.0,2018,5,18,2,3,1,5,0,0,0,0,0,1,1,0,0
11,4,4501149.0,2018,5,18,2,3,5,7,0,1,1,0,0,0,0,0,0
11,1,1200623.0,2018,5,18,5,3,3,6,0,1,1,0,0,0,0,0,0
11,5,5100317.0,2018,5,0,2,3,8,1,2,0,1,0,0,0,0,0,0
11,4,4500936.0,2018,5,17,5,3,5,7,0,0,1,0,0,0,1,0,0
11,4,4501149.0,2018,5,18,2,3,5,2,0,1,0,0,1,0,0,0,0