LAND,BEZ,LOR_ab_2021,UJAHR,UMONAT,USTUNDE,UWOCHENTAG,UKATEGORIE,UART,UTYP1,ULICHTVERH,IstRad,IstPKW,IstFuss,IstKrad,IstGkfz,IstSonstige,USTRZUSTAND,lockdown
11,4,4501149.0,2018,7,17,4,3,5,2,0,1,1,0,0,0,0,0,0
11,3,3601243.0,2018,7,8,2,3,0,3,0,1,1,0,0,0,0,0,0
11,1,1400940.0,2018,7,16,6,3,5,3,0,0,0,0,1,0,1,0,0
11,4,4500938.0,2018,7,10,6,3,6,7,0,0,1,1,0,0,0,1,0
11,3,3200207.0,2018,7,17,4,3,5,3,0,1,1,0,0,0,0,0,0
11,1,1100311.0,2018,7,8,2,3,2,2,0,0,1,0,0,0,0,0,0
11,2,2200211.0,2018,7,20,4,3,1,5,0,0,1,0,0,0,1,0,0
11,3,3300516.0,2018,7,9,6,3,5,2,0,1,1,0,0,0,0,0,0
11,2,2500833.0,2018,7,20,4,2,6,4,0,1,0,1,0,0,0,0,0
11,5,5200631.0,2018,7,9,6,3,0,1,0,0,0,0,1,0,0,0,0
11,6,6100103.0,2018,7,8,2,3,1,5,0,0,1,0,1,0,0,0,0
11,1,1300733.0,2018,7,20,4,2,5,2,0,0,1,0,1,0,0,0,0
11,9,9200819.0,2018,7,7,6,3,2,6,0,0,1,0,0,1,0,1,0
11,3,3601243.0,2018,7,6,6,3,5,3,0,1,1,0,0,0,0,0,0
11,2,2300314.0,2018,7,0,2,3,0,1,2,0,0,0,1,0,0,0,0
11,1,1100308.0,2018,7,8,4,3,0,2,0,1,1,0,0,0,0,0,0
11,1,1100415.0,2018,7,16,2,3,5,3,0,0,1,0,0,0,1,0,0
11,3,3601449.0,2018,7,2,4,3,1,5,2,0,1,0,0,0,0,0,0
11,1,1300836.0,2018,7,17,5,3,5,2,0,0,1,0,0,0,0,1,0
11,6,6400841.0,2018,7,19,1,3,1,5,0,0,1,0,0,0,0,0,0
11,6,6200421.0,2018,7,17,4,3,2,6,0,0,1,0,0,0,1,0,0
11,1,1300834.0,2018,7,14,1,3,5,7,0,0,1,0,1,0,0,0,0
11,7,7501029.0,2018,7,17,5,2,5,2,0,0,1,0,1,0,0,0,0
11,1,1100311.0,2018,7,19,1,2,5,2,0,0,1,0,0,0,0,0,0
11,7,7100205.0,2018,7,17,4,3,0,6,0,0,1,0,1,0,0,0,0
11,7,7501029.0,2018,7,17,5,3,6,4,0,0,1,1,0,0,0,1,0
11,1,1400942.0,2018,7,17,4,3,5,3,0,0,1,0,0,0,0,0,0
11,9,9200716.0,2018,7,17,5,3,6,2,0,0,0,1,0,0,1,1,0
11,9,9401329.0,2018,7,19,1,3,3,6,0,1,1,0,0,0,0,1,0
11,6,6200314.0,2018,7,16,4,3,5,2,0,1,1,0,0,0,0,0,0
11,5,5100209.0,2018,7,17,1,3,5,2,0,0,1,0,0,0,0,0,0
11,3,3500936.0,2018,7,19,5,3,5,3,0,1,1,0,0,0,0,1,0
11,1,1100308.0,2018,7,12,5,3,0,1,0,0,0,0,1,0,0,1,0
11,8,8401244.0,2018,7,19,1,3,6,4,0,0,1,1,0,0,0,0,0
11,3,3501037.0,2018,7,15,4,3,5,2,0,1,1,0,0,0,0,0,0
11,11,11501340.0,2018,7,17,1,3,1,5,0,1,1,0,0,0,0,0,0
11,2,2500832.0,2018,7,19,5,2,0,7,0,0,1,0,0,0,0,1,0
11,8,8200832.0,2018,7,13,1,3,3,6,0,1,1,0,0,0,0,0,0
11,4,4300414.0,2018,7,16,4,3,5,3,0,0,1,0,0,0,0,0,0
11,7,7200308.0,2018,7,7,1,3,2,6,0,0,1,0,0,0,0,0,0
11,12,12200310.0,2018,7,21,5,2,0,1,2,0,0,0,1,0,0,1,0
11,1,1100309.0,2018,7,21,5,3,5,2,2,1,1,0,0,0,0,1,0
11,7,7400823.0,2018,7,12,1,3,5,2,0,0,1,0,0,0,0,0,0
11,3,3200308.0,2018,7,15,4,3,0,7,0,1,0,0,0,0,0,0,0
11,9,9401635.0,2018,7,9,1,2,5,3,0,1,1,0,0,0,0,0,0
11,8,8100415.0,2018,7,23,5,2,6,2,2,0,1,1,0,0,0,1,0
11,11,11300619.0,2018,7,15,4,3,5,3,0,1,1,0,0,0,0,0,0
11,11,11300618.0,2018,7,23,5,3,5,3,2,1,1,0,0,0,0,1,0
11,7,7501135.0,2018,7,9,1,3,5,2,0,0,1,0,0,0,0,0,0
11,7,7400721.0,2018,7,15,4,3,0,2,0,0,1,0,1,0,0,1,0
11,9,9100305.0,2018,7,8,1,3,5,2,0,0,1,0,1,0,0,0,0
11,3,3601450.0,2018,7,15,5,2,5,2,0,1,1,0,0,0,0,1,0
11,12,12500824.0,2018,7,15,5,3,2,2,0,1,1,0,0,0,0,1,0
11,1,1401046.0,2018,7,4,1,3,8,1,2,0,1,1,0,0,0,0,0
11,7,7100205.0,2018,7,22,4,3,0,1,2,1,0,0,0,0,0,0,0
11,2,2200213.0,2018,7,1,1,3,1,5,2,1,1,0,0,0,0,0,0
11,4,4500937.0,2018,7,14,5,3,0,1,0,0,1,0,1,0,0,1,0
11,2,2500728.0,2018,7,18,7,3,5,2,0,1,1,0,0,0,0,0,0
11,1,1300732.0,2018,7,13,4,3,5,2,0,1,1,0,0,0,0,0,0
11,3,11300617.0,2018,7,23,7,3,6,4,2,0,1,1,0,0,0,0,0
11,8,8401243.0,2018,7,12,4,3,0,5,0,0,1,0,0,0,0,0,0
11,5,5400942.0,2018,7,14,5,3,2,6,0,0,1,0,0,0,0,1,0
11,9,9200715.0,2018,7,13,4,3,5,2,0,0,1,0,0,0,0,0,0
11,2,2200210.0,2018,7,13,5,3,0,6,0,0,0,0,1,0,1,1,0
11,1,1100308.0,2018,7,23,7,3,2,6,2,0,1,0,1,0,0,0,0
11,4,4100101.0,2018,7,12,4,3,0,6,0,0,0,0,1,0,1,0,0
11,1,1100308.0,2018,7,21,7,3,0,1,1,1,0,0,0,0,0,0,0
11,9,9200716.0,2018,7,12,5,3,5,7,0,0,1,0,0,0,0,1,0
11,12,12200309.0,2018,7,12,5,3,5,2,0,0,1,0,0,0,0,1,0
11,4,4300622.0,2018,7,12,4,3,5,2,0,1,0,0,0,1,0,0,0
11,2,2100102.0,2018,7,12,5,3,5,2,0,0,1,0,0,0,0,1,0
11,3,3601449.0,2018,7,19,7,3,0,1,0,0,1,0,1,0,0,0,0
11,2,2100101.0,2018,7,11,4,3,5,2,0,1,1,0,0,0,0,0,0
11,1,1300834.0,2018,7,20,7,3,5,3,0,1,1,0,0,0,0,0,0
11,4,4300416.0,2018,7,11,5,3,0,2,0,0,1,0,0,0,1,1,0
11,1,1100308.0,2018,7,11,5,3,2,6,0,0,1,0,0,0,0,1,0
11,12,12200414.0,2018,7,18,7,3,5,2,0,1,1,0,0,0,0,0,0
11,8,8401241.0,2018,7,10,4,3,1,5,0,0,1,0,1,0,0,0,0
11,1,1100102.0,2018,7,18,7,3,5,2,0,0,1,0,0,0,0,0,0
11,11,11100309.0,2018,7,10,4,3,5,2,0,1,1,0,0,0,0,0,0
11,4,4500938.0,2018,7,11,5,3,5,2,0,1,1,0,0,0,0,1,0
11,1,1100309.0,2018,7,10,4,3,1,5,0,1,1,0,0,0,0,0,0
11,9,9502043.0,2018,7,18,7,3,5,2,0,1,1,0,0,0,0,0,0
11,1,1200517.0,2018,7,10,4,3,5,2,0,1,1,0,0,0,0,0,0
11,2,2200210.0,2018,7,10,4,3,5,2,0,1,1,0,0,0,0,0,0
11,2,2100102.0,2018,7,9,5,3,1,5,0,1,0,0,0,0,1,1,0
11,9,9501736.0,2018,7,18,7,2,3,6,0,1,1,0,0,0,0,0,0
11,4,4501040.0,2018,7,9,4,3,0,7,0,1,1,0,0,0,0,0,0
11,2,2400521.0,2018,7,17,7,3,5,3,0,1,0,0,1,0,0,0,0
11,1,1100207.0,2018,7,8,5,3,5,2,0,1,1,0,0,0,0,1,0
11,2,2400522.0,2018,7,8,5,3,2,6,0,0,1,0,0,1,0,1,0
11,5,5100209.0,2018,7,17,7,3,5,3,0,1,1,0,0,0,0,0,0
11,12,12200310.0,2018,7,8,4,3,5,3,0,1,1,0,0,0,0,0,0
11,7,7100102.0,2018,7,8,5,3,5,3,0,0,1,0,0,0,0,1,0
11,1,1100206.0,2018,7,8,4,3,1,5,0,1,1,0,0,0,0,0,0
11,7,7400721.0,2018,7,8,4,3,5,2,0,1,1,0,0,0,0,0,0
11,11,11200513.0,2018,7,16,7,3,5,3,0,0,1,0,0,0,0,0,0
11,4,4300623.0,2018,7,7,4,3,2,6,0,0,1,0,0,0,0,0,0
11,1,1300730.0,2018,7,8,5,3,3,6,0,0,1,0,0,0,1,1,0
11,2,2400623.0,2018,7,7,4,3,5,2,0,1,1,0,0,0,0,0,0
11,1,1300834.0,2018,7,14,5,3,0,1,0,0,0,0,1,0,0,1,0
11,2,2300315.0,2018,7,15,7,3,5,3,0,0,1,0,0,0,0,0,0
11,3,3300514.0,2018,7,7,4,3,5,3,0,1,1,0,0,0,0,0,0
11,6,6100209.0,2018,7,14,5,2,0,7,0,0,1,0,0,0,0,0,0
11,8,8401245.0,2018,7,13,4,3,0,2,0,0,1,0,0,0,1,0,0
11,9,9501737.0,2018,7,6,5,2,4,1,1,0,1,0,0,0,0,1,0
11,3,3701554.0,2018,7,15,7,2,0,1,0,1,0,0,0,0,0,0,0
11,3,3601450.0,2018,7,12,4,3,2,6,0,0,1,0,0,0,0,0,0
11,5,5100317.0,2018,7,14,7,3,1,1,0,1,1,0,0,0,1,0,0
11,2,2200209.0,2018,7,6,5,2,5,3,1,1,1,0,0,0,0,1,0
11,5,5300737.0,2018,7,14,7,3,1,5,0,0,1,0,0,0,0,0,0
11,11,11400931.0,2018,7,12,4,3,6,4,0,1,0,1,0,0,0,0,0
11,11,11100204.0,2018,7,0,5,2,2,6,2,0,1,0,1,0,0,1,0
11,6,6200422.0,2018,7,9,4,3,2,7,0,0,1,0,0,0,0,0,0
11,7,7100101.0,2018,7,23,4,3,2,6,2,0,1,0,0,0,0,1,0
11,10,10100103.0,2018,7,14,7,3,5,3,0,0,1,0,0,0,0,0,0
11,6,6400839.0,2018,7,7,4,2,5,3,0,0,1,0,0,0,0,0,0
11,1,1100310.0,2018,7,13,7,3,1,5,0,1,1,0,0,0,0,0,0
11,6,6200422.0,2018,7,23,4,3,5,3,2,1,1,0,0,0,0,1,0
11,2,2500726.0,2018,7,9,4,3,5,2,0,1,1,0,0,0,0,0,0
11,7,7100204.0,2018,7,13,7,3,4,6,0,1,1,0,0,0,0,0,0
11,10,10100206.0,2018,7,5,4,3,5,3,0,0,1,0,0,0,0,0,0
11,10,10100313.0,2018,7,18,4,3,2,6,0,0,1,0,0,0,1,0,0
11,7,7400927.0,2018,7,12,7,3,1,5,0,1,0,0,0,1,0,0,0
11,9,9502043.0,2018,7,6,4,3,5,2,0,1,1,0,0,0,0,0,0
11,5,5400942.0,2018,7,16,4,3,5,2,0,1,1,0,0,0,0,1,0
11,10,10400940.0,2018,7,16,4,3,5,3,0,1,1,0,0,0,0,0,0
11,9,9100306.0,2018,7,13,7,3,2,2,0,0,1,0,1,0,0,0,0
11,1,1100104.0,2018,7,10,3,3,2,6,0,0,1,0,0,0,0,0,0
11,6,6400737.0,2018,7,12,7,3,2,6,0,0,1,0,0,0,0,0,0
11,4,4501042.0,2018,7,15,4,3,5,5,0,0,1,0,1,0,0,0,0
11,6,6400839.0,2018,7,12,7,3,5,3,0,1,1,0,0,0,0,0,0
11,9,9401329.0,2018,7,13,3,3,5,3,0,1,1,0,0,0,0,0,0
11,5,5200629.0,2018,7,12,7,3,5,3,0,0,1,0,0,0,0,0,0
11,10,10100206.0,2018,7,16,4,3,5,2,0,0,1,0,0,0,1,1,0
11,11,11100309.0,2018,7,16,3,3,6,4,0,1,0,1,0,0,0,0,0
11,4,4501040.0,2018,7,15,4,2,2,6,0,1,0,0,0,1,0,0,0
11,7,7100102.0,2018,7,11,7,3,0,5,0,1,1,0,0,0,0,0,0
11,7,7601339.0,2018,7,17,3,3,5,3,0,1,0,0,0,0,0,0,0
11,9,9501838.0,2018,7,10,7,2,5,3,0,1,1,0,0,0,0,0,0
11,7,7100102.0,2018,7,13,4,3,5,3,0,0,1,0,1,0,0,0,0
11,9,9501737.0,2018,7,13,4,3,0,2,0,1,0,0,0,0,1,0,0
11,2,2200210.0,2018,7,18,3,3,0,6,0,0,1,0,1,0,0,0,0
11,3,3601141.0,2018,7,15,5,3,2,6,0,0,1,0,0,0,1,0,0
11,10,10400938.0,2018,7,14,3,3,0,7,0,0,0,0,1,0,0,1,0
11,6,6100207.0,2018,7,14,3,3,0,6,0,1,0,0,0,0,1,0,0
11,5,5100209.0,2018,7,14,5,3,6,7,0,1,0,1,0,0,0,0,0
11,1,1100206.0,2018,7,13,3,2,5,3,0,1,1,0,0,0,0,0,0
11,6,6300525.0,2018,7,14,5,3,5,3,0,1,1,0,0,0,0,0,0
11,5,5300841.0,2018,7,13,3,3,2,6,0,0,1,0,0,1,0,0,0
11,5,5200528.0,2018,7,13,5,3,2,6,0,0,1,0,0,0,0,0,0
11,4,4300416.0,2018,7,12,5,3,6,2,0,0,1,1,0,0,0,0,0
11,8,8100417.0,2018,7,13,3,3,5,3,0,0,0,0,1,0,1,0,0
11,11,11300620.0,2018,7,13,3,3,2,6,0,0,1,0,0,1,0,0,0
11,1,1300733.0,2018,7,12,5,3,5,3,0,1,0,0,1,0,0,0,0
11,9,9100305.0,2018,7,12,3,3,0,3,0,1,1,0,0,0,0,0,0
11,1,1401047.0,2018,7,12,3,3,2,6,0,0,1,0,0,0,0,0,0
11,1,1100308.0,2018,7,10,3,3,0,3,0,0,1,0,1,0,0,0,0
11,9,9501838.0,2018,7,12,5,3,0,5,0,0,1,0,1,0,0,1,0
11,12,12400619.0,2018,7,9,3,3,5,2,0,0,1,0,1,0,0,0,0
11,3,3701556.0,2018,7,23,7,2,6,4,2,0,1,1,0,0,0,0,0
11,12,12400721.0,2018,7,9,3,3,1,5,0,1,1,0,0,0,0,0,0
11,10,10300733.0,2018,7,11,5,3,2,6,0,0,1,0,0,0,0,0,0
11,12,12500824.0,2018,7,8,3,3,5,3,0,0,1,0,0,0,1,0,0
11,12,12400721.0,2018,7,9,5,3,5,3,0,0,1,0,0,0,0,0,0
11,12,12200307.0,2018,7,22,7,2,6,4,2,0,0,1,0,0,1,0,0
11,6,6100205.0,2018,7,8,3,3,0,6,0,0,1,0,1,0,0,0,0
11,1,1100310.0,2018,7,22,7,3,5,2,2,0,1,0,0,0,0,0,0
11,4,4500938.0,2018,7,9,5,3,5,2,0,1,1,0,0,0,0,0,0
11,2,2200207.0,2018,7,8,5,3,2,2,0,0,1,0,0,0,0,0,0
11,3,3601245.0,2018,7,7,3,3,5,2,0,1,1,0,0,0,0,0,0
11,1,1100206.0,2018,7,21,7,3,0,1,2,1,1,0,0,0,0,1,0
11,2,2500831.0,2018,7,6,3,3,5,3,0,0,1,0,1,0,0,0,0
11,7,7300619.0,2018,7,9,5,3,5,2,0,1,1,0,0,0,0,0,0
11,7,7200409.0,2018,7,10,3,3,5,2,0,0,1,0,0,0,0,0,0
11,7,7400927.0,2018,7,8,5,3,5,3,0,0,1,0,0,0,1,0,0
11,6,6400844.0,2018,7,20,7,3,5,3,1,0,1,0,0,0,0,1,0
11,7,7400927.0,2018,7,11,3,3,5,7,0,0,1,0,0,0,0,0,0
11,1,1200623.0,2018,7,8,5,3,5,2,0,0,1,0,1,0,0,0,0
11,2,2300419.0,2018,7,8,3,2,1,5,0,1,0,0,0,0,1,0,0
11,12,12100204.0,2018,7,7,5,3,5,2,0,1,1,0,0,0,0,0,0
11,1,1400942.0,2018,7,20,7,3,6,4,0,0,0,1,0,0,1,1,0
11,10,10300731.0,2018,7,7,3,2,6,4,0,0,1,1,0,0,0,0,0
11,11,11501340.0,2018,7,18,6,3,2,7,0,0,1,0,1,0,0,0,0
11,1,1100207.0,2018,7,7,5,3,0,3,0,0,1,0,1,0,0,0,0
11,6,6300632.0,2018,7,17,6,3,2,2,0,1,1,0,0,0,0,0,0
11,6,6200421.0,2018,7,11,3,3,0,1,0,0,0,0,1,0,0,0,0
11,7,7200307.0,2018,7,14,6,3,3,6,0,0,1,0,1,0,0,0,0
11,1,1100310.0,2018,7,6,5,3,5,3,0,1,0,0,0,0,1,0,0
11,11,11401135.0,2018,7,13,6,3,2,2,0,1,1,0,0,0,0,0,0
11,2,2400521.0,2018,7,2,3,3,0,1,2,1,0,0,0,0,0,0,0
11,12,12200309.0,2018,7,6,5,3,1,5,0,1,1,0,0,0,1,0,0
11,8,8401241.0,2018,7,18,2,3,0,1,0,1,0,0,0,0,0,0,0
11,1,1100309.0,2018,7,0,5,3,1,5,2,1,0,0,1,0,0,0,0
11,8,8200730.0,2018,7,13,6,3,1,1,0,0,1,0,0,0,0,0,0
11,11,11300721.0,2018,7,10,2,2,5,2,0,0,1,0,0,0,1,0,0
11,6,6400737.0,2018,7,12,6,3,5,2,0,1,1,0,0,0,0,0,0
11,8,8100314.0,2018,7,18,4,3,2,2,0,1,1,0,0,0,0,0,0
11,2,2500831.0,2018,7,12,4,3,6,4,0,0,1,1,0,0,0,0,0
11,6,6200420.0,2018,7,10,6,3,5,3,0,0,1,0,1,0,0,0,0
11,7,7501029.0,2018,7,10,2,3,1,5,0,0,1,0,0,0,0,0,0
11,2,2100104.0,2018,7,10,6,3,1,5,0,1,1,0,0,0,0,0,0
11,1,1200520.0,2018,7,11,4,3,5,2,0,1,1,0,0,0,0,0,0
11,1,1100310.0,2018,7,8,6,3,5,2,0,1,1,0,0,0,0,0,0
11,10,10300731.0,2018,7,10,2,2,5,3,0,0,1,0,1,0,0,0,0
11,9,9200510.0,2018,7,8,6,3,0,2,0,1,1,0,0,0,0,0,0
11,1,1100308.0,2018,7,11,4,3,6,7,0,0,1,1,0,0,0,0,0
11,5,5300737.0,2018,7,9,2,3,3,6,0,0,1,0,0,1,0,0,0
11,10,10100313.0,2018,7,15,4,3,2,6,0,0,1,0,0,0,0,0,0
11,3,3701554.0,2018,7,14,6,3,5,2,0,1,1,0,0,0,0,0,0
11,8,8401245.0,2018,7,9,2,3,0,6,0,0,0,0,0,0,1,0,0
11,8,8401241.0,2018,7,7,6,3,6,2,0,0,1,1,0,0,0,0,0
11,9,9200511.0,2018,7,15,4,3,2,6,0,1,0,0,0,0,1,0,0
11,6,6200421.0,2018,7,14,4,3,2,6,0,0,1,0,1,0,0,0,0
11,1,1200522.0,2018,7,9,2,3,0,2,0,0,1,0,1,0,0,0,0
11,1,1100207.0,2018,7,14,4,3,6,4,0,1,0,1,0,0,0,0,0
11,2,2300316.0,2018,7,7,6,3,1,5,0,1,1,0,0,0,0,0,0
11,7,7100206.0,2018,7,8,2,3,4,6,0,1,0,0,0,0,0,0,0
11,12,12200412.0,2018,7,17,6,3,5,7,0,0,1,0,1,0,0,0,0
11,7,7100102.0,2018,7,13,4,3,3,6,0,0,0,0,1,0,1,0,0
11,5,5100317.0,2018,7,13,4,3,2,6,0,0,1,0,0,0,0,0,0
11,1,1300834.0,2018,7,17,6,3,0,7,0,1,0,0,0,0,0,0,0
11,1,1200519.0,2018,7,7,2,3,5,7,0,1,1,0,0,0,0,0,0
11,1,1100309.0,2018,7,18,6,3,5,2,0,0,1,0,1,0,0,0,0
11,10,10100316.0,2018,7,13,4,3,5,2,0,1,1,0,0,0,0,0,0
11,11,11100101.0,2018,7,14,6,3,2,2,0,0,1,0,0,0,0,0,0
11,8,8300934.0,2018,7,5,2,3,5,3,0,0,1,0,1,0,0,0,0
11,7,7400823.0,2018,7,12,6,3,0,5,0,1,0,0,0,0,1,0,0
11,11,11401033.0,2018,7,17,2,3,6,7,0,0,1,1,0,0,0,0,0
11,8,8100104.0,2018,7,13,4,3,6,4,0,0,0,1,1,0,0,0,0
11,1,1200518.0,2018,7,20,2,3,2,2,1,0,0,0,1,0,1,0,0
11,12,12601134.0,2018,7,13,4,3,2,6,0,0,1,0,0,0,0,0,0
11,5,5300736.0,2018,7,11,6,2,0,2,0,1,1,0,0,0,0,0,0
11,1,1100415.0,2018,7,20,2,3,3,6,0,1,1,0,0,0,0,0,0
11,7,7400823.0,2018,7,10,6,2,5,2,0,0,1,0,1,0,0,0,0
11,2,2100103.0,2018,7,12,4,3,2,6,0,1,1,0,0,0,0,0,0
11,6,6100102.0,2018,7,12,4,3,6,2,0,0,1,1,0,0,0,0,0
11,11,11300721.0,2018,7,9,6,3,2,2,0,0,1,0,0,0,0,0,0
11,1,1100103.0,2018,7,17,2,3,5,3,0,0,1,0,1,0,0,0,0
11,2,2400623.0,2018,7,11,4,2,5,3,0,1,0,0,0,0,1,0,0
11,11,11200512.0,2018,7,9,4,3,5,7,0,0,1,0,0,0,0,0,0
11,6,6100205.0,2018,7,7,6,2,5,2,0,1,0,0,0,1,0,0,0
11,4,4400832.0,2018,7,17,2,3,5,2,0,1,1,0,0,0,0,0,0
11,4,4200311.0,2018,7,1,6,3,9,1,2,0,1,0,0,0,0,0,0
11,3,3601245.0,2018,7,17,2,3,5,2,0,0,1,0,0,0,0,0,0
11,9,9501736.0,2018,7,9,4,3,2,6,0,0,1,0,0,0,0,0,0
11,9,9200510.0,2018,7,16,2,3,2,2,0,0,1,0,0,1,0,0,0
11,3,3300411.0,2018,7,21,6,3,5,3,1,1,0,0,0,0,0,1,0
11,3,3200206.0,2018,7,15,2,3,5,3,0,1,1,0,0,0,0,0,0
11,4,4300622.0,2018,7,14,2,3,5,2,0,1,1,0,0,0,0,0,0
11,1,1100102.0,2018,7,8,4,2,5,2,0,0,1,0,1,0,0,0,0
11,7,7400721.0,2018,7,19,6,2,6,4,0,1,0,1,0,0,0,0,0
11,6,6200314.0,2018,7,14,2,3,1,5,0,1,1,0,0,0,0,0,0
11,2,2100106.0,2018,7,20,6,3,5,2,1,0,1,0,0,0,0,0,0
11,8,8200832.0,2018,7,7,4,2,2,2,0,0,1,0,1,0,0,0,0
11,8,8401244.0,2018,7,7,4,3,7,7,0,0,1,0,0,0,0,0,0
11,9,9501737.0,2018,7,13,2,3,5,3,0,0,1,0,1,0,0,0,0
11,8,8100311.0,2018,7,20,6,3,1,5,0,1,1,0,0,0,0,0,0
11,11,11300721.0,2018,7,13,2,3,2,6,0,0,0,0,0,0,1,0,0
11,1,1100102.0,2018,7,9,4,3,0,5,0,1,1,0,0,0,0,0,0
11,4,4501040.0,2018,7,13,2,3,1,5,0,1,1,0,0,0,0,0,0
11,8,8100520.0,2018,7,22,4,3,5,2,2,0,1,0,0,0,0,0,0
11,2,2300417.0,2018,7,19,6,3,2,4,1,1,0,1,0,0,0,0,0
11,4,4300619.0,2018,7,12,2,3,6,7,0,0,1,1,0,0,0,0,0
11,4,4100102.0,2018,7,19,4,3,5,2,0,0,1,0,0,0,0,0,0
11,11,11300722.0,2018,7,15,2,3,2,6,0,0,1,0,0,0,0,0,0
11,8,8401243.0,2018,7,18,6,3,2,6,0,0,1,0,0,0,0,0,0
11,5,5100317.0,2018,7,11,2,3,2,6,0,0,1,0,0,0,0,0,0
11,2,2200210.0,2018,7,18,4,3,5,2,0,1,1,0,0,0,0,0,0
11,8,8100415.0,2018,7,14,2,3,5,3,0,0,1,0,0,0,1,0,0
11,8,8401246.0,2018,7,9,6,3,5,3,0,1,1,0,0,0,0,0,0
11,9,9401432.0,2018,7,18,2,2,5,3,0,1,0,0,1,0,0,0,0
11,2,2200210.0,2018,7,17,5,3,5,3,0,1,1,0,0,0,0,0,0
11,3,3500934.0,2018,7,17,4,3,0,2,0,1,1,0,0,0,0,0,0
11,9,9501939.0,2018,7,17,5,3,5,3,0,1,1,0,0,0,0,0,0
11,7,7300619.0,2018,7,17,2,2,5,3,0,0,1,0,1,0,1,0,0
11,11,11400929.0,2018,7,14,4,3,5,7,0,0,1,0,0,0,0,0,0
11,6,6400838.0,2018,7,16,2,2,0,1,0,1,0,0,0,0,0,0,0
11,1,1100102.0,2018,7,15,4,3,1,5,0,1,1,0,0,0,1,0,0
11,2,2500831.0,2018,7,22,5,3,5,3,2,0,1,0,1,0,0,0,0
11,4,4300624.0,2018,7,16,2,3,1,5,0,1,1,0,0,0,0,0,0
11,12,12200309.0,2018,7,19,5,3,5,3,0,1,1,0,0,0,0,0,0
11,9,9100101.0,2018,7,22,4,2,1,5,2,1,1,0,0,0,0,0,0
11,7,7601443.0,2018,7,22,4,2,1,5,2,1,1,0,0,0,0,0,0
11,12,12500929.0,2018,7,19,5,3,4,6,0,0,0,0,0,0,1,0,0
11,2,2400623.0,2018,7,10,2,3,1,6,0,1,1,0,0,1,0,0,0
11,11,11300725.0,2018,7,18,5,3,4,6,0,0,1,0,0,0,0,0,0
11,3,3300516.0,2018,7,19,4,2,1,5,0,1,1,0,0,0,0,0,0
11,11,11100102.0,2018,7,17,4,2,5,2,0,1,1,0,0,0,0,0,0
11,1,1300733.0,2018,7,18,5,3,1,7,0,1,1,0,0,0,0,0,0
11,4,4200311.0,2018,7,20,1,2,1,5,0,1,1,0,0,0,0,0,0
11,5,5100313.0,2018,7,18,5,3,5,2,0,0,1,0,1,0,0,0,0
11,11,11501339.0,2018,7,21,4,1,5,2,2,1,0,0,0,0,1,0,0
11,11,11501340.0,2018,7,18,5,3,1,1,0,0,1,0,1,0,0,0,0
11,4,4100101.0,2018,7,14,1,3,0,6,0,0,1,0,1,0,0,0,0
11,12,12200308.0,2018,7,21,5,3,2,6,1,0,1,0,0,0,0,0,0
11,11,11200513.0,2018,7,10,3,3,2,6,0,0,1,0,0,0,0,0,0
11,1,1100309.0,2018,7,13,1,3,0,3,0,1,1,0,0,0,0,0,0
11,1,1100102.0,2018,7,20,3,3,6,7,0,0,0,1,1,0,0,0,0
11,1,1200628.0,2018,7,20,5,3,0,2,0,0,1,0,0,0,1,0,0
11,7,7100206.0,2018,7,13,1,3,5,3,0,1,1,0,0,0,0,0,0
11,2,2400521.0,2018,7,21,5,2,5,3,2,1,1,0,0,0,0,0,0
11,3,3400721.0,2018,7,21,3,3,3,6,1,0,1,0,0,0,1,0,0
11,4,4501042.0,2018,7,20,3,3,5,7,0,0,1,0,1,0,0,0,0
11,1,1100103.0,2018,7,19,5,3,0,2,0,1,1,0,1,0,0,0,0
11,9,9200715.0,2018,7,13,1,3,6,2,0,0,1,1,0,0,0,0,0
11,6,6300629.0,2018,7,18,5,2,5,2,0,1,1,0,0,0,0,0,0
11,4,4501150.0,2018,7,17,3,3,5,2,0,1,1,0,0,0,0,0,0
11,2,2100102.0,2018,7,13,1,3,5,3,0,0,1,0,0,0,0,0,0
11,5,5100314.0,2018,7,16,5,2,5,3,0,1,1,0,0,0,0,0,0
11,5,5200423.0,2018,7,13,1,3,5,3,0,1,1,0,0,0,0,0,0
11,12,12100205.0,2018,7,12,3,3,0,2,0,1,1,0,0,0,0,0,0
11,4,4500937.0,2018,7,13,1,3,4,6,0,1,0,0,0,0,0,0,0
11,6,6400844.0,2018,7,6,3,3,5,3,0,1,1,0,0,0,0,0,0
11,1,1200628.0,2018,7,17,5,3,0,3,0,0,1,0,1,0,0,0,0
11,1,1200517.0,2018,7,17,5,2,2,6,0,0,1,0,1,0,0,0,0
11,4,4300624.0,2018,7,12,1,3,2,6,0,0,1,0,1,0,0,0,0
11,3,3400725.0,2018,7,17,5,3,5,3,0,1,0,0,0,0,1,0,0
11,2,2500835.0,2018,7,7,3,3,0,2,0,0,1,0,0,0,0,0,0
11,1,1200519.0,2018,7,11,1,3,1,5,0,0,1,0,0,0,1,0,0
11,7,7100205.0,2018,7,0,3,3,0,2,2,0,1,0,0,0,0,0,0
11,6,6300629.0,2018,7,17,5,3,5,3,0,0,1,0,0,0,0,0,0
11,4,4200207.0,2018,7,10,1,3,2,6,0,0,1,0,1,0,0,0,0