LAND,BEZ,LOR_ab_2021,UJAHR,UMONAT,USTUNDE,UWOCHENTAG,UKATEGORIE,UART,UTYP1,ULICHTVERH,IstRad,IstPKW,IstFuss,IstKrad,IstGkfz,IstSonstige,USTRZUSTAND,lockdown
11,1,7100101.0,2018,9,9,5,3,5,2,0,1,1,1,0,0,0,0,0
11,4,4501148.0,2018,9,16,2,2,5,2,0,0,1,0,1,0,0,0,0
11,1,1100308.0,2018,9,16,2,2,6,4,0,0,1,1,0,0,0,0,0
11,8,8100104.0,2018,9,13,5,3,2,2,0,1,1,0,0,0,0,0,0
11,3,3400619.0,2018,9,15,2,3,5,3,0,1,1,0,0,0,0,0,0
11,1,1300834.0,2018,9,15,2,3,2,6,0,0,1,0,1,0,0,0,0
11,6,6200423.0,2018,9,14,2,3,2,6,0,0,1,0,0,0,1,0,0
11,4,4500938.0,2018,9,9,5,2,5,2,0,0,1,0,1,0,0,0,0
11,10,10100315.0,2018,9,14,2,3,5,2,0,1,1,0,0,0,0,0,0
11,6,6300527.0,2018,9,13,2,2,5,2,0,1,1,0,0,0,0,0,0
11,2,2100102.0,2018,9,8,5,3,5,3,0,0,1,0,1,0,0,0,0
11,11,11501340.0,2018,9,8,3,3,2,6,0,0,0,0,0,1,0,0,0
11,8,8100521.0,2018,9,8,5,3,9,1,0,0,1,0,0,0,0,0,0
11,8,8100209.0,2018,9,12,2,3,3,6,0,1,0,0,0,1,0,0,0
11,8,8200726.0,2018,9,7,5,2,5,3,0,1,0,0,0,0,0,0,0
11,10,10200421.0,2018,9,13,5,3,5,3,0,1,1,0,0,0,0,0,0
11,5,5300736.0,2018,9,12,2,3,2,2,0,0,1,0,0,0,1,0,0
11,4,4501150.0,2018,9,12,2,3,3,6,0,0,0,0,1,0,1,0,0
11,2,2300316.0,2018,9,14,3,3,3,6,0,0,1,0,0,1,0,0,0
11,7,7400823.0,2018,9,12,5,3,5,2,0,0,1,0,0,0,0,0,0
11,8,8100102.0,2018,9,11,2,3,6,4,0,0,0,1,0,0,1,0,0
11,12,12200309.0,2018,9,8,3,3,5,2,0,1,0,0,0,1,0,0,0
11,12,12400618.0,2018,9,12,5,2,0,7,0,1,1,0,0,0,0,0,0
11,2,2100106.0,2018,9,14,2,3,2,6,0,0,1,0,0,0,0,0,0
11,5,5300839.0,2018,9,12,5,2,5,3,0,0,1,0,0,0,0,0,0
11,8,8200622.0,2018,9,12,5,3,3,6,0,0,1,0,1,0,0,0,0
11,7,7200308.0,2018,9,16,2,3,0,7,0,1,0,0,0,0,0,0,0
11,12,12500825.0,2018,9,15,3,3,5,2,0,1,1,0,0,0,0,0,0
11,5,5100211.0,2018,9,11,5,3,5,2,0,0,1,0,0,0,0,0,0
11,1,1400937.0,2018,9,20,2,2,6,4,2,0,1,1,0,0,0,0,0
11,9,8401243.0,2018,9,11,5,3,3,6,0,1,0,0,0,0,0,0,0
11,7,7400825.0,2018,9,11,5,3,1,3,0,0,1,0,0,0,1,0,0
11,9,9200510.0,2018,9,10,2,3,2,6,0,0,1,0,0,0,0,0,0
11,4,4300623.0,2018,9,11,5,3,2,2,0,0,1,0,0,0,0,0,0
11,4,4501043.0,2018,9,10,2,3,5,3,0,1,1,0,0,0,0,0,0
11,12,12500825.0,2018,9,10,2,3,2,6,0,0,1,0,0,0,0,0,0
11,3,3500934.0,2018,9,14,3,2,0,1,0,1,0,0,0,0,0,0,0
11,5,5300735.0,2018,9,10,5,3,2,6,0,1,0,0,0,0,1,0,0
11,5,5200631.0,2018,9,9,2,3,5,3,0,1,1,0,0,0,0,0,0
11,6,6400843.0,2018,9,7,5,3,6,7,0,1,0,1,0,0,0,0,0
11,2,2100102.0,2018,9,9,2,3,2,6,0,0,1,0,0,0,0,0,0
11,2,7400720.0,2018,9,15,5,2,3,6,0,0,0,0,0,0,1,0,0
11,10,10100311.0,2018,9,7,4,3,2,7,0,0,1,0,0,0,0,0,0
11,7,7400720.0,2018,9,9,2,3,3,6,0,1,1,0,0,0,0,0,0
11,4,4100101.0,2018,9,16,2,3,5,2,0,1,1,0,0,0,0,0,0
11,4,4400726.0,2018,9,11,4,3,2,6,0,0,1,0,0,0,0,0,0
11,10,10100104.0,2018,9,9,2,2,6,4,0,0,1,1,0,0,0,0,0
11,10,10100209.0,2018,9,22,2,3,6,2,2,0,1,1,0,0,0,0,0
11,1,1100415.0,2018,9,21,2,3,5,7,2,0,1,0,1,0,0,0,0
11,1,1300732.0,2018,9,18,4,3,0,2,0,1,1,0,0,0,0,0,0
11,1,1300834.0,2018,9,20,4,3,3,6,2,0,1,0,1,0,0,0,0
11,1,1100308.0,2018,9,21,2,3,5,2,2,1,1,0,0,0,0,0,0
11,6,6300527.0,2018,9,18,4,3,2,6,0,0,1,0,1,0,0,0,0
11,9,9200715.0,2018,9,20,4,3,5,2,1,1,1,0,0,0,0,0,0
11,12,12601032.0,2018,9,20,2,3,5,7,2,0,1,0,0,0,1,0,0
11,11,11200410.0,2018,9,19,2,3,2,6,2,0,1,0,0,0,0,0,0
11,4,4500936.0,2018,9,19,4,3,1,5,0,0,1,0,1,0,0,0,0
11,10,10300731.0,2018,9,19,2,3,2,3,1,1,1,0,0,0,0,0,0
11,1,1100415.0,2018,9,9,6,3,5,3,0,1,0,0,0,0,0,0,0
11,6,6400737.0,2018,9,16,3,3,5,2,0,1,1,0,0,0,0,0,0
11,4,4300517.0,2018,9,19,2,3,0,3,0,0,1,0,1,0,0,0,0
11,5,5100104.0,2018,9,18,4,2,0,7,0,1,0,0,0,0,0,0,0
11,7,7501030.0,2018,9,18,4,3,3,5,0,0,1,0,0,0,0,0,0
11,7,7601545.0,2018,9,19,2,3,0,4,0,0,0,1,0,0,1,0,0
11,12,12200309.0,2018,9,17,4,3,5,2,0,1,1,0,0,0,0,0,0
11,4,4500937.0,2018,9,9,2,3,3,6,0,0,0,0,0,0,1,0,0
11,1,1100207.0,2018,9,17,4,3,0,3,0,0,1,0,1,0,0,0,0
11,6,6200313.0,2018,9,17,4,3,2,6,0,0,1,0,1,0,0,0,0
11,1,1100102.0,2018,9,8,2,3,5,3,0,1,1,0,0,0,0,0,0
11,8,8100417.0,2018,9,13,4,3,2,6,0,0,1,0,0,0,1,0,0
11,11,11300721.0,2018,9,16,4,3,2,6,0,0,1,0,0,0,0,0,0
11,4,4300619.0,2018,9,8,2,3,5,2,0,0,1,0,0,0,0,0,0
11,9,9200512.0,2018,9,21,2,2,8,1,2,0,1,0,0,0,1,0,0
11,6,6400844.0,2018,9,16,4,2,3,6,0,1,1,0,0,0,0,0,0
11,1,1100206.0,2018,9,21,2,2,0,1,2,1,0,0,0,0,0,0,0
11,3,3400619.0,2018,9,8,6,3,2,7,0,0,0,0,1,0,1,1,0
11,2,2500833.0,2018,9,20,2,2,0,1,1,1,0,0,0,0,0,0,0
11,7,7601237.0,2018,9,16,4,3,5,3,0,1,1,0,0,0,0,0,0
11,7,7400822.0,2018,9,13,3,3,0,1,0,0,0,0,1,0,0,0,0
11,9,9100306.0,2018,9,16,4,3,2,6,0,0,1,0,1,0,0,0,0
11,9,9300920.0,2018,9,8,2,3,2,2,0,1,1,0,0,0,0,0,0
11,7,7400824.0,2018,9,16,4,3,5,3,0,0,1,0,1,0,0,0,0
11,6,6300526.0,2018,9,7,2,3,5,2,0,1,1,0,0,0,0,0,0
11,11,11300722.0,2018,9,14,6,3,5,2,0,1,1,0,0,0,0,0,0
11,1,1100101.0,2018,9,7,2,3,0,4,0,1,0,1,0,0,0,0,0
11,3,3400618.0,2018,9,13,4,3,5,3,0,0,1,0,0,0,1,0,0
11,9,9501939.0,2018,9,5,2,3,5,2,1,0,0,0,1,0,1,0,0
11,12,12100205.0,2018,9,9,2,3,2,6,0,0,1,0,0,0,0,0,0
11,6,6300528.0,2018,9,13,4,3,5,3,0,1,1,0,0,0,0,0,0
11,5,5200629.0,2018,9,16,2,2,6,7,0,0,1,1,0,0,0,0,0
11,1,1100313.0,2018,9,8,6,3,3,6,0,0,1,0,1,0,0,1,0
11,7,7100102.0,2018,9,10,4,2,5,2,0,1,1,0,0,0,0,0,0
11,3,3200207.0,2018,9,14,1,3,5,3,0,1,1,0,0,0,0,0,0
11,1,1100205.0,2018,9,10,4,3,5,2,0,1,1,0,0,0,0,0,0
11,4,4200311.0,2018,9,15,4,2,6,4,0,0,0,1,1,0,0,0,0
11,8,8200730.0,2018,9,15,1,3,3,6,0,0,1,0,0,0,0,0,0
11,5,5200423.0,2018,9,14,1,3,5,2,0,0,1,0,0,0,0,0,0
11,4,4300619.0,2018,9,13,6,3,2,6,0,0,1,0,1,0,0,0,0
11,11,11300619.0,2018,9,14,1,3,1,7,0,0,1,0,0,0,0,0,0
11,8,8300934.0,2018,9,14,4,3,2,6,0,0,1,0,0,0,0,0,0
11,1,1100308.0,2018,9,12,6,3,1,5,0,1,1,0,0,0,0,0,0
11,1,1401044.0,2018,9,10,4,3,1,5,0,0,1,0,0,0,0,0,0
11,6,6300527.0,2018,9,14,1,3,5,5,0,0,1,0,0,0,0,0,0
11,3,3400620.0,2018,9,15,4,3,0,3,0,1,1,0,0,0,0,0,0
11,8,8100417.0,2018,9,15,4,3,5,2,0,1,1,0,0,0,0,0,0
11,4,4200207.0,2018,9,13,1,2,5,2,0,1,1,0,0,0,0,0,0
11,3,3500936.0,2018,9,14,4,3,6,4,0,0,1,1,0,0,0,0,0
11,2,2500830.0,2018,9,13,1,3,5,3,0,0,1,0,0,0,0,0,0
11,1,1300732.0,2018,9,14,4,3,6,4,0,0,1,1,0,0,0,0,0
11,1,1200517.0,2018,9,14,4,3,5,3,0,1,1,0,0,0,0,0,0
11,5,5200631.0,2018,9,11,1,3,5,2,0,1,1,0,0,0,0,0,0
11,7,7400823.0,2018,9,10,1,3,5,2,0,0,1,0,0,0,1,0,0
11,8,8100206.0,2018,9,14,4,3,5,3,0,0,1,0,1,0,0,0,0
11,6,6400737.0,2018,9,10,1,3,5,3,0,1,0,0,0,0,0,0,0
11,1,1100205.0,2018,9,8,6,3,1,5,0,1,1,0,0,0,0,1,0
11,9,9200819.0,2018,9,21,1,2,4,2,2,0,1,0,0,0,1,0,0
11,4,4501043.0,2018,9,10,4,3,1,5,0,1,0,0,0,0,1,0,0
11,3,3601139.0,2018,9,9,4,3,1,5,0,1,1,0,0,0,0,0,0
11,1,1200628.0,2018,9,7,1,2,8,1,0,0,1,0,0,0,0,0,0
11,11,11300721.0,2018,9,9,4,3,5,3,0,1,0,0,0,0,0,0,0
11,2,2100104.0,2018,9,8,4,3,1,5,0,1,1,0,0,0,0,0,0
11,1,1400942.0,2018,9,21,1,3,0,7,2,0,1,0,1,0,0,0,0
11,9,9200512.0,2018,9,6,1,2,1,1,0,0,1,0,0,0,0,0,0
11,12,12400619.0,2018,9,8,4,3,0,1,0,1,0,0,0,0,0,0,0
11,7,7501031.0,2018,9,7,4,3,5,2,0,1,1,0,0,0,0,0,0
11,6,6300525.0,2018,9,18,1,3,5,2,0,0,1,0,1,0,0,0,0
11,4,4501042.0,2018,9,17,1,3,1,5,0,1,1,0,0,0,1,0,0
11,4,4200206.0,2018,9,5,4,3,0,2,2,1,0,0,0,0,1,0,0
11,2,2400623.0,2018,9,1,1,3,0,1,2,1,0,0,0,0,0,0,0
11,2,2200210.0,2018,9,8,6,3,5,3,0,0,1,0,1,0,0,1,0
11,1,1100415.0,2018,9,11,1,2,0,1,0,1,0,0,0,0,0,0,0
11,7,7400928.0,2018,9,0,4,2,5,3,2,0,1,0,1,0,0,0,0
11,2,2300315.0,2018,9,21,4,3,2,2,2,0,1,0,0,0,0,0,0
11,1,1100310.0,2018,9,16,1,3,2,6,0,0,1,0,1,0,0,0,0
11,8,8200832.0,2018,9,10,4,1,6,2,0,0,0,1,0,1,0,0,0
11,4,4501152.0,2018,9,17,3,3,6,4,0,1,0,1,0,0,0,0,0
11,7,7400825.0,2018,9,15,1,3,3,6,0,0,1,0,1,0,0,0,0
11,3,3601245.0,2018,9,20,1,2,5,2,2,0,1,0,1,0,0,0,0
11,3,3400619.0,2018,9,16,3,3,5,3,0,0,1,0,1,0,0,0,0
11,11,11501340.0,2018,9,17,1,2,0,1,0,1,0,0,0,0,0,0,0
11,8,8200725.0,2018,9,8,6,2,5,2,0,0,1,0,1,0,0,1,0
11,1,1100310.0,2018,9,20,7,3,6,4,1,1,0,1,0,0,0,0,0
11,8,8300935.0,2018,9,15,3,3,5,2,0,1,1,0,0,0,0,0,0
11,5,5300736.0,2018,9,13,7,3,1,1,0,0,1,0,0,0,0,0,0
11,10,10200524.0,2018,9,7,6,3,5,3,0,0,1,0,0,0,0,1,0
11,3,3200308.0,2018,9,12,7,3,6,7,0,0,1,1,0,0,0,0,0
11,10,10400837.0,2018,9,15,3,3,5,3,0,1,1,0,0,0,0,0,0
11,12,12200515.0,2018,9,15,3,3,5,2,0,1,1,0,0,0,0,0,0
11,8,8100419.0,2018,9,13,7,3,5,3,0,0,1,0,0,0,0,0,0
11,1,1300836.0,2018,9,15,3,3,6,4,0,1,0,1,0,0,0,0,0
11,1,1100308.0,2018,9,14,3,3,1,1,0,0,1,0,1,0,0,0,0
11,2,2300316.0,2018,9,12,7,3,1,5,0,1,1,0,0,0,1,0,0
11,4,4400835.0,2018,9,7,6,2,0,5,0,1,1,0,0,0,0,1,0
11,1,1400940.0,2018,9,11,7,3,5,2,0,1,1,0,0,0,0,0,0
11,4,4200311.0,2018,9,14,3,2,3,6,0,0,1,0,1,0,0,0,0
11,11,11100309.0,2018,9,11,7,3,5,2,0,1,1,0,0,0,0,0,0
11,7,7300619.0,2018,9,6,6,3,5,3,1,1,1,0,0,0,0,1,0
11,6,6300632.0,2018,9,15,3,2,5,3,0,1,0,0,0,0,0,0,0
11,4,4200310.0,2018,9,13,3,3,5,2,0,1,1,0,0,0,0,0,0
11,4,4200310.0,2018,9,11,7,3,2,6,0,0,1,0,0,0,0,0,0
11,4,4400727.0,2018,9,13,3,3,1,5,0,1,1,0,0,0,0,0,0
11,7,7601547.0,2018,9,13,3,3,2,2,0,1,1,0,0,0,0,0,0
11,1,1401049.0,2018,9,11,7,3,5,2,0,0,1,0,0,0,0,0,0
11,4,4300416.0,2018,9,11,7,2,2,3,0,1,1,0,0,0,0,0,0
11,2,2400522.0,2018,9,16,5,3,5,7,0,0,1,0,0,0,0,0,0
11,10,10100209.0,2018,9,13,3,3,2,6,0,0,1,0,0,0,0,0,0
11,7,7100206.0,2018,9,10,7,3,2,7,0,1,1,0,0,0,0,0,0
11,1,1401049.0,2018,9,12,3,3,5,2,0,1,1,0,0,0,0,0,0
11,4,4501153.0,2018,9,6,7,3,2,4,1,0,1,1,1,0,0,0,0
11,9,9200818.0,2018,9,13,5,3,2,2,0,0,1,0,0,0,0,0,0
11,9,9401635.0,2018,9,10,7,3,9,1,0,0,1,0,0,0,0,0,0
11,6,6300634.0,2018,9,12,3,3,2,6,0,0,1,0,0,0,0,0,0
11,9,9502043.0,2018,9,18,7,2,4,6,0,0,1,0,0,0,0,0,0
11,12,12400722.0,2018,9,14,5,3,9,1,0,0,1,0,0,0,0,0,0
11,1,1100102.0,2018,9,12,3,3,5,2,0,1,1,0,0,0,0,0,0
11,1,1300732.0,2018,9,18,7,3,6,4,0,0,0,1,0,0,1,0,0
11,7,7400927.0,2018,9,14,3,3,5,2,0,0,1,0,0,1,0,0,0
11,4,4500936.0,2018,9,16,3,3,3,6,0,0,1,0,1,0,0,0,0
11,5,5200528.0,2018,9,10,3,3,2,6,0,0,1,0,0,0,0,0,0
11,6,6100207.0,2018,9,18,7,3,5,2,0,0,1,0,0,0,0,0,0
11,1,1100103.0,2018,9,18,7,3,5,2,0,0,1,0,0,0,0,0,0
11,4,4300619.0,2018,9,9,3,3,6,4,0,0,0,1,1,0,0,0,0
11,1,1100416.0,2018,9,17,7,3,5,7,0,0,1,0,1,0,0,0,0
11,4,4501045.0,2018,9,16,7,3,5,2,0,1,1,0,0,0,0,0,0
11,7,7100101.0,2018,9,9,3,3,0,1,0,0,1,0,1,0,0,0,0
11,3,3601243.0,2018,9,22,3,2,5,3,2,1,1,0,0,0,0,0,0
11,2,2100106.0,2018,9,16,7,3,2,6,0,1,1,0,0,0,0,0,0
11,8,8200831.0,2018,9,21,3,3,5,3,2,1,0,0,0,0,1,0,0
11,8,8100209.0,2018,9,16,5,3,6,4,0,1,0,1,0,0,0,0,0
11,12,12100101.0,2018,9,20,3,3,5,3,1,0,1,0,1,0,0,0,0
11,2,2300419.0,2018,9,15,7,3,5,3,0,1,1,0,0,0,0,0,0
11,8,8100207.0,2018,9,19,3,3,6,7,0,0,1,1,0,0,0,0,0
11,5,5200632.0,2018,9,9,3,3,2,6,0,0,1,0,0,0,0,0,0
11,4,4200207.0,2018,9,15,7,2,0,1,0,1,0,0,0,0,0,0,0
11,1,1100416.0,2018,9,15,7,3,5,3,0,1,0,0,1,0,0,0,0
11,1,1100308.0,2018,9,19,3,3,5,2,0,1,1,0,0,0,0,0,0
11,8,8100417.0,2018,9,13,7,3,6,4,0,0,0,1,0,0,1,0,0
11,7,7300517.0,2018,9,20,5,3,6,7,2,1,0,1,0,0,0,0,0
11,4,4300623.0,2018,9,15,7,3,1,5,0,1,1,0,0,0,0,0,0
11,2,2200212.0,2018,9,0,3,3,5,2,2,1,1,0,0,0,0,0,0
11,11,11200410.0,2018,9,9,3,3,5,3,0,1,1,0,0,0,0,0,0
11,6,6200311.0,2018,9,21,7,2,0,6,2,1,1,0,0,0,0,0,0
11,11,11300620.0,2018,9,9,3,2,0,3,0,0,1,0,1,0,0,0,0
11,10,10200421.0,2018,9,18,3,2,6,4,0,0,1,1,0,0,0,0,0
11,10,10100104.0,2018,9,22,7,3,5,2,2,0,1,0,0,0,1,0,0
11,1,1100311.0,2018,9,21,7,2,2,6,2,1,1,0,0,0,0,0,0
11,1,1300733.0,2018,9,9,3,2,5,3,0,1,0,0,0,1,0,0,0
11,12,12500825.0,2018,9,9,3,2,5,2,0,1,0,0,0,0,1,0,0
11,6,6200421.0,2018,9,19,7,3,5,7,2,0,1,0,1,0,0,0,0
11,7,7200307.0,2018,9,19,7,3,2,6,0,0,1,0,1,0,0,0,0
11,3,3500934.0,2018,9,8,3,3,0,1,0,0,0,0,1,0,0,0,0
11,5,5100103.0,2018,9,13,7,3,5,3,0,1,1,0,0,0,0,0,0
11,11,11401136.0,2018,9,19,5,3,5,2,1,1,1,0,0,0,0,0,0
11,4,4501148.0,2018,9,13,7,3,0,2,0,1,1,0,0,0,0,0,0
11,7,2200207.0,2018,9,8,3,3,2,6,0,0,1,0,1,0,0,0,0
11,7,7400927.0,2018,9,6,3,3,5,7,0,0,1,0,0,0,1,0,0
11,11,11300618.0,2018,9,8,3,3,2,6,0,0,1,0,0,0,0,0,0
11,2,2100102.0,2018,9,1,7,3,5,7,2,0,1,0,0,0,1,0,0
11,2,2500728.0,2018,9,18,3,3,2,6,1,0,1,0,1,0,0,0,0
11,3,3701554.0,2018,9,20,7,1,0,7,1,1,0,0,0,1,0,0,0
11,6,6400844.0,2018,9,19,5,2,5,2,0,1,1,0,0,0,0,0,0
11,12,12200309.0,2018,9,23,6,3,2,6,2,0,1,0,0,0,0,1,0
11,9,9200818.0,2018,9,18,3,3,2,6,1,0,1,0,1,0,0,0,0
11,5,5100316.0,2018,9,20,6,3,6,7,1,0,0,1,0,1,0,0,0
11,3,3100103.0,2018,9,18,5,3,5,3,0,1,1,0,0,0,0,0,0
11,7,7200307.0,2018,9,18,3,3,5,2,1,1,1,0,0,0,0,0,0
11,2,2200212.0,2018,9,20,6,3,1,5,2,1,1,0,0,0,0,0,0
11,1,1100311.0,2018,9,22,6,3,5,2,2,0,1,0,0,0,0,0,0
11,6,6300525.0,2018,9,8,3,3,0,1,0,1,0,0,0,0,0,0,0
11,10,10100205.0,2018,9,7,6,3,0,3,0,0,0,0,1,1,0,1,0
11,4,4500936.0,2018,9,18,3,3,5,2,0,0,1,0,0,0,0,0,0
11,6,6100101.0,2018,9,19,6,2,6,7,2,0,1,1,0,0,0,0,0
11,9,9200715.0,2018,9,18,3,3,2,6,0,0,1,0,0,0,0,0,0
11,5,5400945.0,2018,9,7,3,3,4,2,0,1,1,0,0,0,0,0,0
11,8,8100209.0,2018,9,19,6,3,3,6,1,1,0,0,1,0,0,0,0
11,5,5200630.0,2018,9,19,6,3,5,2,0,1,1,0,0,0,0,0,0
11,2,2400521.0,2018,9,18,6,3,5,3,0,1,1,0,0,0,0,0,0
11,5,5200527.0,2018,9,17,3,3,5,3,0,1,1,0,0,0,0,0,0
11,1,1300733.0,2018,9,18,6,3,2,4,0,0,1,1,1,0,0,0,0
11,9,9301025.0,2018,9,7,3,3,2,6,0,0,1,0,0,0,1,0,0
11,3,3200205.0,2018,9,18,6,2,5,3,0,0,1,0,1,0,0,0,0
11,1,1100103.0,2018,9,17,3,3,3,6,0,0,1,0,1,0,0,0,0
11,12,12200310.0,2018,9,17,3,3,2,6,0,0,1,0,0,0,0,0,0
11,7,7100101.0,2018,9,18,6,3,5,2,0,0,1,0,1,0,0,0,0
11,8,8401243.0,2018,9,16,3,3,6,4,0,0,1,1,0,0,0,0,0
11,9,9200512.0,2018,9,16,3,3,2,6,0,0,1,0,0,0,0,0,0
11,1,1401048.0,2018,9,17,6,3,1,5,0,1,1,0,0,0,1,0,0
11,9,9200819.0,2018,9,15,6,3,1,5,0,1,0,0,0,0,0,0,0
11,1,1200522.0,2018,9,16,3,3,2,2,0,1,1,0,0,0,0,0,0
11,4,4200310.0,2018,9,15,6,3,0,1,0,0,0,0,1,0,0,0,0
11,4,4200311.0,2018,9,14,6,3,3,6,0,0,1,0,0,0,0,0,0
11,6,6300632.0,2018,9,0,3,3,5,3,2,0,1,0,0,0,0,0,0
11,8,8200726.0,2018,9,18,3,3,0,1,0,0,0,0,1,0,0,0,0
11,7,7300517.0,2018,9,14,6,3,2,6,0,0,1,0,0,0,0,0,0
11,4,4300624.0,2018,9,0,3,3,5,7,2,0,1,0,0,0,0,0,0
11,4,4501042.0,2018,9,23,3,3,5,3,2,0,1,0,0,0,0,0,0
11,1,1200628.0,2018,9,14,6,3,5,3,0,0,1,0,0,0,0,0,0
11,11,11100102.0,2018,9,13,6,3,6,7,0,0,0,1,0,0,1,0,0
11,2,2200213.0,2018,9,22,3,3,6,7,2,0,1,1,0,0,0,0,0
11,1,1100311.0,2018,9,1,6,3,5,3,2,1,1,0,0,0,0,0,0
11,12,12400722.0,2018,9,15,3,2,1,7,0,0,1,0,1,0,0,0,0
11,4,4501150.0,2018,9,9,6,3,5,2,0,1,0,0,0,0,1,1,0
11,8,8300934.0,2018,9,13,3,3,5,2,0,1,1,0,0,0,0,0,0
11,12,12100205.0,2018,9,9,6,3,0,1,0,0,0,1,1,0,0,1,0
11,12,12400722.0,2018,9,6,3,3,5,3,0,1,1,0,0,0,0,0,0
11,6,6300528.0,2018,9,7,6,3,2,1,0,0,1,0,0,0,1,1,0
11,1,1200519.0,2018,9,9,6,2,5,2,0,1,0,0,1,0,0,0,0
11,11,11401135.0,2018,9,19,2,3,5,3,1,1,1,0,0,0,0,0,0
11,4,4501043.0,2018,9,17,2,3,5,2,0,0,1,0,0,0,0,0,0
11,12,12200411.0,2018,9,9,6,3,2,6,0,0,1,0,0,1,0,1,0
11,8,8200831.0,2018,9,16,2,3,5,2,0,0,1,0,0,0,1,0,0
11,7,7400825.0,2018,9,17,2,3,0,2,0,0,1,1,0,0,0,0,0
11,4,4300622.0,2018,9,9,6,3,2,6,0,0,1,0,0,0,0,1,0
11,4,4200310.0,2018,9,9,6,3,2,7,0,0,1,0,1,0,0,1,0
11,3,3300516.0,2018,9,17,2,3,2,6,0,0,1,0,0,0,0,0,0
11,11,11300619.0,2018,9,9,6,3,2,6,0,1,1,0,0,0,0,1,0
11,8,8100209.0,2018,9,17,2,3,5,2,0,1,1,0,0,0,0,0,0
11,4,4501153.0,2018,9,20,4,3,5,7,2,1,1,0,0,0,0,0,0
11,6,6100205.0,2018,9,0,7,3,2,2,2,0,1,0,0,0,0,0,0
11,11,11300722.0,2018,9,13,4,2,0,1,0,0,0,0,1,0,0,0,0
11,5,5200632.0,2018,9,10,6,2,9,1,0,0,0,0,0,0,1,0,0
11,12,12100205.0,2018,9,19,4,3,5,2,2,1,1,0,0,0,0,0,0
11,7,7400721.0,2018,9,23,7,3,5,3,2,0,1,0,0,0,0,1,0
11,1,1100102.0,2018,9,20,7,3,6,4,2,0,0,1,1,0,0,0,0
11,3,3400721.0,2018,9,19,4,3,0,3,1,1,1,0,0,0,0,0,0
11,1,1401044.0,2018,9,19,7,2,5,2,1,0,1,0,0,0,1,0,0
11,3,3601243.0,2018,9,17,4,3,1,5,0,1,1,0,0,0,0,0,0
11,2,2400625.0,2018,9,19,7,3,2,6,0,1,1,0,0,0,0,0,0
11,2,2400623.0,2018,9,17,4,3,3,2,0,1,1,0,0,0,0,0,0
11,1,1200517.0,2018,9,13,4,3,2,6,0,0,1,0,1,0,0,0,0
11,4,4400727.0,2018,9,17,7,3,5,2,0,1,1,0,0,0,0,0,0
11,1,1100206.0,2018,9,20,5,2,0,1,2,1,0,0,0,0,0,0,0
11,7,7400720.0,2018,9,15,7,3,2,2,0,0,1,0,0,0,1,0,0
11,3,3400829.0,2018,9,13,7,3,5,3,0,1,1,0,0,0,0,0,0
11,3,3500934.0,2018,9,11,4,3,5,2,0,1,1,0,0,0,0,0,0
11,3,11200512.0,2018,9,18,5,3,2,7,1,0,1,0,0,0,0,0,0
11,7,7400823.0,2018,9,11,4,3,5,2,0,1,0,0,0,0,1,0,0
11,1,1401045.0,2018,9,11,7,3,6,4,0,0,1,1,0,0,0,0,0
11,12,12100205.0,2018,9,23,7,2,8,1,2,0,0,0,1,0,0,0,0
11,2,2400625.0,2018,9,16,5,3,5,3,0,1,1,0,0,0,0,0,0
11,6,6300525.0,2018,9,11,4,3,1,5,0,1,0,0,0,0,1,0,0
11,1,1100416.0,2018,9,19,6,3,6,4,1,1,0,1,0,0,0,0,0
11,4,4501153.0,2018,9,15,5,3,6,4,0,1,0,1,0,0,0,0,0
11,2,2400522.0,2018,9,10,4,3,5,3,0,1,1,0,0,0,0,0,0
11,12,12200412.0,2018,9,23,6,3,5,2,2,0,1,0,1,0,0,0,0
11,3,3601449.0,2018,9,9,4,3,5,3,0,0,1,0,0,0,0,0,0
11,1,1100310.0,2018,9,10,4,3,1,5,0,1,0,0,0,0,1,0,0
11,8,8100102.0,2018,9,18,6,3,1,5,0,1,1,0,0,0,0,0,0
11,8,8100206.0,2018,9,19,6,3,5,2,0,1,1,0,0,0,0,0,0
11,4,4501041.0,2018,9,10,5,3,6,7,0,0,1,1,0,0,0,0,0
11,4,4501043.0,2018,9,8,4,3,5,3,0,0,1,0,0,0,0,0,0
11,2,2400521.0,2018,9,19,6,3,4,6,1,1,0,0,0,0,0,0,0
11,4,4300622.0,2018,9,8,6,3,1,5,0,1,1,0,0,0,0,0,0
11,3,3500934.0,2018,9,9,4,3,1,5,0,1,1,0,0,0,0,0,0
11,2,2300314.0,2018,9,9,4,3,2,2,0,1,1,0,0,0,0,0,0
11,10,10100316.0,2018,9,23,6,2,5,3,2,1,1,0,0,0,0,0,0
11,10,10200423.0,2018,9,16,4,3,6,4,0,0,1,1,0,0,0,0,0
11,2,2500831.0,2018,9,16,4,3,2,6,0,1,1,0,0,0,0,0,0
11,10,10200421.0,2018,9,16,4,2,6,4,0,0,1,1,0,0,0,0,0
11,2,2100104.0,2018,9,22,6,3,2,2,2,0,1,0,0,0,0,0,0
11,10,10300734.0,2018,9,16,4,2,5,2,0,1,1,0,0,0,0,0,0
11,2,2100104.0,2018,9,15,4,3,5,2,0,1,1,0,0,0,0,0,0