LAND,BEZ,LOR_ab_2021,UJAHR,UMONAT,USTUNDE,UWOCHENTAG,UKATEGORIE,UART,UTYP1,ULICHTVERH,IstRad,IstPKW,IstFuss,IstKrad,IstGkfz,IstSonstige,USTRZUSTAND,lockdown
11,1,1300835.0,2018,9,17,2,3,5,3,0,0,1,0,0,0,0,1,0
11,2,2100102.0,2018,9,9,3,3,6,2,0,0,1,1,0,0,0,0,0
11,7,7400823.0,2018,9,17,5,3,3,6,0,0,1,0,1,0,0,0,0
11,7,7400927.0,2018,9,17,2,3,2,6,0,0,1,0,0,0,0,1,0
11,4,4300415.0,2018,9,9,3,3,2,6,0,0,1,0,1,0,0,0,0
11,2,2200213.0,2018,9,14,2,3,2,7,0,0,1,0,0,0,1,0,0
11,12,12500825.0,2018,9,16,5,3,2,7,0,0,1,0,0,0,1,0,0
11,1,1100308.0,2018,9,16,2,3,2,2,0,1,1,0,0,0,0,1,0
11,2,2400521.0,2018,9,16,4,3,3,2,0,0,1,0,0,0,0,0,0
11,9,9100304.0,2018,9,16,2,3,2,6,0,0,1,0,0,0,0,1,0
11,4,4300623.0,2018,9,16,2,2,0,1,0,0,0,0,1,0,0,1,0
11,11,11300722.0,2018,9,13,3,3,5,2,0,1,1,0,0,0,0,0,0
11,4,4300413.0,2018,9,16,2,3,2,7,0,0,1,0,0,0,0,1,0
11,1,1400937.0,2018,9,15,6,3,5,2,0,0,1,0,0,0,0,0,0
11,11,11501340.0,2018,9,16,6,3,5,3,0,1,0,0,0,0,1,0,0
11,3,3601245.0,2018,9,17,3,3,5,3,0,0,1,0,1,0,0,0,0
11,8,8200730.0,2018,9,16,2,2,6,4,0,0,1,1,0,0,0,1,0
11,5,5100315.0,2018,9,15,5,3,5,2,0,1,1,0,0,0,0,0,0
11,1,1100310.0,2018,9,15,2,3,0,5,0,1,1,0,0,0,0,0,0
11,7,7100103.0,2018,9,18,4,3,6,4,1,1,0,1,0,0,0,0,0
11,5,5200528.0,2018,9,15,2,2,6,4,0,1,0,1,0,0,0,0,0
11,3,3400725.0,2018,9,15,2,3,2,7,0,0,1,0,0,0,0,1,0
11,1,1100206.0,2018,9,9,3,3,1,5,0,0,1,0,1,0,0,0,0
11,5,5200629.0,2018,9,15,2,3,5,2,0,1,0,0,0,0,1,1,0
11,3,3601142.0,2018,9,16,4,3,5,3,0,1,1,0,0,0,0,0,0
11,10,10100311.0,2018,9,15,2,2,3,6,0,1,1,0,0,0,0,1,0
11,1,1401045.0,2018,9,14,2,3,2,6,0,0,1,0,0,0,0,1,0
11,7,7400823.0,2018,9,11,3,3,5,2,0,0,1,0,0,0,0,0,0
11,12,12500824.0,2018,9,14,2,3,2,6,0,0,1,0,0,0,0,1,0
11,1,1100206.0,2018,9,15,6,3,5,2,0,1,1,0,0,0,0,0,0
11,4,4500936.0,2018,9,18,5,3,5,2,1,1,1,0,0,0,0,0,0
11,6,6100102.0,2018,9,10,3,2,5,2,0,1,0,0,0,1,0,0,0
11,6,6200421.0,2018,9,14,2,3,2,6,0,0,1,0,0,0,0,1,0
11,5,5100316.0,2018,9,10,5,3,2,1,0,0,1,0,1,0,0,0,0
11,9,9200511.0,2018,9,14,2,3,2,6,0,0,1,0,1,0,0,1,0
11,3,3601245.0,2018,9,11,4,3,5,2,0,0,1,0,0,0,0,0,0
11,12,12500927.0,2018,9,14,2,3,2,6,0,0,1,0,0,0,0,1,0
11,5,5300737.0,2018,9,14,2,3,2,6,0,0,1,0,0,0,1,0,0
11,7,7300516.0,2018,9,11,3,2,1,5,0,1,1,0,0,0,0,0,0
11,5,5200632.0,2018,9,23,2,3,2,4,2,0,1,1,0,0,0,1,0
11,1,1200623.0,2018,9,20,5,3,5,2,2,1,1,0,0,0,0,0,0
11,7,7400927.0,2018,9,22,2,3,5,3,2,0,1,0,0,0,0,0,0
11,12,12100204.0,2018,9,13,6,3,2,6,0,0,1,0,0,0,1,0,0
11,8,8100206.0,2018,9,8,5,3,3,6,0,1,1,0,0,0,0,0,0
11,1,1100207.0,2018,9,10,3,2,5,3,0,1,1,0,0,0,0,0,0
11,7,7601339.0,2018,9,21,2,2,5,3,1,1,1,0,0,0,0,0,0
11,5,5300737.0,2018,9,15,5,2,5,3,0,0,1,0,1,0,0,0,0
11,4,4501045.0,2018,9,19,2,3,2,1,1,0,1,0,1,0,0,1,0
11,12,12200411.0,2018,9,9,4,3,0,6,0,1,0,0,0,0,1,0,0
11,4,4300416.0,2018,9,17,2,3,5,3,0,1,1,0,0,0,0,1,0
11,1,1100103.0,2018,9,18,2,3,5,7,1,0,1,0,1,0,0,1,0
11,1,1100206.0,2018,9,17,3,3,5,2,0,1,0,0,0,0,0,0,0
11,6,6400844.0,2018,9,17,2,3,1,5,0,0,1,0,0,0,0,0,0
11,3,3200205.0,2018,9,18,5,3,5,2,1,1,1,0,0,0,0,0,0
11,4,4200310.0,2018,9,16,2,3,0,7,1,0,1,0,1,0,0,1,0
11,9,9200511.0,2018,9,17,4,2,5,3,0,0,1,0,0,0,0,0,0
11,3,3601453.0,2018,9,17,2,3,0,3,0,0,1,0,0,0,0,0,0
11,4,4501042.0,2018,9,17,2,3,3,6,0,1,0,0,0,0,0,1,0
11,1,1100311.0,2018,9,15,3,3,2,6,0,0,1,0,0,0,0,0,0
11,9,9100305.0,2018,9,21,2,3,2,7,2,0,1,0,1,0,0,1,0
11,1,1100416.0,2018,9,10,4,3,0,3,0,1,1,0,0,0,0,0,0
11,3,3100101.0,2018,9,21,2,3,0,7,2,0,0,0,1,1,0,1,0
11,6,6100101.0,2018,9,13,2,2,2,1,0,0,1,0,1,0,0,0,0
11,9,9301025.0,2018,9,7,4,3,0,6,0,0,1,0,1,0,0,1,0
11,6,6100205.0,2018,9,13,2,2,5,7,0,0,1,0,1,0,0,0,0
11,9,9200510.0,2018,9,8,3,3,3,6,0,0,1,0,0,0,0,0,0
11,1,1300733.0,2018,9,12,2,3,6,4,0,0,0,1,0,1,0,0,0
11,8,8100209.0,2018,9,17,5,3,5,2,0,0,1,0,1,0,0,0,0
11,1,1100309.0,2018,9,12,2,2,5,3,0,0,1,0,1,0,0,0,0
11,3,3100103.0,2018,9,15,4,3,3,6,0,1,1,0,0,0,0,0,0
11,8,8401139.0,2018,9,12,2,3,6,7,0,0,1,1,0,0,0,0,0
11,4,4501042.0,2018,9,12,2,3,0,6,0,0,1,0,0,0,1,0,0
11,9,9300920.0,2018,9,13,3,3,2,7,0,0,1,0,0,0,0,0,0
11,7,7200307.0,2018,9,12,2,3,2,1,0,0,1,0,0,0,1,0,0
11,2,2400625.0,2018,9,15,6,3,5,3,0,1,0,0,1,0,0,0,0
11,4,4501153.0,2018,9,11,6,3,5,2,0,1,1,0,0,0,0,0,0
11,1,1100308.0,2018,9,8,3,3,3,6,0,1,1,0,0,0,0,0,0
11,2,2400521.0,2018,9,11,2,3,5,2,0,1,1,0,0,0,0,0,0
11,1,1100102.0,2018,9,13,5,3,5,3,0,0,1,0,0,0,0,0,0
11,1,1100206.0,2018,9,8,6,3,5,2,0,1,0,0,0,0,1,0,0
11,6,6300524.0,2018,9,8,3,3,5,2,0,0,1,0,0,0,0,0,0
11,5,5100317.0,2018,9,15,5,3,6,4,0,1,0,1,0,0,0,0,0
11,2,2300315.0,2018,9,8,2,3,5,3,0,0,1,0,0,0,0,0,0
11,7,7400823.0,2018,9,23,4,2,3,6,2,1,1,0,0,0,0,0,0
11,7,7601545.0,2018,9,11,2,3,0,3,0,0,1,0,1,0,0,0,0
11,1,1400937.0,2018,9,11,2,3,0,2,0,1,1,0,0,0,0,1,0
11,6,6200421.0,2018,9,10,3,3,5,3,0,1,1,0,0,0,0,0,0
11,5,5100317.0,2018,9,9,2,3,2,6,0,0,1,0,0,0,0,0,0
11,4,1200629.0,2018,9,8,6,2,5,2,0,1,1,0,0,0,0,0,0
11,7,7400720.0,2018,9,9,5,3,1,5,0,1,1,0,0,0,0,0,0
11,1,1100101.0,2018,9,8,3,3,5,2,0,1,1,0,0,0,0,0,0
11,3,3200310.0,2018,9,8,2,3,5,3,0,1,1,0,0,0,0,0,0
11,6,6300528.0,2018,9,13,5,2,6,4,0,0,1,1,0,0,0,0,0
11,10,10100311.0,2018,9,8,2,3,2,6,0,0,0,0,1,0,1,0,0
11,6,6200312.0,2018,9,10,4,3,2,2,0,0,1,0,0,0,0,0,0
11,7,7100102.0,2018,9,8,2,3,5,3,0,0,1,0,0,0,0,0,0
11,4,4300622.0,2018,9,8,2,3,0,3,0,1,0,0,0,0,1,1,0
11,6,6400735.0,2018,9,7,2,3,2,2,0,0,1,0,0,0,0,1,0
11,3,3501037.0,2018,9,13,4,3,5,2,0,1,1,0,0,0,0,0,0
11,12,12500930.0,2018,9,6,2,3,2,2,2,0,1,0,0,0,0,1,0
11,8,8200727.0,2018,9,5,2,3,8,1,2,0,1,0,0,0,0,1,0
11,8,8300934.0,2018,9,16,2,3,2,6,0,0,1,0,0,0,1,0,0
11,12,12200310.0,2018,9,22,5,2,5,3,2,0,1,0,0,0,0,0,0
11,4,4400726.0,2018,9,17,3,3,5,2,0,1,1,0,0,0,0,0,0
11,8,8401244.0,2018,9,5,1,3,5,3,2,0,1,0,0,0,0,0,0
11,1,1100308.0,2018,9,12,5,3,0,7,0,1,0,0,0,0,0,0,0
11,8,8100419.0,2018,9,23,1,3,5,3,2,0,1,0,0,0,0,1,0
11,12,12100101.0,2018,9,8,4,2,5,2,0,0,1,0,1,0,0,0,0
11,5,5100208.0,2018,9,19,1,3,6,2,2,0,1,1,0,0,0,1,0
11,7,7601544.0,2018,9,8,3,2,6,6,0,0,1,1,0,0,0,0,0
11,2,2400521.0,2018,9,19,1,3,5,3,2,0,1,0,0,0,0,1,0
11,4,4300414.0,2018,9,17,5,3,5,2,0,1,1,0,0,0,0,0,0
11,9,9200715.0,2018,9,7,3,3,2,6,0,0,1,0,0,0,0,0,0
11,7,7100205.0,2018,9,19,1,2,6,4,1,0,1,1,0,0,0,1,0
11,5,5100211.0,2018,9,19,5,2,1,5,1,0,0,0,1,1,0,0,0
11,1,1100308.0,2018,9,18,1,3,5,3,1,0,1,0,0,1,0,1,0
11,9,9100101.0,2018,9,17,4,3,5,2,0,1,1,0,0,0,0,0,0
11,1,1400942.0,2018,9,17,1,3,5,3,0,0,1,0,0,0,0,1,0
11,9,9300920.0,2018,9,17,1,3,2,6,0,0,1,0,0,0,0,1,0
11,3,3200308.0,2018,9,11,4,2,2,2,0,0,1,0,0,0,0,1,0
11,3,3701657.0,2018,9,16,1,3,5,3,1,1,0,0,0,0,1,1,0
11,3,3300412.0,2018,9,7,3,3,5,2,0,0,1,0,1,0,0,0,0
11,5,5100210.0,2018,9,16,5,3,6,7,0,0,1,1,0,0,0,0,0
11,9,9100202.0,2018,9,15,1,3,2,2,0,0,1,0,0,0,1,1,0
11,3,3500936.0,2018,9,15,4,3,0,2,0,1,0,0,0,0,1,0,0
11,10,10100104.0,2018,9,13,1,3,0,3,0,1,1,0,0,0,0,1,0
11,2,2400521.0,2018,9,12,1,3,2,2,0,0,1,0,0,0,0,0,0
11,11,11400931.0,2018,9,12,1,2,5,3,0,1,1,0,0,0,0,0,0
11,7,7200308.0,2018,9,16,4,3,2,6,0,0,1,0,0,0,0,0,0
11,4,4400832.0,2018,9,11,1,3,3,6,0,1,1,0,0,0,0,0,0
11,4,4400727.0,2018,9,5,1,2,6,4,2,0,1,1,0,0,0,0,0
11,7,7100205.0,2018,9,20,3,3,5,2,2,1,1,0,0,0,0,0,0
11,4,4501042.0,2018,9,3,1,2,9,1,2,0,1,0,0,0,0,0,0
11,9,9200819.0,2018,9,15,6,3,5,3,0,1,1,0,0,0,0,0,0
11,4,4501042.0,2018,9,23,6,3,0,7,2,0,1,0,0,0,0,0,0
11,6,6100207.0,2018,9,19,3,3,5,2,1,1,1,0,0,0,0,0,0
11,12,12601134.0,2018,9,0,1,2,2,2,2,0,0,0,0,0,1,1,0
11,4,4300517.0,2018,9,17,5,3,5,3,0,0,1,0,0,0,0,0,0
11,4,4300622.0,2018,9,8,1,3,5,3,0,1,1,0,0,0,0,0,0
11,6,6200421.0,2018,9,19,4,3,5,3,2,0,1,0,0,0,0,0,0
11,6,6200312.0,2018,9,18,1,3,0,1,1,0,0,0,1,0,0,1,0
11,1,1100207.0,2018,9,22,1,3,5,3,2,0,1,0,0,0,1,1,0
11,7,7200307.0,2018,9,18,3,3,5,3,0,1,1,0,0,0,0,0,0
11,7,7501031.0,2018,9,16,7,3,5,7,0,0,1,0,0,0,0,0,0
11,1,1100309.0,2018,9,14,6,3,6,4,0,1,0,1,0,0,0,0,0
11,9,9200510.0,2018,9,8,5,2,3,6,0,1,1,0,0,0,0,0,0
11,5,5300840.0,2018,9,7,3,3,2,6,0,0,1,0,0,0,0,0,0
11,1,1401043.0,2018,9,15,7,3,6,4,0,0,1,1,0,0,0,0,0
11,12,12200307.0,2018,9,12,3,3,2,6,0,0,1,0,1,0,0,0,0
11,12,12400619.0,2018,9,15,7,3,5,3,0,0,1,0,0,0,0,0,0
11,9,9200511.0,2018,9,15,6,3,5,2,0,1,1,0,0,0,0,0,0
11,3,3500936.0,2018,9,14,5,3,1,5,0,1,0,0,0,0,1,0,0
11,7,8200831.0,2018,9,5,3,3,6,2,2,0,1,1,0,0,0,0,0
11,11,11200411.0,2018,9,14,7,3,5,3,0,0,1,0,0,0,0,0,0
11,8,8100209.0,2018,9,11,5,3,5,3,0,1,1,0,0,0,0,0,0
11,7,7400720.0,2018,9,17,1,3,5,3,0,0,1,0,1,0,0,0,0
11,1,1401049.0,2018,9,13,7,3,5,2,0,0,1,0,0,0,0,0,0
11,2,2500727.0,2018,9,12,4,3,0,5,0,1,0,0,0,0,1,0,0
11,7,7300619.0,2018,9,12,7,3,3,6,0,1,1,0,0,0,0,1,0
11,7,7100206.0,2018,9,17,1,3,6,4,0,0,1,1,0,0,0,0,0
11,1,1200517.0,2018,9,12,7,2,5,3,0,0,1,0,1,0,0,0,0
11,3,3300517.0,2018,9,17,3,3,4,1,0,0,1,0,0,0,0,0,0
11,9,9200613.0,2018,9,11,7,3,2,6,0,0,1,0,0,0,0,0,0
11,2,2500836.0,2018,9,16,1,3,4,6,0,1,1,0,0,0,0,0,0
11,3,3501038.0,2018,9,20,5,2,0,3,2,1,1,0,0,0,0,0,0
11,9,9401534.0,2018,9,12,1,3,2,6,0,0,1,0,0,0,1,0,0
11,12,12500926.0,2018,9,9,7,3,5,3,0,0,1,0,0,0,0,1,0
11,9,9501939.0,2018,9,15,1,3,2,6,0,1,0,0,0,0,0,0,0
11,12,12601032.0,2018,9,19,5,2,0,1,1,0,0,0,1,0,0,0,0
11,6,6300528.0,2018,9,14,1,3,5,3,0,0,1,0,1,0,0,0,0
11,4,4501042.0,2018,9,8,7,3,5,3,0,1,1,0,0,0,0,0,0
11,2,2200213.0,2018,9,13,1,3,3,6,0,0,1,0,1,0,0,0,0
11,3,3400725.0,2018,9,12,5,2,5,3,0,1,1,0,0,0,0,0,0
11,9,9200510.0,2018,9,11,1,2,0,7,0,1,0,0,0,0,0,0,0
11,8,8100313.0,2018,9,2,7,3,1,1,2,0,1,0,0,0,0,0,0
11,1,1100207.0,2018,9,9,4,3,2,6,0,0,1,0,1,0,0,0,0
11,2,2300316.0,2018,9,1,7,3,6,4,2,0,1,1,0,0,0,0,0
11,11,11401034.0,2018,9,19,1,2,5,3,2,0,1,0,0,0,0,0,0
11,8,8100104.0,2018,9,2,7,3,6,7,2,0,1,1,0,0,0,1,0
11,8,8100520.0,2018,9,16,3,3,6,4,0,0,1,1,0,0,0,0,0
11,11,11400931.0,2018,9,21,7,2,5,2,2,0,1,0,1,0,0,0,0
11,9,9401534.0,2018,9,15,1,2,1,1,0,0,1,0,0,0,0,0,0
11,11,11300721.0,2018,9,18,5,2,5,2,0,0,1,0,1,0,0,0,0
11,9,9501737.0,2018,9,18,1,2,8,1,0,0,0,0,1,0,0,0,0
11,5,5200631.0,2018,9,21,7,3,2,6,2,0,1,0,0,0,0,1,0
11,6,6400844.0,2018,9,14,1,3,0,1,0,0,0,0,1,0,0,0,0
11,12,12601235.0,2018,9,17,4,2,5,2,0,0,1,0,0,0,1,0,0
11,10,10200629.0,2018,9,20,7,3,5,2,2,0,1,0,0,0,0,0,0
11,5,5200527.0,2018,9,23,1,3,5,3,2,0,0,0,0,0,1,0,0
11,4,4200311.0,2018,9,18,7,2,5,3,0,1,1,0,0,0,0,0,0
11,1,1100309.0,2018,9,19,3,3,0,2,0,1,1,0,0,0,0,0,0
11,8,8100311.0,2018,9,17,7,3,6,4,0,0,1,1,0,0,0,0,0
11,1,1200518.0,2018,9,1,7,2,8,1,2,0,1,0,0,0,0,0,0
11,4,4300518.0,2018,9,16,3,3,5,2,0,1,0,0,0,1,0,0,0
11,2,2100102.0,2018,9,1,7,2,5,3,2,0,1,0,0,0,0,0,0
11,7,7400721.0,2018,9,7,4,3,5,2,0,1,1,0,0,0,0,0,0
11,11,11300620.0,2018,9,22,7,3,5,2,2,0,1,0,0,0,0,1,0
11,12,12200515.0,2018,9,16,7,3,5,2,0,0,1,0,0,0,0,0,0
11,2,2100103.0,2018,9,10,3,3,3,6,0,0,1,0,0,0,1,0,0
11,9,9401534.0,2018,9,11,6,3,5,7,0,0,1,0,0,0,0,0,0
11,2,2200213.0,2018,9,15,7,2,6,7,0,0,1,1,0,0,0,0,0
11,7,7400823.0,2018,9,6,5,2,2,2,2,0,1,0,1,1,0,0,0
11,5,5200420.0,2018,9,15,7,3,5,3,0,0,1,0,1,0,0,0,0
11,8,8100103.0,2018,9,7,6,3,5,3,0,1,1,0,0,0,0,0,0
11,6,6300528.0,2018,9,15,7,3,0,1,0,0,0,0,1,0,0,0,0
11,8,8100314.0,2018,9,15,4,3,5,2,0,1,1,0,0,0,0,0,0
11,4,4300517.0,2018,9,22,6,3,6,4,2,1,0,1,0,0,0,1,0
11,5,5100104.0,2018,9,22,7,3,1,1,2,0,1,0,0,0,0,0,0
11,1,1300733.0,2018,9,7,6,3,5,3,0,1,1,0,0,0,0,0,0
11,7,7501134.0,2018,9,13,3,3,1,5,0,1,1,0,0,0,0,0,0
11,9,9100101.0,2018,9,7,6,3,5,7,0,1,1,0,0,0,0,0,0
11,5,5300735.0,2018,9,21,7,3,2,6,2,0,1,0,0,0,0,0,0
11,6,6100205.0,2018,9,15,6,3,2,6,0,0,1,0,0,0,0,0,0
11,1,1100310.0,2018,9,0,6,3,0,1,2,1,0,0,0,0,0,0,0
11,6,6300528.0,2018,9,13,7,3,5,2,0,1,1,0,0,0,0,0,0
11,7,7200409.0,2018,9,16,3,2,5,3,0,1,1,0,0,0,0,0,0
11,1,1100416.0,2018,9,7,6,3,4,6,0,1,0,0,0,0,0,0,0
11,7,7501031.0,2018,9,19,7,3,5,7,2,0,1,0,1,0,0,0,0
11,7,7501031.0,2018,9,14,5,3,5,7,0,1,1,0,0,0,0,0,0
11,2,2200209.0,2018,9,18,7,3,0,6,1,0,1,0,1,0,0,0,0
11,12,12200310.0,2018,9,22,6,3,2,6,2,0,1,0,0,0,1,1,0
11,11,11400931.0,2018,9,14,4,2,2,6,0,0,1,0,0,0,1,0,0
11,1,1401049.0,2018,9,21,6,3,9,1,2,0,1,0,0,0,0,1,0
11,3,3601140.0,2018,9,17,5,3,5,2,0,1,0,0,0,0,1,0,0
11,1,1300836.0,2018,9,13,7,3,6,4,0,0,1,1,0,0,0,0,0
11,11,11200513.0,2018,9,20,6,3,5,3,2,0,1,0,1,0,0,1,0
11,4,4200203.0,2018,9,15,4,2,0,7,0,1,0,0,0,0,0,1,0
11,1,1100207.0,2018,9,20,6,3,5,3,2,0,1,0,1,0,0,1,0
11,7,7100102.0,2018,9,17,7,3,5,3,0,1,1,0,0,0,0,0,0
11,9,9200818.0,2018,9,17,6,3,5,3,1,0,1,0,0,0,0,1,0
11,5,5300737.0,2018,9,10,3,3,3,6,0,0,1,0,1,0,0,0,0
11,10,10200422.0,2018,9,7,6,3,2,6,0,0,1,0,0,0,0,0,0
11,6,6400737.0,2018,9,13,7,3,5,3,0,0,1,0,0,0,0,0,0
11,5,5200632.0,2018,9,14,6,3,3,6,0,0,1,0,0,0,0,0,0
11,8,8401246.0,2018,9,17,5,3,5,3,0,1,0,0,0,0,0,0,0
11,5,5200629.0,2018,9,16,7,2,6,4,0,0,1,1,0,0,0,0,0
11,4,4200311.0,2018,9,16,3,3,0,2,0,1,0,0,0,1,0,0,0
11,6,6400841.0,2018,9,9,6,3,5,3,0,0,1,0,0,0,0,0,0
11,8,8100102.0,2018,9,13,7,3,1,5,0,1,1,0,0,0,0,0,0
11,6,6300634.0,2018,9,18,5,2,1,1,0,0,1,0,0,0,0,0,0
11,2,2200212.0,2018,9,16,7,2,0,7,0,0,0,0,1,0,0,0,0
11,9,9300920.0,2018,9,19,6,3,6,2,2,0,1,1,0,0,0,1,0
11,10,10300734.0,2018,9,11,4,3,5,2,0,0,1,0,0,0,0,0,0
11,10,10300731.0,2018,9,16,6,2,5,2,0,1,1,0,0,0,0,0,0
11,7,7300618.0,2018,9,12,7,2,1,5,0,0,1,0,0,0,0,0,0
11,2,2100104.0,2018,9,19,6,2,5,3,2,1,1,0,0,0,0,1,0
11,4,4200308.0,2018,9,16,3,3,5,2,0,0,1,0,0,0,0,0,0
11,4,4400835.0,2018,9,18,6,3,0,1,0,0,0,0,1,0,0,1,0
11,4,4501041.0,2018,9,11,7,3,0,1,0,0,0,0,1,0,0,0,0
11,12,12400721.0,2018,9,9,7,3,5,3,0,0,1,0,0,0,0,0,0
11,7,7400822.0,2018,9,18,6,3,5,2,1,0,1,0,0,0,0,1,0
11,4,4100101.0,2018,9,18,6,3,2,6,2,0,1,0,0,0,1,1,0
11,8,8300934.0,2018,9,7,7,3,6,7,0,1,0,1,0,0,0,0,0
11,2,2300314.0,2018,9,9,5,3,0,6,0,1,1,0,0,0,0,0,0
11,1,1100313.0,2018,9,3,7,3,9,1,2,0,1,0,0,0,0,0,0
11,11,11300721.0,2018,9,16,3,2,5,7,0,0,1,0,1,0,0,0,0
11,12,12200515.0,2018,9,17,6,3,0,1,0,0,0,0,1,0,0,1,0
11,11,11100102.0,2018,9,4,7,3,3,6,2,1,0,0,0,0,1,0,0
11,5,5200423.0,2018,9,16,5,3,5,3,0,0,1,0,1,0,0,0,0
11,6,6400844.0,2018,9,23,6,2,5,3,2,0,1,0,1,0,0,0,0
11,11,11501238.0,2018,9,17,6,3,2,2,0,0,1,0,0,0,0,1,0
11,3,3601346.0,2018,9,8,4,2,0,1,0,0,0,0,1,0,0,0,0
11,5,5100316.0,2018,9,17,6,2,6,4,0,0,1,1,0,0,0,1,0
11,4,4300414.0,2018,9,22,6,2,5,3,2,0,1,0,0,0,0,0,0
11,4,4500937.0,2018,9,15,3,3,2,1,0,0,1,0,0,0,0,0,0
11,6,6200315.0,2018,9,17,6,3,2,7,0,1,1,0,0,0,0,0,0
11,1,1401048.0,2018,9,21,6,2,5,3,2,0,1,0,1,0,0,0,0
11,1,1401045.0,2018,9,10,5,3,2,6,0,0,1,0,0,0,0,0,0
11,12,12200515.0,2018,9,19,6,3,5,3,2,0,1,0,0,0,0,0,0
11,1,1100310.0,2018,9,17,6,3,2,7,0,1,1,0,0,0,0,1,0
11,3,3300413.0,2018,9,19,6,3,5,3,2,1,1,0,0,0,0,0,0
11,4,4501146.0,2018,9,16,4,3,5,3,0,0,1,0,0,0,0,0,0
11,5,5300736.0,2018,9,16,6,3,5,3,0,0,1,0,0,1,0,1,0
11,11,11200410.0,2018,9,17,6,3,5,3,0,1,1,0,0,0,0,0,0
11,1,1100313.0,2018,9,19,5,3,5,2,1,1,0,0,1,0,0,0,0
11,2,2300316.0,2018,9,17,6,3,6,4,0,0,1,1,0,0,0,0,0
11,2,2400624.0,2018,9,15,6,3,5,3,0,1,1,0,0,0,0,0,0
11,1,1200629.0,2018,9,17,6,3,2,6,0,0,1,0,0,0,0,0,0
11,9,9200512.0,2018,9,12,4,2,2,2,0,0,1,0,1,0,0,0,0
11,5,5200420.0,2018,9,15,6,2,3,6,0,0,1,0,1,0,0,0,0
11,9,9300920.0,2018,9,17,6,3,5,3,0,0,1,0,0,0,0,0,0
11,1,1100206.0,2018,9,15,6,3,5,5,0,1,1,0,0,0,0,0,0
11,10,10400941.0,2018,9,15,4,3,5,3,0,1,1,0,0,0,0,0,0
11,12,12500824.0,2018,9,15,6,3,5,2,0,0,1,0,0,0,0,0,0
11,3,3601346.0,2018,9,16,6,3,2,6,0,1,1,0,0,0,0,0,0
11,11,11300620.0,2018,9,15,3,3,5,3,0,1,1,0,0,0,0,0,0
11,1,1100311.0,2018,9,21,6,3,0,6,2,0,1,0,1,0,0,0,0
11,8,8200623.0,2018,9,18,5,3,5,3,0,1,1,0,0,0,0,0,0
11,2,2500833.0,2018,9,19,6,3,5,3,1,1,1,0,0,0,0,0,0
11,10,10200421.0,2018,9,14,6,3,5,3,0,1,1,0,0,0,0,0,0
11,5,5100313.0,2018,9,16,6,3,6,4,0,0,0,1,0,0,1,0,0
11,12,12601236.0,2018,9,15,4,3,5,2,0,0,1,0,0,0,0,0,0
11,7,7400927.0,2018,9,15,6,3,5,3,0,0,1,0,0,0,0,0,0
11,1,1100205.0,2018,9,11,6,3,6,2,0,0,1,1,0,0,0,0,0
11,11,11200410.0,2018,9,14,6,3,2,2,0,0,1,0,1,0,0,0,0
11,5,5100316.0,2018,9,13,3,3,0,2,0,0,1,0,1,0,0,0,0
11,3,3500933.0,2018,9,15,6,3,5,3,0,0,1,0,0,0,0,0,0
11,11,11100309.0,2018,9,10,6,3,5,3,0,0,1,0,0,0,0,0,0
11,1,1300733.0,2018,9,7,6,3,5,3,1,0,1,1,1,0,0,0,0
11,9,9501737.0,2018,9,20,6,1,8,1,2,0,0,0,1,0,0,0,0
11,2,2100102.0,2018,9,15,6,3,5,2,0,0,1,0,0,0,0,0,0
11,9,9100407.0,2018,9,22,3,3,8,1,2,0,1,0,0,0,0,0,0
11,2,2300418.0,2018,9,14,6,3,5,3,0,1,0,0,0,0,1,0,0
11,7,7601547.0,2018,9,9,6,2,5,3,0,1,1,0,0,0,0,0,0
11,1,1100206.0,2018,9,16,6,3,2,6,0,1,1,0,0,0,0,0,0
11,1,1100206.0,2018,9,12,6,3,0,1,0,1,0,0,0,0,0,0,0
11,5,5100316.0,2018,9,14,6,3,2,6,0,0,1,0,0,1,0,0,0
11,5,5200524.0,2018,9,15,3,3,2,6,0,0,1,0,0,0,0,0,0
11,4,4501042.0,2018,9,14,6,3,5,2,0,0,1,0,1,1,0,0,0
11,7,7300517.0,2018,9,13,6,3,5,3,0,1,1,0,0,0,0,0,0
11,3,3200309.0,2018,9,15,5,3,5,3,0,0,1,0,0,0,1,0,0
11,12,12500926.0,2018,9,13,6,3,2,6,0,0,1,0,0,0,0,0,0
11,4,4300624.0,2018,9,14,6,3,5,3,0,1,0,0,0,0,1,0,0
11,8,8100419.0,2018,9,22,4,3,5,3,2,0,1,0,0,0,0,0,0
11,5,5300736.0,2018,9,14,6,3,1,5,0,1,1,0,0,0,0,0,0
11,1,1200517.0,2018,9,13,6,3,2,2,0,0,1,0,0,0,0,0,0
11,8,8200832.0,2018,9,13,6,3,2,2,0,1,0,0,0,0,1,0,0
11,6,6400737.0,2018,9,10,3,3,2,2,0,0,1,0,1,0,0,1,0
11,2,2400522.0,2018,9,13,6,3,2,6,0,0,1,0,0,1,0,0,0
11,9,9100304.0,2018,9,13,6,3,6,4,0,0,0,1,1,0,0,0,0
11,1,1401049.0,2018,9,14,6,2,6,2,0,0,0,1,0,0,1,0,0
11,4,4300518.0,2018,9,9,5,3,5,3,0,0,1,0,0,0,0,0,0
11,6,6300527.0,2018,9,9,6,3,5,2,0,1,1,0,0,0,0,0,0