LAND,BEZ,LOR_ab_2021,UJAHR,UMONAT,USTUNDE,UWOCHENTAG,UKATEGORIE,UART,UTYP1,ULICHTVERH,IstRad,IstPKW,IstFuss,IstKrad,IstGkfz,IstSonstige,USTRZUSTAND,lockdown
11,7,7300517.0,2018,10,18,3,3,2,6,1,0,1,0,1,0,0,0,0
11,7,7501029.0,2018,10,15,6,3,2,6,0,0,1,0,0,0,0,0,0
11,1,1100102.0,2018,10,10,7,3,5,3,0,0,1,0,0,0,0,0,0
11,9,9200510.0,2018,10,18,3,3,5,3,1,1,1,0,0,0,0,0,0
11,9,9501838.0,2018,10,10,7,3,5,7,0,0,1,0,1,0,0,0,0
11,4,4200203.0,2018,10,15,6,3,5,3,0,1,1,0,0,0,0,0,0
11,10,10200421.0,2018,10,10,7,3,5,2,0,0,1,0,0,0,1,0,0
11,1,1100310.0,2018,10,17,3,3,3,6,1,0,1,0,0,0,0,0,0
11,3,3400725.0,2018,10,10,7,2,5,3,0,1,1,0,0,0,0,0,0
11,9,9501737.0,2018,10,15,6,3,3,6,0,1,0,0,0,0,0,0,0
11,3,3300411.0,2018,10,17,3,3,5,3,1,1,1,0,0,0,0,0,0
11,4,4501041.0,2018,10,17,3,3,5,3,0,0,1,0,0,0,0,0,0
11,8,8401242.0,2018,10,15,6,3,5,3,0,0,1,0,0,0,0,0,0
11,3,3300517.0,2018,10,16,3,3,5,2,0,1,1,0,0,0,0,0,0
11,1,1401048.0,2018,10,10,7,3,5,3,0,0,1,0,0,0,0,0,0
11,1,1200626.0,2018,10,16,3,3,4,6,0,1,0,0,0,0,0,0,0
11,3,3400619.0,2018,10,9,7,3,5,2,0,1,1,0,0,0,0,0,0
11,8,8100311.0,2018,10,22,6,3,0,3,2,0,1,0,0,0,1,0,0
11,3,3400618.0,2018,10,16,3,3,2,6,0,0,1,0,0,0,0,0,0
11,9,9100408.0,2018,10,15,3,3,5,2,0,1,1,0,0,0,0,0,0
11,5,5200526.0,2018,10,15,3,3,5,2,0,1,1,0,0,0,0,0,0
11,8,8200726.0,2018,10,9,7,3,5,2,0,1,1,0,0,0,0,0,0
11,6,6300524.0,2018,10,15,3,3,2,7,0,0,1,0,0,0,1,1,0
11,8,8100521.0,2018,10,20,6,3,6,2,2,0,1,1,0,0,0,0,0
11,11,11400929.0,2018,10,7,7,2,8,1,2,0,1,0,0,0,0,0,0
11,7,7400720.0,2018,10,8,3,3,5,3,0,1,1,0,0,0,0,0,0
11,2,2500835.0,2018,10,2,7,3,5,2,2,0,1,0,0,0,0,0,0
11,1,1100415.0,2018,10,20,6,3,0,6,2,1,1,0,0,0,0,0,0
11,1,1300731.0,2018,10,14,7,2,6,4,0,0,1,1,0,0,0,0,0
11,1,1300836.0,2018,10,8,3,3,2,6,0,1,1,0,0,0,0,0,0
11,7,7100205.0,2018,10,14,6,3,6,2,0,0,1,1,0,0,0,0,0
11,11,11100204.0,2018,10,18,6,3,5,3,1,1,1,0,0,0,0,0,0
11,2,2500832.0,2018,10,8,3,3,5,2,0,1,1,0,0,0,0,0,0
11,2,2200208.0,2018,10,15,6,3,5,3,0,1,1,0,0,0,0,0,0
11,6,6300634.0,2018,10,14,6,2,6,4,0,0,1,1,0,0,0,0,0
11,4,4501041.0,2018,10,17,6,3,1,5,1,1,0,0,0,0,1,0,0
11,1,1100207.0,2018,10,8,3,3,3,6,0,1,0,0,0,0,0,0,0
11,9,9501939.0,2018,10,15,6,3,6,7,0,0,0,1,0,0,1,0,0
11,5,5300840.0,2018,10,14,6,2,3,6,0,1,1,0,0,0,0,0,0
11,4,4300620.0,2018,10,14,6,3,5,2,0,0,1,0,1,0,0,0,0
11,1,1400937.0,2018,10,7,3,3,4,6,0,1,0,0,0,0,0,0,0
11,4,4300413.0,2018,10,14,6,3,6,4,0,0,1,1,0,0,0,0,0
11,4,4200309.0,2018,10,13,6,3,2,6,0,0,1,0,0,0,0,0,0
11,3,3601449.0,2018,10,7,3,2,5,2,0,1,1,0,0,0,0,0,0
11,4,4100101.0,2018,10,13,6,3,5,3,0,0,1,0,0,0,0,0,0
11,1,1100311.0,2018,10,18,6,3,5,2,1,1,1,0,0,0,0,0,0
11,9,9401534.0,2018,10,13,6,3,5,3,0,1,1,0,0,0,0,0,0
11,4,4400726.0,2018,10,16,3,3,2,6,0,0,1,0,0,0,0,0,0
11,4,4400834.0,2018,10,13,6,3,0,1,0,1,0,0,0,0,0,0,0
11,7,7300619.0,2018,10,14,6,3,0,4,0,0,0,1,0,0,1,0,0
11,3,3200206.0,2018,10,6,3,3,2,6,1,0,1,0,0,0,0,0,0
11,2,2400522.0,2018,10,18,6,3,1,5,1,1,1,0,0,0,0,0,0
11,4,4500939.0,2018,10,12,6,3,5,3,0,0,1,0,1,0,0,0,0
11,4,4200310.0,2018,10,13,6,3,2,6,0,0,1,0,1,0,0,0,0
11,5,5100210.0,2018,10,16,3,3,2,6,0,0,1,0,1,0,0,0,0
11,11,11501238.0,2018,10,12,6,3,6,7,0,0,1,1,0,0,0,0,0
11,7,7601340.0,2018,10,13,6,2,0,6,0,0,1,0,1,0,0,0,0
11,2,2100102.0,2018,10,12,6,3,2,6,0,0,0,0,1,0,1,0,0
11,2,2200211.0,2018,10,16,3,3,5,2,0,1,1,0,0,0,0,0,0
11,1,1400937.0,2018,10,11,6,3,2,6,0,0,1,0,0,0,0,0,0
11,4,4300416.0,2018,10,17,6,3,2,6,1,0,1,0,0,0,0,0,0
11,5,5100314.0,2018,10,6,3,3,5,3,2,1,0,0,0,0,1,0,0
11,1,1200623.0,2018,10,12,6,3,5,3,0,1,1,0,0,0,0,0,0
11,1,1200517.0,2018,10,6,3,3,2,6,2,0,1,0,1,0,0,0,0
11,11,11100309.0,2018,10,11,6,3,2,6,0,0,1,0,0,0,0,0,0
11,3,3200310.0,2018,10,17,6,3,2,6,0,0,1,0,0,0,0,0,0
11,6,6200314.0,2018,10,15,3,3,3,5,0,1,1,0,0,0,0,0,0
11,1,1100310.0,2018,10,11,6,3,1,5,0,1,1,0,0,0,0,0,0
11,3,3601346.0,2018,10,12,6,3,0,4,0,0,0,1,1,0,0,0,0
11,4,4300622.0,2018,10,15,3,3,5,2,0,1,0,0,0,0,1,0,0
11,1,1100310.0,2018,10,17,6,3,2,6,1,1,1,0,0,0,0,0,0
11,11,11200411.0,2018,10,10,6,2,6,4,0,0,1,1,0,0,0,0,0
11,1,1100416.0,2018,10,23,6,2,0,1,2,1,0,0,0,0,0,0,0
11,2,2500834.0,2018,10,15,3,3,5,3,0,1,1,0,0,0,0,0,0
11,4,4300623.0,2018,10,10,6,3,2,7,0,1,1,0,0,0,0,0,0
11,1,1100312.0,2018,10,7,6,3,2,6,0,0,1,0,1,0,0,0,0
11,11,11401137.0,2018,10,10,6,3,5,3,0,1,1,0,0,0,0,0,0
11,3,3400620.0,2018,10,15,3,3,1,5,0,1,1,0,0,0,0,0,0
11,4,4501042.0,2018,10,9,6,3,6,2,0,0,1,1,0,0,0,0,0
11,2,2200210.0,2018,10,8,6,3,5,3,0,0,1,0,1,0,0,1,0
11,3,3400725.0,2018,10,15,3,3,5,3,0,1,1,0,0,0,0,0,0
11,6,6300524.0,2018,10,15,3,3,5,3,0,0,1,0,1,0,0,1,0
11,2,2200208.0,2018,10,8,6,3,5,2,0,1,1,0,0,0,0,0,0
11,6,6100209.0,2018,10,14,3,3,5,3,0,1,0,0,0,0,0,0,0
11,7,7601544.0,2018,10,9,6,2,6,4,0,0,1,1,0,0,0,0,0
11,2,2300316.0,2018,10,9,6,3,6,4,0,0,0,1,0,0,1,0,0
11,8,8200725.0,2018,10,15,3,3,2,2,0,0,1,0,0,0,0,0,0
11,4,4500936.0,2018,10,10,6,2,2,6,0,0,1,0,0,0,0,0,0
11,2,2400625.0,2018,10,8,6,3,5,2,0,1,0,0,0,0,1,0,0
11,12,12100204.0,2018,10,13,3,3,5,3,0,0,1,0,1,0,0,0,0
11,1,1100205.0,2018,10,17,6,3,3,6,1,1,0,0,0,0,0,0,0
11,8,8401243.0,2018,10,13,3,2,5,3,0,0,1,0,0,1,0,0,0
11,3,3200207.0,2018,10,10,6,3,6,4,0,0,1,1,0,0,0,0,0
11,3,3400723.0,2018,10,8,6,3,5,7,0,0,1,0,1,0,0,0,0
11,5,5300736.0,2018,10,12,3,3,2,6,0,0,1,0,0,1,0,0,0
11,12,12601236.0,2018,10,7,6,3,5,2,0,0,1,0,0,0,0,0,0
11,6,6200317.0,2018,10,10,6,3,5,3,0,0,1,0,0,0,0,0,0
11,3,3601142.0,2018,10,22,6,3,5,3,2,1,1,0,0,0,0,0,0
11,6,6200314.0,2018,10,11,3,3,2,6,0,0,1,0,0,0,1,0,0
11,3,3500932.0,2018,10,22,6,3,5,3,2,0,1,0,1,0,0,0,0
11,1,1100416.0,2018,10,11,6,2,5,3,0,1,1,0,0,0,0,0,0
11,8,8401242.0,2018,10,10,3,3,5,3,0,0,0,0,1,0,1,0,0
11,4,4501146.0,2018,10,10,3,3,5,2,0,1,1,0,0,0,0,0,0
11,1,1401045.0,2018,10,11,6,3,2,6,0,0,1,0,0,0,0,0,0
11,8,8100209.0,2018,10,9,3,3,5,3,0,1,1,0,0,0,0,0,0
11,3,3400828.0,2018,10,21,6,3,5,3,2,1,1,0,0,0,0,0,0
11,8,8100312.0,2018,10,11,6,3,0,4,0,0,0,1,0,0,1,0,0
11,2,2100104.0,2018,10,9,3,3,5,2,0,1,1,0,0,0,0,0,0
11,2,2200211.0,2018,10,11,6,3,5,2,0,1,0,0,0,0,1,0,0
11,12,12100102.0,2018,10,20,6,2,2,6,2,1,1,0,0,0,0,0,0
11,6,6300634.0,2018,10,9,3,3,5,3,0,1,1,0,0,0,0,0,0
11,8,8100312.0,2018,10,20,6,3,1,5,2,1,1,0,0,0,0,0,0
11,1,1100206.0,2018,10,7,6,3,2,2,0,0,1,0,0,0,0,0,0
11,11,11300620.0,2018,10,7,6,3,5,3,0,0,1,0,0,0,0,0,0
11,9,9501737.0,2018,10,8,3,3,0,7,0,0,1,0,0,0,0,0,0
11,12,12100205.0,2018,10,7,6,2,0,2,0,1,1,0,0,0,0,0,0
11,1,1200517.0,2018,10,7,6,3,5,2,0,1,1,0,0,0,0,0,0
11,10,10100311.0,2018,10,6,6,2,6,4,1,0,0,1,0,0,1,0,0
11,1,1100313.0,2018,10,7,6,3,5,2,0,1,1,0,0,0,0,0,0
11,1,1100311.0,2018,10,15,6,3,5,2,0,1,1,0,0,0,0,0,0
11,11,11501238.0,2018,10,6,6,3,6,4,2,0,0,1,0,1,0,0,0
11,4,4501042.0,2018,10,9,3,3,6,7,0,0,1,1,0,0,0,0,0
11,12,12200515.0,2018,10,6,6,2,0,3,2,0,1,0,1,0,0,0,0
11,3,3300516.0,2018,10,8,3,3,5,3,0,0,1,0,1,0,0,0,0
11,12,12400721.0,2018,10,16,6,2,5,3,0,0,1,0,1,0,0,0,0
11,3,3500934.0,2018,10,6,6,3,5,3,2,0,1,0,0,0,1,0,0
11,2,2300315.0,2018,10,13,3,3,0,3,0,0,1,0,1,0,0,0,0
11,1,1100309.0,2018,10,3,6,3,0,1,2,1,0,0,0,0,0,0,0
11,8,8100209.0,2018,10,6,6,3,2,1,1,0,1,0,1,0,0,0,0
11,7,7601339.0,2018,10,8,3,3,6,2,0,0,1,1,0,0,0,0,0
11,4,4200309.0,2018,10,16,6,3,2,6,0,0,1,0,0,0,0,0,0
11,1,1300834.0,2018,10,0,6,3,5,3,2,0,1,0,0,0,0,0,0
11,4,4501044.0,2018,10,11,2,3,5,2,0,1,1,0,0,0,0,0,0
11,2,2300314.0,2018,10,17,6,3,5,3,0,1,0,0,0,0,1,0,0
11,12,12200310.0,2018,10,10,6,3,5,2,0,0,1,0,0,0,1,0,0
11,3,3400829.0,2018,10,18,2,3,5,3,0,1,1,0,0,0,0,0,0
11,7,7300517.0,2018,10,15,5,3,5,2,0,1,1,0,0,0,0,0,0
11,1,1400938.0,2018,10,17,6,3,5,2,0,0,1,0,0,0,0,0,0
11,1,1401048.0,2018,10,10,5,3,7,7,0,1,0,0,0,0,0,0,0
11,7,7601236.0,2018,10,17,2,3,5,2,0,0,1,0,1,0,0,0,0
11,12,12400618.0,2018,10,19,6,3,5,2,2,0,1,0,1,0,0,0,0
11,12,12100205.0,2018,10,7,5,1,5,7,1,0,1,0,1,0,0,0,0
11,4,4300414.0,2018,10,17,2,3,5,2,0,1,1,0,0,0,0,0,0
11,11,11200513.0,2018,10,14,5,3,5,3,0,1,1,0,0,0,0,0,0
11,11,11300721.0,2018,10,19,6,3,2,6,2,0,1,0,0,0,0,0,0
11,4,4300517.0,2018,10,14,5,3,2,6,0,0,1,0,0,0,0,0,0
11,3,3601245.0,2018,10,16,2,3,5,2,0,0,1,0,0,0,1,0,0
11,1,1100206.0,2018,10,19,6,3,6,4,2,1,0,1,0,0,0,0,0
11,4,4200205.0,2018,10,14,5,3,5,7,0,0,1,0,0,0,1,0,0
11,4,4200311.0,2018,10,19,6,3,5,2,2,1,1,0,0,0,0,0,0
11,4,4501146.0,2018,10,17,2,2,5,7,0,0,1,0,1,0,0,0,0
11,1,1100104.0,2018,10,20,6,3,1,5,2,1,1,0,0,0,0,0,0
11,1,1100310.0,2018,10,14,5,3,6,7,0,1,0,1,0,0,0,0,0
11,11,11200514.0,2018,10,17,2,3,5,3,0,1,0,0,0,0,0,0,0
11,10,10400837.0,2018,10,12,5,3,2,6,0,0,1,0,1,0,0,0,0
11,5,5300838.0,2018,10,16,2,3,5,2,0,0,1,0,1,0,0,0,0
11,5,5200527.0,2018,10,11,5,3,6,2,0,0,1,1,0,0,0,0,0
11,7,7501135.0,2018,10,18,6,3,1,7,0,0,1,0,0,0,0,0,0
11,3,3300516.0,2018,10,11,5,3,5,3,0,1,0,0,0,0,1,0,0
11,3,3601244.0,2018,10,16,2,3,5,3,0,1,1,0,0,0,0,0,0
11,6,6200420.0,2018,10,2,6,3,8,1,2,0,1,0,0,0,0,0,0
11,11,11300722.0,2018,10,11,5,3,5,3,0,0,1,1,0,0,0,0,0
11,2,2200210.0,2018,10,15,6,3,5,3,0,0,1,0,1,0,0,0,0
11,11,11200411.0,2018,10,15,2,3,5,3,0,1,1,0,0,0,0,0,0
11,4,4300620.0,2018,10,15,6,3,6,4,0,0,0,1,0,0,1,0,0
11,7,7501031.0,2018,10,10,5,3,5,7,0,0,1,0,1,0,0,0,0
11,8,8100418.0,2018,10,16,2,3,6,4,0,0,1,1,0,0,0,0,0
11,4,4300518.0,2018,10,15,2,3,1,5,0,0,1,0,1,0,0,0,0
11,5,5200629.0,2018,10,15,6,3,2,6,0,0,1,0,0,0,1,0,0
11,1,1100309.0,2018,10,15,2,3,2,2,0,0,1,0,0,0,0,0,0
11,12,12500930.0,2018,10,15,6,3,2,6,0,0,1,0,0,0,0,0,0
11,4,4200311.0,2018,10,21,5,2,5,3,2,0,1,0,0,0,0,1,0
11,12,12400720.0,2018,10,15,2,3,5,3,0,1,1,0,0,0,0,0,0
11,1,1100416.0,2018,10,15,2,3,2,6,0,0,1,0,0,0,0,0,0
11,1,1100207.0,2018,10,19,5,3,2,6,2,1,0,0,0,0,0,0,0
11,2,2400522.0,2018,10,15,2,3,5,3,0,1,1,0,0,0,0,0,0
11,1,1300733.0,2018,10,15,6,3,2,6,0,1,1,0,0,0,0,0,0
11,5,5300737.0,2018,10,9,5,3,5,2,0,1,1,0,0,0,0,0,0
11,2,2500834.0,2018,10,22,2,3,6,4,2,0,0,1,1,0,0,0,0
11,4,4300414.0,2018,10,19,5,3,0,3,2,1,1,0,0,0,0,1,0
11,11,11300620.0,2018,10,15,6,3,2,6,0,0,1,0,0,0,0,0,0
11,9,9100407.0,2018,10,21,2,2,5,7,2,0,1,0,1,0,0,0,0
11,1,1100103.0,2018,10,14,6,3,5,2,0,1,0,0,0,1,0,0,0
11,11,11401136.0,2018,10,19,5,3,0,6,1,0,1,0,1,0,0,1,0
11,9,9100409.0,2018,10,15,5,3,0,3,0,0,1,0,1,0,0,0,0
11,1,1100104.0,2018,10,16,2,3,5,3,0,1,1,0,0,0,0,0,0
11,3,3601141.0,2018,10,17,5,3,5,2,0,1,1,0,0,0,0,0,0
11,2,11501238.0,2018,10,17,5,3,5,3,1,1,1,0,0,0,0,0,0
11,2,2100101.0,2018,10,20,2,3,2,6,2,0,1,0,0,0,0,0,0
11,7,7400823.0,2018,10,18,2,3,5,3,1,0,1,0,1,0,0,0,0
11,4,4300623.0,2018,10,9,5,2,6,7,0,0,1,1,0,0,0,0,0
11,12,12100103.0,2018,10,18,2,3,5,2,1,0,1,0,0,0,1,0,0
11,6,6200313.0,2018,10,8,5,3,5,2,0,1,0,0,0,0,1,0,0
11,1,1100308.0,2018,10,17,5,3,5,2,0,1,1,0,0,0,0,0,0
11,7,7300517.0,2018,10,19,2,2,5,2,2,0,1,0,1,0,0,0,0
11,2,2200207.0,2018,10,16,5,3,1,5,0,1,1,0,0,0,0,0,0
11,5,5100210.0,2018,10,21,5,2,1,7,2,1,1,0,0,0,0,0,0
11,9,9200819.0,2018,10,16,5,3,5,2,0,1,1,0,0,0,0,0,0
11,2,2100106.0,2018,10,16,2,2,6,4,0,1,0,1,0,0,0,0,0
11,12,12200414.0,2018,10,21,5,3,3,6,2,0,1,0,0,0,1,0,0
11,8,8100521.0,2018,10,16,5,3,5,3,0,0,1,0,0,0,0,0,0
11,2,2200208.0,2018,10,17,2,2,6,4,1,0,1,1,0,0,0,0,0
11,7,7200307.0,2018,10,9,5,2,5,2,0,0,1,0,0,0,1,0,0
11,3,3300411.0,2018,10,20,5,3,5,2,2,1,1,0,0,0,0,0,0
11,10,10400837.0,2018,10,15,2,3,5,3,0,1,1,0,0,0,0,0,0
11,2,2100101.0,2018,10,19,5,3,6,4,2,0,1,1,0,0,0,0,0
11,11,11501341.0,2018,10,16,5,3,5,3,0,1,1,0,0,0,0,0,0
11,8,8200833.0,2018,10,19,5,3,4,6,2,0,1,0,0,0,1,0,0
11,6,6100205.0,2018,10,8,2,2,6,4,0,0,1,1,0,0,0,0,0
11,12,12200515.0,2018,10,19,5,3,6,7,2,0,1,1,0,0,0,0,0
11,6,6200312.0,2018,10,16,5,3,2,6,0,0,1,0,0,0,0,0,0
11,7,7200307.0,2018,10,10,2,3,5,3,0,1,1,0,0,0,0,0,0
11,1,1100102.0,2018,10,8,5,3,5,3,0,0,1,0,0,0,0,0,0
11,1,1400937.0,2018,10,18,5,3,2,6,0,0,1,0,0,0,0,0,0
11,1,1400938.0,2018,11,14,5,3,2,2,0,0,1,0,0,0,0,0,0
11,7,7400927.0,2018,10,5,1,3,9,1,2,0,1,0,0,0,0,0,0
11,1,1300836.0,2018,11,13,5,3,1,5,0,1,1,0,0,0,0,0,0
11,3,3601140.0,2018,10,1,1,2,9,1,2,0,1,0,0,0,0,0,0
11,3,3701554.0,2018,11,11,5,3,5,3,0,0,1,0,1,0,0,0,0
11,12,12200309.0,2018,10,20,7,3,5,2,1,0,1,0,0,0,0,0,0
11,10,10400940.0,2018,10,8,7,3,5,3,0,1,1,0,0,0,0,0,0
11,7,7400927.0,2018,11,11,5,3,0,3,0,0,1,0,1,0,0,0,0
11,3,3400620.0,2018,10,14,7,3,5,3,0,0,1,0,0,0,0,0,0
11,1,1300733.0,2018,11,10,5,2,6,4,0,0,0,1,0,0,1,0,0
11,12,12400721.0,2018,10,1,7,2,9,1,2,0,1,0,0,0,0,1,0
11,8,8100313.0,2018,11,10,5,2,6,4,0,0,1,1,0,0,0,0,0
11,8,8100314.0,2018,10,14,7,3,1,5,0,1,1,0,0,0,0,0,0
11,4,4400729.0,2018,11,9,5,2,6,4,0,0,1,1,0,0,0,0,0
11,2,2500726.0,2018,10,13,7,3,5,3,0,0,1,0,1,0,0,0,0
11,9,9200715.0,2018,11,9,5,2,3,6,0,0,1,0,0,1,1,0,0
11,12,12200310.0,2018,10,12,7,2,5,2,0,0,1,0,1,0,0,0,0
11,4,4400833.0,2018,11,9,5,2,1,5,0,1,1,0,0,0,0,0,0
11,10,10400940.0,2018,10,11,7,2,1,5,0,1,1,0,0,0,0,0,0
11,12,12200515.0,2018,10,8,7,3,5,3,0,0,1,0,0,0,0,0,0
11,1,1100309.0,2018,11,9,5,3,5,2,0,1,1,0,0,0,0,0,0
11,10,10300734.0,2018,10,15,7,3,2,1,0,0,1,0,0,0,0,0,0
11,6,6400844.0,2018,11,9,5,3,2,6,0,0,1,0,0,0,0,0,0
11,2,2100102.0,2018,10,15,7,3,2,6,0,0,1,0,0,0,1,0,0
11,1,1100207.0,2018,11,8,5,3,3,6,0,1,1,0,0,0,0,0,0
11,4,4300416.0,2018,11,8,5,3,1,5,0,1,0,0,0,1,0,0,0
11,5,5300737.0,2018,10,15,7,3,0,1,0,0,0,0,1,0,0,0,0
11,12,12400722.0,2018,11,0,5,3,8,1,2,0,0,0,1,0,0,0,0
11,7,7100102.0,2018,10,0,7,3,2,6,2,0,1,0,1,0,0,0,0
11,10,10200629.0,2018,10,15,4,3,5,2,0,0,1,0,0,0,0,0,0
11,1,1100310.0,2018,10,23,6,2,5,2,2,0,1,0,0,0,0,0,0
11,4,4501045.0,2018,10,17,4,3,6,4,1,1,0,1,0,0,0,0,0
11,5,5100316.0,2018,10,18,6,2,5,2,2,0,0,0,1,0,0,0,0
11,1,1100308.0,2018,11,10,3,3,6,2,0,0,1,1,0,0,0,0,0
11,1,1100310.0,2018,10,16,4,3,5,3,1,1,0,0,0,0,0,0,0
11,1,1200521.0,2018,11,11,3,3,1,1,0,0,1,0,0,0,0,0,0
11,1,1100308.0,2018,10,19,4,3,1,5,2,1,1,0,0,0,1,0,0
11,11,11300618.0,2018,11,12,3,3,2,6,0,0,1,0,0,0,0,0,0
11,11,11100204.0,2018,10,18,6,3,6,2,1,0,1,1,0,0,0,0,0
11,1,1100310.0,2018,11,12,3,3,5,2,0,1,0,0,0,0,1,0,0
11,7,7601340.0,2018,10,18,4,3,6,4,2,0,0,1,1,0,0,0,0
11,6,6300633.0,2018,11,7,3,3,1,5,0,1,1,0,0,0,0,0,0
11,1,1100309.0,2018,10,17,6,3,0,3,1,1,1,0,0,0,0,0,0
11,12,12200309.0,2018,10,18,4,3,1,7,2,0,1,0,0,0,0,0,0
11,1,1100205.0,2018,10,16,4,3,0,1,1,1,0,0,0,0,0,0,0
11,6,6400844.0,2018,10,16,6,3,3,6,1,0,1,0,0,0,0,0,0
11,5,5100210.0,2018,10,16,4,3,5,3,0,0,1,0,0,0,1,0,0
11,9,9501737.0,2018,11,8,3,3,5,2,0,1,0,0,0,0,1,0,0
11,3,3501038.0,2018,10,15,4,3,5,3,1,0,1,0,0,0,1,0,0
11,11,11300721.0,2018,10,15,6,3,3,6,0,0,1,0,0,0,0,0,0
11,4,4300619.0,2018,11,13,3,3,0,1,0,0,0,0,1,0,0,0,0
11,11,11501238.0,2018,10,15,4,3,5,2,0,0,1,0,0,0,1,0,0
11,4,4400831.0,2018,11,17,3,3,5,3,2,1,1,0,0,0,0,0,0
11,4,4300624.0,2018,10,15,6,3,2,6,0,0,1,0,0,0,0,0,0
11,1,1401047.0,2018,11,10,3,2,5,2,0,1,0,0,0,1,0,0,0
11,11,11200411.0,2018,10,15,4,3,0,1,0,1,0,0,0,0,0,0,0
11,4,4400727.0,2018,11,17,3,2,5,2,2,1,1,0,0,0,0,0,0
11,12,12100103.0,2018,10,14,6,3,5,2,0,1,1,0,0,0,0,1,0
11,12,12500825.0,2018,10,14,4,3,2,6,0,0,1,0,0,0,0,0,0
11,2,7100206.0,2018,10,12,6,2,5,3,0,1,1,0,0,0,0,1,0
11,3,3601243.0,2018,11,9,3,3,6,4,0,0,1,1,0,0,0,0,0
11,6,6400844.0,2018,10,10,6,2,6,2,0,0,1,1,0,0,0,0,0
11,10,10400837.0,2018,10,10,6,3,5,3,0,0,1,0,0,0,0,0,0
11,5,5100209.0,2018,10,14,4,3,5,2,0,0,1,0,0,0,0,0,0
11,7,7300618.0,2018,10,14,4,3,6,4,0,0,1,1,0,0,0,0,0
11,1,1100101.0,2018,10,8,6,3,5,2,0,1,1,0,0,0,1,0,0
11,8,8401139.0,2018,10,14,4,3,5,2,0,1,1,0,0,0,0,0,0
11,1,1100310.0,2018,11,9,3,3,1,5,0,1,1,0,0,0,1,0,0
11,6,6200313.0,2018,10,7,6,3,1,5,0,1,1,0,0,0,0,0,0
11,7,7300619.0,2018,10,12,4,3,2,6,0,0,1,0,0,0,0,0,0
11,4,4200308.0,2018,10,6,6,3,5,3,2,1,1,0,0,0,0,0,0
11,7,7400823.0,2018,11,17,3,3,5,3,2,0,0,0,1,0,1,0,0
11,1,1200628.0,2018,10,12,4,2,5,2,0,1,1,0,0,0,0,0,0
11,2,2200210.0,2018,11,9,3,3,5,3,0,1,1,0,0,0,0,0,0
11,6,6400841.0,2018,10,19,5,3,6,7,2,0,1,1,0,0,0,1,0
11,1,1300733.0,2018,11,15,3,3,5,3,0,1,1,0,0,0,0,0,0
11,3,3200205.0,2018,10,11,4,3,1,5,0,0,1,0,0,0,0,0,0
11,1,1100312.0,2018,11,8,3,3,5,2,0,0,1,0,1,0,1,0,0
11,6,6300632.0,2018,10,13,5,3,5,2,0,1,1,0,0,0,0,1,0
11,10,10100311.0,2018,10,11,4,3,3,6,0,0,1,0,0,1,0,0,0
11,7,7100102.0,2018,10,0,5,3,6,2,2,0,1,1,0,0,0,0,0
11,9,9200512.0,2018,11,15,3,3,3,6,0,1,0,0,0,0,0,0,0
11,2,2200213.0,2018,10,19,5,3,0,2,2,0,1,0,0,0,1,0,0
11,4,4100101.0,2018,10,17,4,2,8,1,2,0,1,0,0,0,0,0,0
11,7,7601236.0,2018,11,8,3,2,5,3,0,0,1,0,1,0,0,0,0
11,5,5200528.0,2018,10,19,5,3,0,6,2,0,1,0,0,0,0,0,0
11,7,7200308.0,2018,11,0,3,2,5,3,2,0,1,0,0,0,0,0,0
11,9,9200715.0,2018,10,18,4,3,2,6,2,0,1,0,0,0,0,0,0
11,6,6200312.0,2018,11,15,3,3,6,4,0,0,1,1,0,0,0,0,0
11,5,5100317.0,2018,10,17,5,3,5,2,1,1,1,0,0,0,0,1,0
11,2,2200208.0,2018,10,17,4,3,5,3,2,1,1,0,0,0,0,0,0
11,5,5100316.0,2018,11,15,3,3,0,2,0,0,1,0,1,0,0,0,0
11,9,9100101.0,2018,10,16,5,3,5,3,0,1,1,0,0,0,0,1,0
11,8,8200726.0,2018,11,8,3,3,2,6,0,0,1,0,0,0,0,0,0
11,1,1200517.0,2018,10,16,4,3,5,7,0,0,1,0,1,0,0,0,0
11,6,6300528.0,2018,11,8,3,3,5,3,0,0,1,0,0,0,0,0,0
11,4,4501153.0,2018,10,15,5,3,3,6,0,1,1,0,0,0,0,1,0
11,12,12500930.0,2018,10,11,4,3,6,4,0,0,0,1,0,1,0,0,0
11,5,5200423.0,2018,11,7,3,3,2,2,0,0,1,0,0,0,0,0,0
11,12,12400618.0,2018,10,15,5,2,5,2,0,1,1,0,0,0,0,0,0
11,11,11400931.0,2018,10,9,4,3,2,6,0,0,1,0,0,0,0,0,0
11,1,1300834.0,2018,10,15,5,3,5,7,0,0,1,0,0,0,0,0,0
11,9,9300922.0,2018,11,7,3,3,6,4,0,0,1,1,0,0,0,0,0