LAND,BEZ,LOR_ab_2021,UJAHR,UMONAT,USTUNDE,UWOCHENTAG,UKATEGORIE,UART,UTYP1,ULICHTVERH,IstRad,IstPKW,IstFuss,IstKrad,IstGkfz,IstSonstige,USTRZUSTAND,lockdown
11,12,12400616.0,2018,10,15,5,3,5,3,0,0,1,0,0,0,0,1,0
11,5,5300737.0,2018,10,9,4,3,0,6,0,0,1,0,1,0,0,0,0
11,8,8100102.0,2018,11,7,3,3,5,3,0,1,1,0,0,0,0,0,0
11,7,7400823.0,2018,10,14,5,3,5,3,0,0,1,0,0,0,0,1,0
11,10,10300733.0,2018,11,7,3,2,5,3,0,1,1,0,0,0,0,0,0
11,1,1200624.0,2018,10,14,4,3,6,7,0,1,0,1,0,0,0,0,0
11,11,11100101.0,2018,11,6,3,3,2,6,1,1,1,0,0,0,0,0,0
11,7,7100102.0,2018,10,14,5,3,5,3,0,1,1,0,0,0,0,1,0
11,1,1100206.0,2018,10,7,4,2,0,2,0,1,1,0,0,0,0,0,0
11,11,11300724.0,2018,10,7,4,3,5,2,0,1,1,0,0,0,0,0,0
11,12,12200414.0,2018,10,14,5,3,2,6,0,0,1,0,0,0,0,1,0
11,7,7501031.0,2018,10,6,4,3,5,3,0,1,1,0,0,0,0,0,0
11,10,10300731.0,2018,11,14,3,3,0,7,0,0,0,0,0,0,1,0,0
11,1,1401048.0,2018,10,14,5,3,3,6,0,0,1,0,0,0,0,1,0
11,4,4501042.0,2018,10,19,4,3,1,6,2,1,1,0,0,0,0,0,0
11,8,8100313.0,2018,10,9,4,3,0,3,0,0,0,0,1,0,1,0,0
11,5,5100312.0,2018,10,2,4,3,1,5,2,0,1,0,0,0,1,0,0
11,1,1200520.0,2018,10,13,5,3,5,2,0,0,1,0,0,0,0,1,0
11,9,9200512.0,2018,10,18,3,3,5,2,2,0,1,0,0,0,1,1,0
11,11,11300826.0,2018,10,13,5,3,5,3,0,0,1,0,0,0,1,0,0
11,6,6400844.0,2018,11,14,3,3,1,5,0,1,0,0,0,0,1,0,0
11,8,8100207.0,2018,10,17,3,2,5,3,1,0,1,0,0,1,0,1,0
11,1,1100416.0,2018,11,17,3,3,2,6,2,0,1,0,0,0,1,0,0
11,3,3701554.0,2018,10,13,5,3,1,1,0,1,1,0,0,0,0,1,0
11,7,7601236.0,2018,11,6,2,3,5,3,2,1,1,0,0,0,0,0,0
11,8,8401139.0,2018,10,16,3,3,5,3,0,0,1,0,0,0,0,1,0
11,2,2300314.0,2018,11,23,2,3,1,5,2,1,1,0,0,0,0,0,0
11,5,5300736.0,2018,10,13,5,3,5,2,0,1,1,0,0,0,0,1,0
11,10,10100103.0,2018,10,16,3,3,5,3,1,0,1,0,1,0,0,0,0
11,7,7400826.0,2018,10,15,3,3,1,5,0,0,1,0,0,0,0,0,0
11,3,3601450.0,2018,10,13,5,3,2,6,0,0,1,0,0,0,0,1,0
11,8,8100312.0,2018,10,15,3,3,5,2,0,1,1,0,0,0,0,1,0
11,11,11501238.0,2018,11,20,2,3,6,4,2,1,0,1,0,0,0,0,0
11,4,4300518.0,2018,10,12,5,3,5,2,0,1,0,0,0,0,1,1,0
11,8,8100208.0,2018,10,15,3,3,1,5,0,1,1,0,0,0,0,1,0
11,12,12500926.0,2018,10,12,5,3,0,4,0,0,0,1,1,0,0,1,0
11,1,1100104.0,2018,11,15,2,3,6,7,0,0,1,1,0,0,0,0,0
11,1,1200628.0,2018,10,14,3,3,2,6,0,0,1,0,0,0,0,0,0
11,1,1100416.0,2018,11,19,2,3,1,5,2,1,0,0,0,0,1,0,0
11,10,10100311.0,2018,10,12,5,2,3,6,0,1,1,0,0,0,0,1,0
11,1,1300836.0,2018,11,18,2,3,2,6,1,0,1,0,0,0,0,0,0
11,4,4300622.0,2018,10,11,5,3,6,2,0,0,1,1,0,0,0,1,0
11,4,4300624.0,2018,11,9,2,3,3,6,0,0,1,0,0,0,0,0,0
11,10,10200629.0,2018,10,14,3,3,6,4,0,0,1,1,0,0,0,0,0
11,1,1100311.0,2018,11,9,2,3,3,6,0,1,1,0,0,0,0,0,0
11,1,1100206.0,2018,10,10,5,3,6,4,0,0,1,1,0,0,0,1,0
11,4,4501041.0,2018,11,9,2,3,1,5,0,1,1,0,0,0,0,0,0
11,8,8100415.0,2018,11,9,2,3,2,6,0,0,1,0,0,0,0,0,0
11,1,1401045.0,2018,10,12,5,3,3,6,0,0,1,0,0,1,0,1,0
11,9,9200716.0,2018,10,14,3,3,2,2,0,0,1,0,0,0,0,0,0
11,2,2500833.0,2018,10,12,5,3,0,1,0,1,0,0,0,0,0,1,0
11,2,2200209.0,2018,10,13,3,3,1,5,0,1,1,0,0,0,0,0,0
11,5,5100317.0,2018,11,10,2,3,2,5,0,0,1,0,0,0,0,0,0
11,7,7300517.0,2018,10,11,5,3,5,7,0,0,1,0,1,0,0,1,0
11,3,3300516.0,2018,10,13,3,3,5,1,0,0,0,0,0,0,1,0,0
11,4,4501153.0,2018,10,8,5,3,5,7,0,0,1,0,1,0,0,1,0
11,3,3601245.0,2018,11,11,2,3,1,7,0,1,1,0,0,0,0,0,0
11,3,3200207.0,2018,10,13,3,3,5,2,0,0,0,0,0,1,1,0,0
11,10,10400835.0,2018,11,11,2,3,5,3,0,0,1,0,0,0,0,0,0
11,12,12500930.0,2018,10,8,5,3,5,2,0,0,1,0,0,1,0,1,0
11,6,6200313.0,2018,10,13,3,3,2,6,0,0,1,0,0,0,0,0,0
11,1,1100309.0,2018,11,12,2,3,5,7,0,0,1,0,0,0,0,0,0
11,1,1200522.0,2018,10,8,5,3,5,2,0,1,1,0,0,0,0,1,0
11,10,10400940.0,2018,10,13,3,3,5,2,0,1,1,0,0,0,0,0,0
11,3,3400619.0,2018,10,8,5,3,5,2,0,1,0,0,0,0,1,1,0
11,12,12200412.0,2018,10,12,3,3,5,3,0,0,1,0,0,0,0,0,0
11,3,3601245.0,2018,11,14,2,3,6,4,0,0,1,1,0,0,0,0,0
11,5,5300840.0,2018,10,8,5,2,5,7,0,0,1,0,1,0,0,0,0
11,11,3601450.0,2018,10,12,3,3,5,7,0,0,1,0,0,0,1,0,0
11,4,4300619.0,2018,10,8,5,3,0,3,0,1,1,0,0,0,0,1,0
11,7,6200423.0,2018,11,14,2,3,8,1,0,0,1,0,0,0,0,0,0
11,4,4200308.0,2018,10,8,5,2,2,2,0,0,1,0,0,0,1,1,0
11,1,1200623.0,2018,10,12,3,3,5,3,0,0,1,0,0,0,0,0,0
11,1,1401048.0,2018,11,15,2,2,5,3,0,1,0,0,0,0,0,0,0
11,3,3300517.0,2018,10,8,5,3,4,1,0,0,1,0,0,0,0,1,0
11,8,8100312.0,2018,11,16,2,3,0,3,1,0,1,0,0,0,1,0,0
11,4,4501042.0,2018,10,11,3,3,5,7,0,0,1,0,1,0,0,0,0
11,6,6200312.0,2018,11,18,2,3,0,2,2,0,0,0,0,0,1,0,0
11,1,1401047.0,2018,10,7,5,3,5,2,0,1,1,0,0,0,0,1,0
11,9,9100203.0,2018,10,11,3,3,1,5,0,0,1,0,0,0,1,0,0
11,10,10100315.0,2018,10,6,5,3,6,2,1,0,1,1,0,0,0,1,0
11,9,9100407.0,2018,10,10,3,3,3,6,0,1,0,0,0,1,0,0,0
11,10,10400940.0,2018,10,6,5,3,0,3,1,0,1,0,1,0,0,1,0
11,7,7601238.0,2018,11,17,2,2,6,4,2,0,1,1,0,0,0,0,0
11,12,12100204.0,2018,10,10,3,3,3,6,0,0,1,0,0,0,1,0,0
11,7,7200307.0,2018,11,17,2,3,2,6,2,0,1,0,0,0,0,0,0
11,5,5100208.0,2018,10,6,5,3,5,2,2,0,1,0,0,0,0,1,0
11,7,7601236.0,2018,11,17,2,3,2,6,2,0,1,0,0,0,0,0,0
11,1,1100309.0,2018,11,17,2,3,3,2,2,0,1,0,1,0,0,0,0
11,3,3200206.0,2018,10,5,5,3,5,2,2,1,1,0,0,0,0,1,0
11,6,6300632.0,2018,10,10,3,3,5,3,0,1,0,0,0,1,0,0,0
11,6,6400842.0,2018,11,9,2,3,5,7,0,0,1,0,0,0,0,0,0
11,3,3300517.0,2018,10,10,5,3,0,1,0,0,0,0,1,0,0,1,0
11,2,2100105.0,2018,11,8,2,3,5,3,0,0,1,0,0,0,0,0,0
11,10,10200421.0,2018,10,10,3,3,2,6,0,0,1,0,0,0,1,0,0
11,6,6200317.0,2018,11,7,2,2,6,4,0,0,1,1,0,0,0,0,0
11,1,1100312.0,2018,10,18,4,3,1,5,0,1,1,0,0,0,0,0,0
11,9,9100408.0,2018,10,9,3,3,5,3,0,1,1,0,0,0,0,0,0
11,6,6100205.0,2018,10,9,3,3,2,6,0,0,1,0,0,0,0,0,0
11,4,4501041.0,2018,10,10,4,3,5,2,0,1,1,0,0,0,0,0,0
11,3,3100102.0,2018,10,7,3,3,5,3,0,1,0,0,1,0,0,0,0
11,12,12400723.0,2018,11,6,2,3,6,7,0,1,1,1,0,0,0,0,0
11,5,5100316.0,2018,10,16,4,3,1,5,0,0,1,0,0,0,0,0,0
11,1,1400942.0,2018,10,9,3,2,2,6,0,0,0,0,1,1,0,0,0
11,8,8100209.0,2018,10,9,4,3,5,3,0,0,1,0,1,0,0,0,0
11,12,12200515.0,2018,11,16,2,3,6,2,0,0,1,1,0,0,0,0,0
11,1,1100310.0,2018,10,8,3,3,0,5,0,1,0,0,0,0,1,1,0
11,1,1100416.0,2018,11,7,2,3,3,6,0,0,1,0,0,1,0,0,0
11,7,7100102.0,2018,10,10,4,2,6,2,0,0,1,1,0,0,0,0,0
11,8,8100521.0,2018,11,9,2,2,5,3,0,0,1,1,0,0,1,0,0
11,4,4501042.0,2018,10,7,3,3,6,4,0,0,1,1,0,0,0,0,0
11,12,12400722.0,2018,11,19,1,2,3,6,1,1,1,0,0,0,0,0,0
11,9,9501939.0,2018,10,10,4,3,2,6,0,0,1,0,0,0,0,1,0
11,8,8401243.0,2018,10,7,3,3,6,2,0,0,0,1,0,0,1,1,0
11,1,1200626.0,2018,10,7,3,3,5,3,0,0,1,0,1,0,0,1,0
11,12,12200412.0,2018,10,10,4,3,3,2,0,1,0,0,0,0,1,1,0
11,4,4300620.0,2018,10,6,3,3,0,5,2,0,1,0,1,0,0,1,0
11,2,2500834.0,2018,11,17,1,3,3,6,1,0,1,0,0,0,0,0,0
11,4,4501146.0,2018,10,23,3,3,5,3,2,0,1,0,0,0,0,1,0
11,8,8100102.0,2018,11,17,1,2,6,4,1,0,1,1,0,0,0,0,0
11,3,3200310.0,2018,10,18,4,3,5,2,1,1,1,0,0,0,0,0,0
11,9,9200510.0,2018,10,6,3,3,5,3,1,1,1,0,0,0,0,1,0
11,3,3701554.0,2018,10,8,3,3,3,6,0,1,1,0,0,0,0,1,0
11,3,3500933.0,2018,10,21,3,3,4,6,2,0,1,0,0,0,1,0,0
11,7,7501032.0,2018,11,16,1,3,5,2,0,0,1,0,0,0,1,0,0
11,11,11401032.0,2018,10,20,3,3,6,7,1,0,1,1,0,0,0,0,0
11,11,11100204.0,2018,10,18,4,3,2,6,1,0,1,0,0,0,0,0,0
11,2,2400522.0,2018,11,14,1,2,5,3,0,1,1,0,0,0,0,0,0
11,7,7601341.0,2018,10,19,3,3,2,6,2,0,1,0,0,0,0,1,0
11,8,8100419.0,2018,11,13,1,3,5,3,0,1,1,0,0,0,0,0,0
11,1,1300730.0,2018,10,18,4,2,5,3,1,0,1,0,1,0,0,0,0
11,6,6400843.0,2018,11,11,1,2,1,5,0,0,1,0,0,0,0,0,0
11,4,4501042.0,2018,10,19,3,3,5,7,2,0,1,0,0,0,0,1,0
11,1,1100308.0,2018,11,17,1,3,9,1,1,0,0,0,1,0,0,0,0
11,4,4501043.0,2018,10,18,4,2,6,4,1,0,1,1,0,0,0,0,0
11,1,1100312.0,2018,10,19,3,3,5,7,2,1,1,0,0,0,0,1,0
11,7,7601238.0,2018,10,18,4,3,1,5,1,1,1,0,0,0,1,0,0
11,2,2200210.0,2018,11,6,1,3,9,1,1,0,1,0,0,0,0,1,0
11,1,1401043.0,2018,10,17,4,3,6,2,0,0,1,1,0,0,0,0,0
11,2,2200211.0,2018,10,19,3,3,0,4,2,1,0,1,0,0,0,1,0
11,7,7501029.0,2018,10,17,4,3,2,6,0,0,1,0,0,0,1,0,0
11,1,1100313.0,2018,11,4,1,3,0,1,2,1,0,0,0,0,0,0,0
11,4,4300416.0,2018,10,17,4,3,2,6,0,0,1,0,0,0,0,0,0
11,6,6200313.0,2018,10,19,3,3,1,7,2,0,1,0,0,0,1,1,0
11,3,3400620.0,2018,10,16,4,3,5,3,0,1,1,0,0,0,0,0,0
11,12,12500929.0,2018,11,3,1,3,9,1,2,0,1,0,0,0,0,0,0
11,6,6100103.0,2018,10,18,3,2,6,4,2,1,0,1,0,0,0,1,0
11,3,3601141.0,2018,11,15,7,3,2,6,0,0,1,0,0,0,0,0,0
11,11,11300721.0,2018,10,15,4,3,5,7,0,0,1,0,0,0,0,0,0
11,4,4300619.0,2018,11,20,7,2,5,3,2,0,1,0,1,0,0,0,0
11,2,2500833.0,2018,10,18,3,3,5,2,2,0,1,0,0,0,0,1,0
11,2,2100104.0,2018,11,15,7,3,5,3,0,0,1,0,1,0,0,0,0
11,3,3400721.0,2018,10,14,4,3,2,6,0,0,1,0,0,0,0,0,0
11,4,4501045.0,2018,10,17,3,3,5,2,2,1,1,0,0,0,0,1,0
11,11,11300617.0,2018,10,14,4,3,3,6,0,0,1,0,0,1,0,0,0
11,2,2500727.0,2018,11,14,7,2,0,1,0,1,0,0,0,0,0,0,0
11,4,4501041.0,2018,10,14,4,2,6,4,0,0,1,1,0,0,0,0,0
11,4,4400728.0,2018,10,18,3,3,2,6,2,1,1,0,0,0,0,1,0
11,1,1100102.0,2018,11,13,7,3,5,3,0,1,1,0,0,0,0,0,0
11,4,4300624.0,2018,10,13,4,3,6,7,0,0,1,1,0,0,0,0,0
11,4,4300623.0,2018,11,13,7,3,5,7,0,1,1,0,0,0,0,0,0
11,5,5100316.0,2018,10,18,3,3,5,3,2,0,1,0,0,0,0,1,0
11,6,6400841.0,2018,11,11,7,3,5,3,0,1,1,0,0,0,0,0,0
11,5,5100101.0,2018,10,13,4,3,5,3,0,1,1,0,0,0,0,0,0
11,3,3200207.0,2018,10,10,3,2,5,2,0,0,1,0,1,0,0,0,0
11,2,2300316.0,2018,10,12,4,2,6,2,0,0,1,1,0,0,0,0,0
11,1,1300835.0,2018,10,18,3,3,2,6,0,0,1,0,0,0,0,1,0
11,1,1100205.0,2018,11,11,7,3,5,2,0,1,1,0,0,0,0,0,0
11,1,1100309.0,2018,10,12,4,3,5,2,0,1,1,0,0,0,0,0,0
11,2,2300314.0,2018,10,18,3,3,5,3,2,1,1,0,0,0,0,0,0
11,2,2100101.0,2018,11,10,7,3,5,2,0,1,1,0,0,0,0,0,0
11,12,12400723.0,2018,10,12,4,3,6,7,0,1,0,1,0,0,0,0,0
11,1,1400942.0,2018,10,18,3,3,6,4,2,0,1,1,0,0,0,1,0
11,1,1400942.0,2018,10,12,4,3,6,4,0,0,1,1,0,0,0,0,0
11,1,1300732.0,2018,11,8,7,3,1,5,0,0,1,0,0,0,1,0,0
11,7,7100205.0,2018,10,10,4,3,3,6,0,0,1,0,1,0,0,1,0
11,5,5200630.0,2018,10,12,3,3,2,6,0,0,1,0,1,0,0,0,0
11,1,1401048.0,2018,11,12,7,3,5,7,0,1,0,0,0,0,1,0,0
11,10,10400837.0,2018,10,11,4,3,5,3,0,0,1,0,0,0,1,1,0
11,6,6200315.0,2018,11,12,6,3,0,7,0,0,0,0,0,0,1,0,0
11,11,11300826.0,2018,10,5,3,3,6,2,2,0,1,1,0,0,0,1,0
11,8,8100103.0,2018,11,17,6,2,5,2,0,0,1,0,1,0,0,0,0
11,2,2400624.0,2018,10,11,4,2,1,5,0,0,1,0,1,0,0,0,0
11,6,6400843.0,2018,10,10,3,3,2,6,0,0,1,0,0,0,0,0,0
11,3,3200308.0,2018,10,8,3,3,5,3,0,0,1,0,0,0,1,1,0
11,6,6300528.0,2018,10,8,4,3,0,3,0,0,0,0,1,1,0,1,0
11,8,8100417.0,2018,10,7,3,3,0,4,0,1,0,1,0,0,0,1,0
11,2,2200210.0,2018,11,20,6,3,2,6,2,0,1,0,0,0,0,0,0
11,5,5100209.0,2018,10,7,4,3,6,2,0,0,1,1,0,0,0,1,0
11,1,1300730.0,2018,10,14,3,3,5,2,0,1,0,0,0,1,0,0,0
11,5,5300737.0,2018,10,7,4,3,6,2,1,0,1,1,0,0,0,1,0
11,4,4300623.0,2018,11,17,6,3,5,2,2,0,1,0,0,0,0,0,0
11,1,1401046.0,2018,10,12,3,3,2,6,0,0,1,0,0,0,0,0,0
11,2,2400625.0,2018,11,22,6,3,2,6,2,0,1,0,0,0,0,0,0
11,6,6300629.0,2018,10,16,2,3,1,5,0,1,1,0,0,0,0,0,0
11,8,8200730.0,2018,10,6,4,3,6,2,2,0,1,1,0,0,0,1,0
11,2,2200208.0,2018,11,19,6,2,6,4,1,0,1,1,0,0,0,0,0
11,10,10400835.0,2018,10,5,2,3,5,2,2,1,1,0,0,0,0,0,0
11,7,7501031.0,2018,11,16,6,3,5,2,0,0,1,0,0,0,0,0,0
11,10,10400835.0,2018,10,5,4,2,5,3,2,1,1,0,0,0,0,1,0
11,1,1200522.0,2018,11,15,6,3,2,6,0,0,1,0,0,0,0,0,0
11,9,9502043.0,2018,10,17,2,3,6,2,2,0,1,1,0,0,0,1,0
11,6,6100209.0,2018,11,15,6,3,5,2,0,1,1,0,0,0,0,0,0
11,11,11300721.0,2018,10,4,4,3,5,2,2,0,1,0,0,0,0,1,0
11,1,1401045.0,2018,10,21,2,3,6,4,2,0,1,1,0,0,0,0,0
11,1,1100309.0,2018,10,20,2,3,0,5,2,1,1,0,0,0,0,1,0
11,8,8100419.0,2018,10,9,3,3,5,3,0,1,0,0,0,0,0,0,0
11,2,2200209.0,2018,10,20,2,3,1,5,2,0,1,0,0,0,0,1,0
11,1,1401047.0,2018,11,15,6,3,5,3,0,0,1,0,0,0,0,0,0
11,9,9200715.0,2018,10,20,3,3,5,2,2,1,1,0,0,0,0,1,0
11,2,2300417.0,2018,10,18,2,3,5,3,1,0,1,0,0,0,0,1,0
11,3,3500934.0,2018,10,20,3,3,5,7,2,1,1,0,0,0,0,1,0
11,8,8200624.0,2018,11,14,6,3,2,6,0,0,1,0,0,0,0,0,0
11,9,9501737.0,2018,10,18,2,2,5,2,2,0,1,0,0,0,1,1,0
11,1,1400938.0,2018,11,14,6,3,2,6,0,0,1,0,0,0,0,0,0
11,1,1200521.0,2018,10,22,3,3,5,7,2,0,1,0,1,0,0,1,0
11,1,1200628.0,2018,11,19,6,3,5,3,2,0,1,0,0,0,0,0,0
11,1,1200626.0,2018,10,18,2,3,3,6,1,0,1,0,0,1,0,1,0
11,7,7100206.0,2018,11,9,6,3,0,2,0,1,0,0,1,0,0,0,0
11,9,9200511.0,2018,10,22,3,3,5,3,2,0,1,0,0,0,0,1,0
11,12,12400723.0,2018,10,21,3,3,2,6,2,0,1,0,0,0,0,1,0
11,4,4300518.0,2018,11,8,6,3,2,6,0,0,1,0,1,0,0,0,0
11,9,9100407.0,2018,11,8,6,3,5,3,0,1,1,0,0,0,0,0,0
11,12,12400722.0,2018,10,20,3,3,8,1,2,0,1,0,0,0,0,1,0
11,6,6100101.0,2018,10,18,2,3,2,6,1,0,1,0,0,0,0,1,0
11,11,11100308.0,2018,10,20,3,3,6,2,2,0,1,1,0,0,0,1,0
11,1,1300836.0,2018,10,18,2,3,0,5,1,0,1,0,1,0,0,1,0
11,9,9100407.0,2018,11,3,6,3,9,1,2,0,1,0,0,0,0,1,0
11,7,7501029.0,2018,10,19,3,3,5,7,2,0,1,0,0,0,0,1,0
11,3,3300516.0,2018,10,17,2,3,2,6,1,0,1,0,0,0,0,1,0
11,7,7601545.0,2018,10,18,3,3,6,2,2,0,1,1,0,0,0,1,0
11,8,8301037.0,2018,11,13,6,3,5,3,0,1,1,0,0,0,0,0,0
11,1,1401046.0,2018,10,17,2,3,5,7,1,0,1,0,1,0,0,1,0
11,4,4501045.0,2018,11,12,6,2,2,6,0,0,1,0,0,0,0,0,0
11,12,12100103.0,2018,10,18,3,2,6,4,2,0,1,1,0,0,0,1,0
11,3,3400620.0,2018,10,16,2,3,2,6,2,0,1,0,0,0,0,1,0
11,5,5100206.0,2018,11,11,6,3,5,7,0,1,1,0,0,0,0,0,0
11,4,4400835.0,2018,10,18,3,3,5,2,2,1,1,0,0,0,0,1,0
11,3,3601244.0,2018,10,14,2,2,6,4,0,0,1,1,0,0,0,0,0
11,4,4400832.0,2018,10,18,3,3,6,2,2,0,1,1,0,0,0,1,0
11,6,6100101.0,2018,11,10,6,3,6,2,0,0,0,1,0,0,1,0,0
11,1,1100311.0,2018,10,17,3,3,5,2,1,1,1,0,0,0,0,1,0
11,5,5300839.0,2018,10,14,2,2,5,3,0,1,1,0,0,0,0,0,0
11,9,9200715.0,2018,11,10,6,2,5,2,0,0,1,0,0,0,0,0,0
11,1,1300733.0,2018,10,16,3,3,6,4,1,0,1,1,0,0,0,1,0
11,8,8100521.0,2018,10,14,2,3,5,3,0,1,1,0,0,0,0,0,0
11,1,1100207.0,2018,10,16,3,3,5,3,2,0,1,0,0,0,0,1,0
11,8,8100415.0,2018,11,20,6,3,0,2,2,0,0,1,0,0,1,0,0
11,6,6200312.0,2018,10,16,3,3,5,3,0,0,1,0,1,0,0,1,0
11,4,4100102.0,2018,10,13,2,2,2,6,0,0,1,0,1,0,0,0,0
11,4,4300621.0,2018,11,9,6,3,2,2,0,0,1,0,0,0,0,0,0
11,2,2500729.0,2018,10,14,3,3,2,6,0,1,0,0,0,0,0,1,0
11,1,1100102.0,2018,11,9,6,3,2,6,0,0,1,0,0,0,0,0,0
11,3,3601244.0,2018,10,13,2,3,5,3,0,0,1,0,1,0,0,0,0
11,2,2300314.0,2018,11,8,6,3,2,6,0,1,1,0,0,0,0,0,0
11,7,7400823.0,2018,10,11,3,3,0,1,0,0,0,0,1,0,0,1,0
11,1,1100102.0,2018,10,12,2,3,2,6,0,0,1,0,0,0,1,0,0
11,8,8200623.0,2018,10,15,3,2,2,6,0,0,1,0,0,0,0,1,0
11,4,4400727.0,2018,10,9,2,3,5,3,0,0,1,0,0,0,0,0,0
11,1,1401049.0,2018,10,15,3,3,1,5,0,0,1,0,0,0,1,1,0
11,6,6100208.0,2018,11,23,5,3,1,1,2,0,1,0,0,0,1,0,0
11,7,7601238.0,2018,10,14,3,3,5,3,0,1,1,0,0,0,0,1,0
11,9,9300920.0,2018,10,21,2,2,8,1,2,0,1,0,0,0,0,1,0
11,2,2500834.0,2018,11,23,5,3,6,7,2,1,0,1,0,0,0,0,0
11,10,10300733.0,2018,10,14,3,3,5,3,0,0,1,0,1,0,0,1,0
11,2,2500830.0,2018,11,22,5,3,5,3,2,1,0,0,0,0,1,0,0
11,2,2500830.0,2018,10,17,2,3,0,1,1,1,0,0,0,0,0,1,0
11,1,1100207.0,2018,11,19,5,3,1,5,2,1,1,0,0,0,0,0,0
11,4,4400729.0,2018,10,14,3,3,1,3,0,0,1,0,0,0,0,1,0
11,2,2500833.0,2018,10,8,2,3,5,3,0,0,1,0,1,0,0,0,0
11,10,10400938.0,2018,10,6,2,2,5,3,1,0,1,0,1,0,0,0,0
11,4,4501042.0,2018,11,19,5,3,5,3,2,0,1,0,0,0,0,0,0
11,9,9401329.0,2018,10,2,2,2,7,7,2,0,1,0,0,0,0,1,0
11,1,1100205.0,2018,11,18,5,2,5,3,2,0,1,0,1,0,0,0,0
11,11,11200411.0,2018,10,13,3,3,5,3,0,0,0,0,0,0,1,1,0
11,8,8200622.0,2018,10,19,1,3,5,7,1,0,1,0,1,0,0,1,0
11,1,1401047.0,2018,10,17,1,3,1,5,1,1,1,0,0,0,0,0,0
11,7,7601341.0,2018,10,13,3,3,8,1,0,0,1,0,0,0,0,1,0
11,6,6400737.0,2018,10,17,1,2,6,4,1,0,0,1,0,0,1,1,0
11,4,4501041.0,2018,11,18,5,3,0,3,2,0,1,0,0,0,1,0,0
11,8,8100104.0,2018,10,13,3,3,1,5,0,0,1,0,0,0,0,1,0
11,8,8100312.0,2018,10,17,1,3,5,3,1,0,1,0,1,0,0,0,0
11,2,2400521.0,2018,10,13,3,2,3,1,0,1,1,0,0,0,0,1,0
11,6,6100102.0,2018,11,17,5,3,2,2,2,0,1,1,0,0,0,0,0
11,1,1100205.0,2018,10,14,1,3,1,5,0,1,0,0,0,0,1,0,0
11,11,11300617.0,2018,11,17,5,2,5,3,2,1,0,0,0,0,1,0,0
11,10,10300731.0,2018,10,13,3,2,0,2,0,1,1,0,0,0,0,1,0
11,4,4300416.0,2018,11,16,5,3,2,6,1,0,1,0,0,0,0,0,0
11,8,8401242.0,2018,10,12,1,2,3,6,0,1,1,0,0,0,0,0,0
11,3,3300517.0,2018,11,16,5,3,5,3,1,0,1,0,0,0,0,0,0
11,8,8401242.0,2018,10,13,3,2,0,6,0,0,1,0,1,0,0,1,0
11,1,1200628.0,2018,10,21,1,2,5,3,2,0,1,0,0,0,0,1,0
11,4,4501040.0,2018,10,21,1,2,6,2,2,0,1,1,0,0,0,1,0
11,12,12400722.0,2018,10,12,3,3,4,6,0,0,1,0,0,0,1,1,0
11,3,3500934.0,2018,10,18,1,3,2,2,1,0,1,0,0,0,0,0,0
11,7,7400825.0,2018,11,8,5,3,5,3,0,0,1,0,0,0,0,0,0
11,12,12200309.0,2018,10,12,3,3,3,6,0,0,1,0,0,0,0,1,0
11,1,1100309.0,2018,10,16,1,3,0,1,0,1,0,0,0,0,0,0,0
11,3,3601140.0,2018,10,11,3,2,0,7,0,0,1,0,0,0,0,1,0
11,1,1100308.0,2018,11,16,5,3,0,1,0,1,0,0,0,0,0,0,0
11,1,1100308.0,2018,10,11,3,3,1,5,0,1,1,0,0,0,0,1,0
11,7,7601238.0,2018,10,11,1,3,8,1,0,0,1,0,0,0,0,0,0
11,9,9200715.0,2018,11,16,5,3,2,6,0,0,1,0,0,0,0,0,0
11,4,4501146.0,2018,10,10,3,3,2,2,0,1,1,0,0,0,0,1,0
11,12,12601134.0,2018,10,10,1,3,7,7,0,0,0,0,0,0,1,0,0
11,6,6200421.0,2018,10,9,3,3,2,6,0,0,1,0,0,0,0,1,0
11,3,3400826.0,2018,11,15,5,2,5,7,0,0,1,0,1,0,0,0,0
11,1,1100313.0,2018,10,10,1,3,5,3,0,1,1,0,0,0,0,0,0
11,7,7100102.0,2018,11,15,5,3,1,5,0,0,1,0,0,0,0,0,0
11,4,4400727.0,2018,10,9,3,3,5,3,0,0,0,0,1,0,0,1,0
11,8,8100207.0,2018,11,14,5,3,5,2,0,1,0,0,0,0,1,0,0
11,2,2100103.0,2018,10,1,1,3,5,3,2,0,1,0,0,0,0,0,0
11,7,7601442.0,2018,11,13,5,3,5,2,0,0,1,0,0,0,0,0,0
11,11,11300620.0,2018,10,8,3,3,2,6,0,0,1,0,0,0,0,0,0
11,8,8100310.0,2018,10,0,1,3,6,4,2,0,1,1,0,0,0,0,0
11,10,10400835.0,2018,10,7,3,3,5,3,1,1,1,0,0,0,0,1,0
11,10,10400938.0,2018,11,9,5,3,1,5,0,0,1,0,0,0,1,0,0