LAND,BEZ,LOR_ab_2021,UJAHR,UMONAT,USTUNDE,UWOCHENTAG,UKATEGORIE,UART,UTYP1,ULICHTVERH,IstRad,IstPKW,IstFuss,IstKrad,IstGkfz,IstSonstige,USTRZUSTAND,lockdown
11,4,4300622.0,2018,11,17,7,3,6,4,2,0,0,1,1,0,0,0,0
11,4,4501152.0,2018,11,19,3,3,2,6,2,0,1,0,0,0,0,1,0
11,8,8200727.0,2018,11,16,7,3,5,7,1,0,1,0,1,0,0,0,0
11,6,6200421.0,2018,11,15,3,3,2,5,0,0,1,0,0,0,1,1,0
11,9,9300923.0,2018,11,15,7,3,6,4,0,0,1,1,0,0,0,0,0
11,3,3601245.0,2018,11,9,2,3,5,3,0,0,0,0,1,0,1,0,0
11,8,8100419.0,2018,11,15,7,3,5,2,0,0,1,0,1,0,0,0,0
11,5,5300736.0,2018,11,5,2,3,2,6,2,0,1,0,0,0,0,1,0
11,1,1100101.0,2018,11,14,7,3,0,1,0,1,0,0,0,0,0,0,0
11,5,5100105.0,2018,11,16,3,3,5,3,1,1,1,0,0,0,0,1,0
11,3,3400725.0,2018,11,13,7,3,2,6,0,0,1,0,1,0,0,0,0
11,7,7601339.0,2018,11,8,3,3,2,6,0,0,1,0,0,0,0,1,0
11,3,3400725.0,2018,11,13,7,3,5,3,0,1,1,0,0,0,0,0,0
11,12,12200515.0,2018,11,12,7,3,2,6,0,0,1,0,0,0,0,0,0
11,10,10100206.0,2018,11,14,3,3,2,6,0,0,1,0,1,0,0,1,0
11,1,1400941.0,2018,11,12,7,3,5,3,0,0,1,0,0,0,0,0,0
11,5,5100312.0,2018,11,17,1,2,0,1,1,0,0,0,1,0,0,1,0
11,2,2300314.0,2018,11,17,1,2,0,5,2,0,1,0,1,0,0,1,0
11,12,12200414.0,2018,11,11,7,3,5,3,0,1,1,0,0,0,0,0,0
11,7,7100101.0,2018,11,20,1,3,0,7,2,1,0,0,0,0,0,0,0
11,12,12100204.0,2018,11,7,7,3,5,3,0,0,1,0,0,0,0,0,0
11,3,3400830.0,2018,11,10,7,3,5,3,0,1,1,0,0,0,0,0,0
11,8,8100417.0,2018,11,12,3,2,2,6,0,0,1,0,0,0,0,1,0
11,8,8100520.0,2018,11,11,7,3,0,3,0,1,1,0,0,0,0,0,0
11,9,9301025.0,2018,11,11,7,3,5,2,0,0,1,0,0,0,1,1,0
11,2,2400521.0,2018,11,8,3,3,5,2,0,1,1,0,0,0,0,1,0
11,1,1100102.0,2018,11,11,7,3,2,6,0,0,1,0,0,0,0,0,0
11,2,2100102.0,2018,11,21,7,3,5,3,2,0,1,0,0,0,0,0,0
11,6,6400840.0,2018,11,18,6,3,2,7,2,0,1,0,1,0,0,0,0
11,3,3300411.0,2018,11,7,6,3,5,3,0,0,1,0,0,0,0,0,0
11,1,7100102.0,2018,11,7,6,3,0,2,0,1,0,0,0,0,1,1,0
11,4,4300416.0,2018,11,13,6,3,1,5,0,1,1,0,0,0,0,0,0
11,2,2200210.0,2018,11,9,3,3,5,3,0,1,1,0,0,0,0,1,0
11,1,1200520.0,2018,11,21,6,3,3,6,2,0,1,0,1,0,0,0,0
11,9,9501939.0,2018,11,19,6,3,4,2,2,1,1,0,0,0,0,0,0
11,4,4500937.0,2018,11,0,2,3,2,6,2,0,1,0,0,0,0,1,0
11,2,2200208.0,2018,11,8,6,3,0,2,0,1,0,0,0,0,1,1,0
11,8,8200730.0,2018,11,18,6,2,1,5,2,0,1,0,0,0,0,0,0
11,4,4400832.0,2018,11,9,6,3,6,4,0,0,1,1,0,0,0,1,0
11,1,1100206.0,2018,11,7,3,3,6,4,2,0,1,1,0,0,0,1,0
11,2,2400521.0,2018,11,9,6,3,0,1,0,1,0,0,0,0,0,1,0
11,1,1100207.0,2018,11,15,6,3,5,3,0,0,1,0,0,0,0,0,0
11,7,7601236.0,2018,11,7,3,3,5,3,0,0,1,0,1,0,0,1,0
11,4,4501153.0,2018,11,9,6,3,5,3,0,1,1,0,0,0,0,1,0
11,7,7601544.0,2018,11,15,6,3,8,1,0,0,1,0,0,0,0,0,0
11,3,3500934.0,2018,11,18,2,2,6,4,2,0,1,1,0,0,0,0,0
11,6,6200420.0,2018,11,8,6,3,2,6,0,0,1,0,0,1,0,1,0
11,1,1100415.0,2018,11,15,2,3,0,5,0,1,1,0,0,0,0,0,0
11,11,11300721.0,2018,11,17,1,2,3,6,1,0,1,0,0,1,0,1,0
11,8,8300934.0,2018,11,15,6,3,6,7,0,0,1,1,0,0,0,0,0
11,7,7601339.0,2018,11,18,3,3,5,3,2,1,1,0,0,0,0,1,0
11,4,4200310.0,2018,11,8,6,3,5,3,0,0,1,0,0,0,0,1,0
11,4,4300517.0,2018,11,14,3,3,2,6,0,0,1,0,0,0,0,1,0
11,11,11400929.0,2018,11,15,6,3,5,3,0,0,1,0,0,0,0,0,0
11,11,11400929.0,2018,11,17,1,3,5,3,1,0,1,0,0,0,0,1,0
11,8,8100208.0,2018,11,17,1,3,5,3,1,0,1,0,0,0,0,1,0
11,6,6400838.0,2018,11,8,6,3,5,2,0,0,1,0,0,0,0,1,0
11,7,7400720.0,2018,11,13,2,3,3,6,0,0,1,0,0,0,0,0,0
11,3,3500935.0,2018,11,8,6,3,1,5,0,1,1,0,0,0,0,1,0
11,4,4400728.0,2018,11,11,2,2,5,2,0,0,1,0,1,0,0,1,0
11,2,2200211.0,2018,11,18,1,2,6,4,2,0,1,1,0,0,0,1,0
11,11,11400929.0,2018,11,14,6,3,5,3,0,0,1,0,0,0,0,0,0
11,9,9301126.0,2018,11,7,2,2,0,1,0,1,0,0,0,0,0,1,0
11,2,2100106.0,2018,11,14,6,3,6,4,0,0,1,1,0,0,0,0,0
11,12,12200309.0,2018,11,14,3,3,8,1,0,0,1,0,0,0,0,1,0
11,7,7300517.0,2018,11,8,6,3,6,2,0,0,1,1,0,0,0,1,0
11,3,3400724.0,2018,11,13,3,3,2,6,0,0,1,0,0,0,0,1,0
11,8,8100312.0,2018,11,14,6,3,6,4,0,0,1,1,0,0,0,0,0
11,1,1401047.0,2018,11,17,1,2,1,5,2,0,1,0,1,0,0,1,0
11,11,11401136.0,2018,11,6,6,3,2,6,0,0,1,0,0,1,0,1,0
11,4,4100101.0,2018,11,21,1,3,2,6,2,0,1,0,1,0,0,1,0
11,1,1100206.0,2018,11,5,6,3,5,3,2,0,1,0,0,0,1,1,0
11,4,4200311.0,2018,11,13,6,3,5,7,0,0,1,0,0,0,0,0,0
11,5,5100206.0,2018,11,12,3,2,5,7,0,0,1,0,0,0,0,1,0
11,4,4300622.0,2018,11,7,6,3,1,5,1,1,1,0,0,0,0,1,0
11,4,4500936.0,2018,11,13,6,3,2,6,0,1,1,0,0,0,0,0,0
11,8,8200623.0,2018,11,14,3,3,0,4,0,1,0,1,0,0,0,1,0
11,4,4501041.0,2018,11,1,6,3,0,1,2,1,0,0,0,0,0,0,0
11,5,5200630.0,2018,11,12,6,3,4,6,0,1,0,0,0,0,0,0,0
11,3,3300516.0,2018,11,12,3,3,0,7,0,0,1,0,0,0,0,1,0
11,1,1401048.0,2018,11,5,6,3,2,6,1,0,1,0,1,0,0,1,0
11,5,5200629.0,2018,11,8,3,2,6,2,0,0,1,1,0,0,0,1,0
11,4,4500939.0,2018,11,12,6,3,5,2,0,0,1,0,0,0,1,1,0
11,4,4400728.0,2018,11,12,6,3,5,2,0,0,1,0,0,0,0,1,0
11,8,8100208.0,2018,11,11,6,3,5,3,0,0,1,0,0,0,0,0,0
11,9,9200715.0,2018,11,11,6,3,5,2,0,0,1,0,0,0,0,0,0
11,6,6400839.0,2018,11,7,3,3,6,4,0,0,1,1,0,0,0,1,0
11,3,3601453.0,2018,11,10,6,3,5,3,0,0,1,0,0,0,0,0,0
11,2,2200207.0,2018,11,13,6,3,0,7,0,0,1,0,0,0,0,0,0
11,8,8100102.0,2018,11,15,1,3,0,1,0,0,1,0,0,0,0,1,0
11,7,7100102.0,2018,11,19,1,3,8,1,2,0,1,0,0,0,0,1,0
11,5,5300737.0,2018,11,19,2,3,5,2,1,0,1,0,0,0,0,0,0
11,1,1300733.0,2018,11,18,6,3,2,6,2,0,1,0,0,0,0,0,0
11,5,5100316.0,2018,11,16,2,3,5,2,1,1,1,0,0,0,0,0,0
11,1,1300733.0,2018,11,17,6,3,3,6,2,1,1,0,0,0,0,0,0
11,10,10100311.0,2018,11,17,6,3,2,6,2,0,1,0,0,0,0,0,0
11,1,1100104.0,2018,11,17,3,3,3,6,2,1,0,0,0,0,1,0,0
11,2,2400521.0,2018,11,7,3,3,5,2,0,0,1,0,1,0,0,1,0
11,8,8100105.0,2018,11,8,6,3,0,2,0,1,1,0,0,0,0,0,0
11,7,7300619.0,2018,11,18,5,3,1,5,2,1,1,0,0,0,0,0,0
11,1,1401049.0,2018,11,15,1,3,1,1,0,0,1,0,1,0,0,1,0
11,7,7400927.0,2018,11,12,2,3,5,3,0,0,1,0,0,0,1,0,0
11,11,11100309.0,2018,11,22,5,3,5,3,2,0,1,0,0,0,1,0,0
11,6,6100102.0,2018,11,14,2,3,2,6,0,0,1,0,0,0,0,0,0
11,12,12100101.0,2018,11,17,1,3,5,2,2,0,1,0,0,0,0,1,0
11,8,8100102.0,2018,11,21,5,3,1,5,2,1,1,0,0,0,0,0,0
11,6,6200313.0,2018,11,17,3,2,6,4,2,0,1,1,0,0,0,1,0
11,4,4100101.0,2018,11,19,5,3,2,6,2,0,1,0,1,0,0,0,0
11,1,1300733.0,2018,11,13,1,3,5,3,0,0,1,0,0,0,0,1,0
11,7,7501031.0,2018,11,14,3,3,5,3,0,0,1,0,0,0,0,1,0
11,8,8100417.0,2018,11,19,5,2,6,4,2,0,1,1,0,0,0,0,0
11,8,8100313.0,2018,11,19,5,3,0,1,2,1,0,0,0,0,0,0,0
11,2,2200209.0,2018,11,15,3,3,5,2,0,0,1,0,0,0,0,1,0
11,2,2100102.0,2018,11,14,5,3,3,6,0,0,1,0,1,0,0,0,0
11,2,2500831.0,2018,11,13,1,3,5,2,0,1,1,0,0,0,0,1,0
11,4,4300414.0,2018,11,10,2,3,5,7,0,1,1,0,0,0,0,0,0
11,8,8401243.0,2018,11,13,5,2,6,4,0,1,0,1,0,0,0,0,0
11,6,6200420.0,2018,11,6,2,3,5,2,1,0,1,0,0,0,0,1,0
11,9,9300920.0,2018,11,12,5,2,6,4,0,0,0,1,1,0,0,0,0
11,1,1200522.0,2018,11,16,3,3,5,3,1,0,1,0,0,0,0,1,0
11,1,1100207.0,2018,11,19,5,2,3,6,1,0,1,0,1,0,0,0,0
11,12,12200515.0,2018,11,13,1,3,5,3,0,0,1,0,0,0,0,1,0
11,2,2200208.0,2018,11,9,3,3,5,2,0,1,1,0,0,0,0,1,0
11,7,7200307.0,2018,11,19,5,3,5,7,2,1,1,0,0,0,0,0,0
11,4,4400728.0,2018,11,11,1,3,5,3,0,0,1,0,0,0,0,1,0
11,4,4501043.0,2018,11,10,5,3,6,4,0,1,0,1,0,0,0,0,0
11,3,3601453.0,2018,11,18,5,3,1,5,2,1,1,0,0,0,0,0,0
11,3,3400724.0,2018,11,19,1,3,0,6,2,0,1,0,1,0,0,0,0
11,3,3601141.0,2018,11,10,5,3,5,3,0,1,1,0,0,0,0,0,0
11,2,2500727.0,2018,11,18,5,3,2,6,2,0,1,0,0,0,0,0,0
11,7,7200409.0,2018,11,12,3,3,2,6,0,0,1,0,0,0,0,1,0
11,5,5400942.0,2018,11,9,5,3,5,2,0,1,1,0,0,0,0,0,0
11,5,5300737.0,2018,11,8,5,3,3,6,0,0,1,0,1,0,1,0,0
11,5,5100316.0,2018,11,9,1,2,6,2,0,0,1,1,0,0,0,1,0
11,1,1400938.0,2018,11,8,3,3,2,6,0,0,1,0,1,0,0,1,0
11,1,1200520.0,2018,11,8,5,3,0,2,0,1,1,0,0,0,0,0,0
11,1,1401045.0,2018,11,18,5,3,2,6,2,0,1,0,0,0,0,0,0
11,5,5200528.0,2018,11,8,5,3,2,6,0,0,1,0,0,0,1,0,0
11,4,4501148.0,2018,11,7,5,2,5,2,0,0,1,0,0,0,0,1,0
11,12,12400618.0,2018,11,7,3,3,2,6,0,0,1,0,0,0,0,1,0
11,7,7601545.0,2018,11,7,5,3,6,4,0,0,1,1,0,0,0,0,0
11,5,5100316.0,2018,11,17,5,3,5,2,2,1,1,0,0,0,0,0,0
11,8,8100206.0,2018,11,7,5,2,1,5,0,1,1,0,0,0,0,0,0
11,5,5200629.0,2018,11,7,5,3,5,3,1,1,1,0,0,0,0,0,0
11,3,3601450.0,2018,11,10,3,3,5,3,0,0,1,0,0,1,0,1,0
11,9,9401534.0,2018,11,6,5,3,2,6,2,0,1,0,0,0,0,0,0
11,6,6100208.0,2018,11,17,5,3,5,3,2,0,1,0,0,0,0,0,0
11,9,9200715.0,2018,11,9,1,3,5,3,0,1,0,0,0,0,1,1,0
11,2,2300418.0,2018,11,8,2,3,6,4,1,0,1,1,0,0,0,0,0
11,3,3501038.0,2018,11,16,5,3,5,2,2,1,1,0,0,0,0,0,0
11,4,4200311.0,2018,11,15,5,3,2,6,1,0,0,0,1,0,1,0,0
11,10,10300734.0,2018,11,16,5,3,5,2,2,1,1,0,0,0,0,0,0
11,9,9200717.0,2018,11,7,3,3,5,3,1,1,1,0,0,0,0,1,0
11,4,4300416.0,2018,11,10,5,3,0,1,0,0,0,0,1,0,0,0,0
11,4,4200206.0,2018,11,9,1,3,6,7,0,1,0,1,0,0,0,1,0
11,4,4501042.0,2018,11,17,2,2,6,4,2,0,1,1,0,0,0,0,0
11,6,6400840.0,2018,11,16,5,2,5,2,2,0,1,0,1,0,0,1,0
11,6,6300526.0,2018,11,14,2,2,6,4,1,1,0,1,0,0,0,0,0
11,2,2400625.0,2018,11,2,1,3,5,7,2,0,1,0,0,0,0,0,0
11,4,4300414.0,2018,11,13,2,3,6,4,0,1,0,1,0,0,0,1,0
11,2,2400625.0,2018,11,16,5,3,3,7,2,1,1,0,0,0,0,0,0
11,11,11300620.0,2018,11,8,2,3,5,2,0,1,0,0,0,1,0,1,0
11,10,10400939.0,2018,11,16,5,3,0,3,1,0,0,0,0,0,1,0,0
11,4,4500938.0,2018,11,19,3,3,0,2,2,1,1,0,0,0,0,1,0
11,12,12601032.0,2018,11,15,5,3,2,6,0,0,1,0,0,0,1,0,0
11,4,4300412.0,2018,11,15,1,3,2,6,0,0,1,0,0,0,0,1,0
11,12,12200307.0,2018,11,6,3,3,0,1,1,0,0,0,1,0,0,1,0
11,1,1300730.0,2018,11,15,5,3,2,2,0,0,1,0,0,0,0,0,0
11,7,7501133.0,2018,11,12,1,3,0,7,0,0,0,0,1,0,0,1,0
11,11,11300723.0,2018,11,18,1,2,1,5,2,0,1,0,1,0,0,1,0
11,11,11300721.0,2018,11,14,5,3,2,6,0,0,0,0,0,0,1,0,0
11,7,7601547.0,2018,11,5,2,3,2,6,2,0,1,0,0,0,0,1,0
11,3,3400725.0,2018,11,18,5,3,5,2,2,0,1,0,0,0,0,0,0
11,2,2200213.0,2018,11,13,3,3,2,7,0,0,1,0,1,0,0,1,0
11,2,2300314.0,2018,11,1,5,3,6,4,2,1,0,1,0,0,0,0,0
11,2,2300316.0,2018,11,10,1,3,9,1,0,0,1,0,0,0,0,1,0
11,5,5200629.0,2018,11,17,5,3,2,6,2,0,1,0,0,0,0,0,0
11,4,4300412.0,2018,11,16,3,3,6,2,2,0,1,1,0,0,0,1,0
11,6,6100207.0,2018,11,18,4,3,0,6,2,0,1,0,0,0,1,0,0
11,11,11400927.0,2018,11,13,1,2,0,1,0,1,0,0,0,0,0,1,0
11,1,1401049.0,2018,11,13,3,3,5,2,0,1,1,0,0,0,0,1,0
11,2,2300419.0,2018,11,22,4,3,0,7,2,1,0,0,0,0,0,0,0
11,7,7300619.0,2018,11,22,1,3,5,2,2,1,1,0,0,0,0,0,0
11,11,11200411.0,2018,11,21,4,2,0,1,2,1,0,0,0,0,0,0,0
11,5,5200526.0,2018,11,14,1,3,2,6,0,0,1,0,0,0,1,1,0
11,11,11401034.0,2018,11,20,1,3,5,3,2,0,1,0,0,0,0,1,0
11,8,8100311.0,2018,11,21,4,3,1,5,2,1,1,0,0,0,0,0,0
11,6,6400843.0,2018,11,20,4,3,5,3,1,0,1,0,0,0,0,0,0
11,7,7200413.0,2018,11,12,3,2,0,1,0,1,0,0,0,0,0,1,0
11,6,6300527.0,2018,11,20,4,2,5,3,2,0,1,0,0,0,0,0,0
11,6,6300629.0,2018,11,18,4,3,6,4,2,1,0,1,0,0,0,0,0
11,9,9501940.0,2018,11,19,7,2,6,4,2,0,1,1,0,0,0,0,0
11,7,7601442.0,2018,11,17,3,3,6,2,2,0,1,1,0,0,0,1,0
11,5,5200631.0,2018,11,17,4,3,6,2,2,0,1,1,0,0,0,0,0
11,7,7300619.0,2018,11,18,7,3,1,1,2,0,1,0,0,0,0,0,0
11,5,5200629.0,2018,11,17,4,3,0,2,2,0,1,0,0,0,1,0,0
11,3,3500932.0,2018,11,8,3,3,5,5,0,0,1,0,0,0,0,1,0
11,4,4501045.0,2018,11,16,4,3,2,7,1,0,1,0,1,0,0,0,0
11,9,9301126.0,2018,11,18,1,3,4,2,2,0,1,0,0,0,0,1,0
11,7,7601547.0,2018,11,16,4,3,6,2,1,0,0,1,0,0,1,0,0
11,1,1100310.0,2018,11,15,4,3,2,6,0,0,1,0,0,0,0,0,0
11,9,9100101.0,2018,11,15,4,3,2,6,1,1,1,0,0,0,0,0,0
11,8,8401139.0,2018,11,7,3,3,5,3,0,0,1,0,0,0,0,1,0
11,4,4300620.0,2018,11,15,4,3,5,7,0,0,1,0,0,0,1,0,0
11,1,1200629.0,2018,11,7,4,3,2,6,0,1,1,0,0,0,0,1,0
11,9,9200717.0,2018,11,15,1,3,0,3,0,1,1,0,0,0,0,0,0
11,4,4300623.0,2018,11,19,2,3,0,3,2,1,0,0,0,0,0,0,0
11,7,7601443.0,2018,11,15,4,2,5,3,0,0,0,0,1,0,1,0,0
11,2,2200208.0,2018,11,7,2,3,2,7,0,0,1,0,0,0,1,0,0
11,6,6400844.0,2018,11,7,4,3,5,3,0,1,1,0,0,0,0,1,0
11,7,7300515.0,2018,11,7,4,3,5,3,0,1,1,0,0,0,0,0,0
11,7,7300619.0,2018,11,18,3,3,2,6,2,0,1,0,0,0,0,0,0
11,1,1100103.0,2018,11,7,3,3,2,6,1,0,1,0,0,0,0,1,0
11,11,11501238.0,2018,11,7,4,2,5,2,0,1,0,0,0,0,0,0,0
11,4,4501148.0,2018,11,7,4,3,5,7,0,1,1,0,0,0,0,0,0
11,1,1300733.0,2018,11,23,7,3,1,5,2,1,1,0,0,0,0,0,0
11,1,1300836.0,2018,11,17,2,2,6,2,2,0,1,1,0,0,0,1,0
11,6,6200422.0,2018,11,7,4,2,5,3,0,0,1,0,0,0,1,1,0
11,9,9100407.0,2018,11,7,2,3,6,4,0,1,0,1,0,0,0,0,0
11,1,1300834.0,2018,11,16,1,3,0,1,1,0,0,0,1,0,0,1,0
11,7,7100204.0,2018,11,14,4,2,5,3,0,0,1,0,0,0,0,0,0
11,5,5100316.0,2018,11,17,3,3,5,2,2,1,1,0,0,0,0,1,0
11,10,10100311.0,2018,11,13,4,3,2,6,0,0,1,0,0,0,1,0,0
11,1,1100309.0,2018,11,23,7,3,2,6,2,0,1,0,0,0,0,0,0
11,4,4501148.0,2018,11,14,3,3,2,6,0,0,1,0,0,0,0,1,0
11,4,4200203.0,2018,11,13,4,3,5,2,0,0,1,0,0,0,0,0,0
11,8,8200624.0,2018,11,22,7,3,6,2,2,0,1,1,0,0,0,0,0
11,1,1100206.0,2018,11,12,4,2,5,2,0,1,1,0,0,0,0,0,0
11,11,11300721.0,2018,11,16,2,3,2,6,0,0,1,0,0,0,0,0,0
11,6,6100205.0,2018,11,16,3,3,2,2,2,0,1,0,0,0,0,1,0
11,1,1401045.0,2018,11,11,4,3,2,6,0,0,1,0,1,0,0,0,0
11,4,4501041.0,2018,11,10,2,3,1,5,0,1,1,0,0,0,0,0,0
11,11,11200410.0,2018,11,11,4,3,5,2,0,0,1,0,0,0,0,0,0
11,5,5200528.0,2018,11,7,2,2,5,3,0,0,1,0,1,0,0,1,0
11,12,12200307.0,2018,11,10,4,2,6,4,0,0,1,1,0,0,0,0,0
11,7,7400927.0,2018,11,16,3,3,6,2,2,0,1,1,0,0,0,1,0
11,3,3601449.0,2018,11,10,4,3,2,6,0,0,1,0,0,0,0,1,0
11,4,4300619.0,2018,11,9,3,3,5,7,0,0,1,0,0,0,0,1,0
11,1,1100308.0,2018,11,10,4,3,5,7,0,1,1,0,0,0,0,0,0
11,4,4300517.0,2018,11,10,4,3,5,2,0,1,0,0,0,0,0,0,0
11,4,4300416.0,2018,11,9,4,3,5,3,0,0,1,0,0,0,0,0,0
11,4,4300416.0,2018,11,8,4,2,5,2,0,0,1,0,1,0,0,0,0
11,3,3200309.0,2018,11,11,3,3,2,6,0,0,1,0,0,0,0,1,0
11,1,1100207.0,2018,11,8,4,3,5,2,0,1,1,0,0,0,0,0,0
11,4,4300619.0,2018,11,8,4,3,5,7,0,1,1,0,0,0,0,0,0
11,4,4300622.0,2018,11,7,4,3,6,7,0,0,1,1,0,0,0,1,0
11,5,5200632.0,2018,11,12,3,3,2,6,0,0,1,0,0,0,0,1,0
11,9,9301025.0,2018,11,7,4,3,0,1,0,0,0,0,1,0,0,1,0
11,2,2200210.0,2018,11,6,4,3,6,2,1,0,1,1,0,0,0,0,0
11,6,6100204.0,2018,11,8,3,3,2,6,0,0,1,0,0,0,1,1,0
11,9,9100101.0,2018,11,5,4,3,2,2,2,1,1,0,0,0,0,1,0
11,2,2300315.0,2018,11,10,4,3,3,6,0,1,1,0,0,0,0,0,0
11,4,4300416.0,2018,11,14,4,3,8,1,0,0,1,0,0,0,0,0,0
11,4,7300515.0,2018,11,8,4,2,0,1,0,1,0,0,0,0,0,1,0
11,12,12400722.0,2018,11,7,3,3,5,3,0,1,1,0,0,0,0,1,0
11,5,5100105.0,2018,11,19,3,3,0,6,2,0,0,0,0,0,1,0,0
11,10,10200524.0,2018,11,21,3,3,5,3,0,1,0,0,0,0,1,0,0
11,10,10100312.0,2018,11,18,1,2,5,2,2,1,1,0,0,0,0,1,0
11,11,11300721.0,2018,11,18,2,3,2,2,2,1,1,0,0,0,0,1,0
11,11,11400927.0,2018,11,9,3,3,0,3,0,1,1,0,0,0,0,0,0
11,1,1100309.0,2018,11,8,2,3,5,3,0,1,1,0,0,0,0,0,0
11,1,1100310.0,2018,11,19,3,3,0,1,2,0,0,0,1,0,0,0,0
11,1,1200517.0,2018,11,11,3,3,3,6,0,0,1,0,0,0,0,1,0
11,8,8100206.0,2018,11,19,3,2,2,1,2,0,1,0,1,0,0,0,0
11,5,5200632.0,2018,11,18,3,3,5,2,2,1,0,0,0,0,1,0,0
11,4,4501042.0,2018,11,18,3,3,0,7,2,0,1,0,1,0,0,0,0
11,2,2500835.0,2018,11,7,3,3,2,6,1,0,1,0,1,0,0,1,0
11,1,1100103.0,2018,11,18,3,3,5,2,2,1,0,0,1,0,0,0,0
11,11,11400931.0,2018,11,12,2,3,6,4,0,0,1,1,0,0,0,1,0
11,5,5100105.0,2018,11,7,2,3,2,6,0,0,1,0,0,0,0,0,0
11,1,1401048.0,2018,11,16,1,3,2,6,0,0,1,0,0,0,0,1,0
11,11,11100309.0,2018,11,10,3,3,2,6,0,0,1,0,0,0,0,0,0
11,5,5100316.0,2018,11,15,3,3,3,6,1,1,0,0,0,0,0,1,0
11,6,6200421.0,2018,11,17,5,3,4,7,2,1,0,0,0,0,0,0,0
11,10,10200526.0,2018,11,12,1,3,0,2,0,0,0,1,1,0,0,0,0
11,2,2200213.0,2018,11,8,4,3,5,2,0,1,1,0,0,0,0,0,0
11,1,1300835.0,2018,11,20,1,3,5,2,2,1,1,0,0,0,0,0,0
11,4,4200310.0,2018,11,19,4,3,5,3,2,0,1,0,0,0,0,0,0
11,4,4400833.0,2018,11,12,1,2,5,2,0,1,1,0,0,0,0,0,0
11,11,11400928.0,2018,11,10,4,3,2,6,0,1,0,0,0,0,1,0,0
11,9,9200510.0,2018,11,10,1,3,5,3,0,0,1,0,0,0,0,0,0
11,1,1100308.0,2018,11,7,4,3,5,2,0,1,1,0,0,0,0,0,0
11,2,2200210.0,2018,11,8,5,3,0,1,0,0,1,0,1,0,0,0,0
11,11,11300620.0,2018,11,8,1,3,1,5,0,0,1,0,0,0,0,0,0
11,6,6100102.0,2018,11,7,4,3,6,4,0,0,1,1,0,0,0,0,0
11,1,1100310.0,2018,11,1,1,3,6,4,2,0,1,1,0,0,0,0,0
11,6,6300629.0,2018,11,6,4,3,2,2,0,0,1,0,0,0,0,0,0
11,9,9401534.0,2018,11,22,1,3,1,5,2,0,1,0,0,0,0,1,0
11,1,1300730.0,2018,11,13,6,3,2,6,0,0,1,0,0,0,1,0,0
11,12,12200309.0,2018,11,22,1,3,5,2,2,0,1,0,0,0,1,1,0
11,7,7601238.0,2018,11,6,4,2,1,1,0,0,1,0,1,0,0,0,0
11,1,1200623.0,2018,11,17,1,3,5,3,1,0,1,0,1,0,0,1,0
11,8,8100311.0,2018,11,18,1,3,1,5,2,1,1,0,0,0,0,1,0
11,6,6200313.0,2018,11,11,4,3,0,2,0,0,1,0,0,0,1,0,0
11,2,2400625.0,2018,11,4,5,2,5,2,2,0,1,0,0,0,0,0,0
11,3,3601141.0,2018,11,18,1,3,2,2,2,1,1,0,0,0,0,1,0
11,4,4400725.0,2018,11,19,1,3,3,6,2,0,1,0,0,0,0,0,0
11,1,1100415.0,2018,11,20,3,3,1,5,2,1,1,0,0,0,0,0,0
11,6,6400737.0,2018,11,20,1,2,0,1,2,0,1,0,0,0,0,1,0
11,7,7200409.0,2018,11,3,7,2,3,6,2,1,0,0,0,0,1,0,0
11,5,5200634.0,2018,11,15,3,3,5,2,0,0,1,0,0,0,0,0,0
11,1,1200522.0,2018,11,17,7,3,2,5,2,0,1,0,0,0,0,0,0
11,10,10200420.0,2018,11,7,6,2,6,4,1,0,1,1,0,0,0,1,0
11,9,9200715.0,2018,11,7,7,3,5,3,1,1,1,0,0,0,0,0,0
11,1,1300733.0,2018,11,17,4,3,5,2,2,0,1,0,0,0,0,0,0
11,4,4300412.0,2018,11,20,7,2,9,1,2,0,1,0,0,0,0,0,0
11,1,1401045.0,2018,11,20,7,2,6,2,2,0,1,1,0,0,0,0,0
11,1,2100101.0,2018,11,19,4,3,2,2,2,1,1,0,0,0,0,1,0
11,4,4501043.0,2018,11,12,7,3,1,5,0,1,1,0,0,0,1,0,0
11,9,9502043.0,2018,11,11,7,3,2,2,0,0,1,0,0,0,0,0,0
11,2,2500726.0,2018,11,17,3,1,6,4,2,0,0,1,0,0,1,0,0
11,4,4300412.0,2018,11,11,7,3,5,2,0,1,1,0,0,0,0,0,0
11,6,6200313.0,2018,11,11,7,3,0,7,0,0,1,0,0,0,1,0,0
11,5,5200528.0,2018,11,22,3,2,5,2,2,0,1,0,0,0,0,0,0
11,2,2100106.0,2018,11,10,7,3,5,3,0,0,0,0,1,0,1,0,0
11,1,1100308.0,2018,11,19,5,3,1,5,2,0,1,0,0,0,0,0,0
11,6,6400842.0,2018,11,10,7,3,5,3,0,0,1,0,0,0,0,0,0