LAND,BEZ,LOR_ab_2021,UJAHR,UMONAT,USTUNDE,UWOCHENTAG,UKATEGORIE,UART,UTYP1,ULICHTVERH,IstRad,IstPKW,IstFuss,IstKrad,IstGkfz,IstSonstige,USTRZUSTAND,lockdown
11,1,1100415.0,2018,12,15,1,3,1,5,1,1,1,0,0,0,1,1,0
11,1,1300733.0,2018,11,7,4,3,0,7,0,1,1,0,0,0,0,0,0
11,3,3500932.0,2018,12,14,1,3,2,3,0,0,1,0,1,0,0,1,0
11,1,1400942.0,2018,11,14,3,3,0,4,0,1,0,1,0,0,0,0,0
11,5,5200630.0,2018,11,17,3,3,5,3,2,0,1,0,0,0,0,0,0
11,2,2400521.0,2018,12,14,1,3,5,3,0,0,1,0,0,0,0,1,0
11,2,2100101.0,2018,12,13,1,2,1,5,1,1,1,0,0,0,0,1,0
11,7,7100102.0,2018,11,16,3,3,2,6,1,0,1,0,0,0,0,0,0
11,8,8100102.0,2018,12,8,1,2,1,1,0,0,1,0,0,1,0,0,0
11,7,7400721.0,2018,12,6,1,2,8,1,2,0,1,0,0,0,0,1,0
11,2,2200210.0,2018,11,15,3,3,0,1,0,1,0,0,0,0,0,0,0
11,10,10100311.0,2018,12,5,1,2,9,1,2,0,1,0,0,0,0,1,0
11,8,8401242.0,2018,12,17,1,1,6,4,2,0,1,1,0,0,0,1,0
11,8,8100417.0,2018,11,15,3,3,2,6,0,0,1,0,0,0,0,0,0
11,10,10100103.0,2018,12,17,7,3,5,3,2,0,1,0,0,0,1,1,0
11,7,7400927.0,2018,11,12,3,3,2,6,0,0,1,0,0,0,0,0,0
11,7,7300516.0,2018,12,17,7,3,5,2,1,0,1,0,1,0,0,1,0
11,2,2200209.0,2018,11,9,3,3,2,6,0,0,1,0,1,0,0,0,0
11,8,8100207.0,2018,12,16,7,3,5,5,0,0,1,0,1,0,0,0,0
11,6,6100209.0,2018,11,9,3,3,3,2,0,1,1,0,0,0,0,0,0
11,7,7601236.0,2018,12,17,7,3,2,6,2,0,1,0,0,0,0,1,0
11,3,3300515.0,2018,12,17,7,3,2,6,2,0,1,0,0,0,0,1,0
11,1,1300834.0,2018,11,17,3,3,5,3,2,1,1,0,0,0,0,0,0
11,4,4400835.0,2018,12,17,7,3,0,6,2,0,0,1,1,0,0,1,0
11,8,8300935.0,2018,12,17,7,3,3,6,2,0,1,0,0,0,0,1,0
11,1,1100101.0,2018,11,9,3,3,5,3,0,1,1,0,0,0,0,0,0
11,3,3601450.0,2018,12,16,7,3,5,2,2,0,1,0,0,0,0,1,0
11,8,8300934.0,2018,11,9,3,2,5,2,0,0,1,0,0,0,0,0,0
11,11,11200514.0,2018,11,8,3,3,2,2,0,1,1,0,0,0,0,0,0
11,12,12200515.0,2018,12,15,7,3,5,3,0,0,1,0,1,0,0,1,0
11,2,2400623.0,2018,11,8,3,2,5,3,0,1,0,0,0,0,0,0,0
11,6,6300525.0,2018,12,15,7,2,5,3,1,0,1,0,1,0,0,1,0
11,7,7300517.0,2018,11,8,3,3,2,6,0,0,1,0,0,0,0,0,0
11,4,4200310.0,2018,12,14,7,3,2,6,0,0,1,0,0,0,0,1,0
11,8,8200831.0,2018,11,7,3,3,5,3,0,1,1,0,0,0,0,0,0
11,6,6300528.0,2018,12,14,7,3,5,3,0,0,1,0,0,0,0,1,0
11,12,12200515.0,2018,12,13,7,3,5,2,0,0,1,0,0,0,0,1,0
11,11,11100101.0,2018,11,7,4,3,5,3,1,1,1,0,0,0,0,0,0
11,10,10200417.0,2018,11,7,3,3,6,2,0,0,1,1,0,0,0,1,0
11,9,9401635.0,2018,12,12,7,3,5,3,0,0,1,0,0,0,0,1,0
11,4,4300517.0,2018,11,7,3,2,5,3,1,1,1,0,0,0,0,0,0
11,3,3501038.0,2018,11,6,3,3,5,3,2,1,1,0,0,0,0,1,0
11,6,6100102.0,2018,12,11,7,2,6,3,0,0,1,1,0,0,0,0,0
11,10,10400938.0,2018,11,6,3,3,1,5,2,1,1,0,0,0,0,0,0
11,10,10200417.0,2018,12,19,7,3,2,6,2,0,1,0,0,0,1,1,0
11,6,6200311.0,2018,11,21,3,3,5,3,2,0,1,0,0,0,0,0,0
11,2,2300314.0,2018,12,2,7,3,3,6,2,1,1,0,0,0,0,0,0
11,6,6200421.0,2018,12,18,7,3,6,2,2,0,1,1,0,0,0,0,0
11,2,2300315.0,2018,11,20,3,3,2,6,2,1,0,0,0,0,0,0,0
11,2,2400625.0,2018,12,5,7,3,0,1,2,0,0,0,0,0,1,1,0
11,9,9200512.0,2018,11,13,4,3,6,7,0,0,1,1,0,0,0,0,0
11,8,8100418.0,2018,11,19,3,3,6,2,2,0,1,1,0,0,0,0,0
11,4,4300415.0,2018,12,15,7,3,0,2,0,1,1,0,0,0,0,1,0
11,1,1200628.0,2018,11,18,3,3,5,3,1,0,1,0,0,0,0,0,0
11,12,12200412.0,2018,11,1,3,2,1,5,2,0,1,0,1,0,0,0,0
11,2,2200209.0,2018,11,21,6,3,0,7,2,0,1,0,0,0,0,1,0
11,6,6400843.0,2018,11,8,2,2,1,5,0,1,1,0,0,0,1,0,0
11,2,2200210.0,2018,11,22,6,3,5,2,2,1,1,0,0,0,0,1,0
11,12,12100102.0,2018,11,22,2,3,1,5,2,1,1,0,0,0,0,0,0
11,5,5200629.0,2018,11,20,6,3,6,2,2,0,1,1,0,0,0,1,0
11,7,7300517.0,2018,11,19,2,3,6,4,2,1,0,1,0,0,0,0,0
11,12,12601235.0,2018,11,19,6,3,6,2,2,0,1,1,0,0,0,1,0
11,4,4300621.0,2018,11,19,2,3,6,4,2,0,1,1,0,0,0,0,0
11,4,4501045.0,2018,11,14,4,3,5,3,0,1,1,0,0,0,0,0,0
11,1,1100205.0,2018,11,19,6,3,0,2,2,0,1,0,1,0,0,1,0
11,7,7501031.0,2018,11,19,2,3,5,7,2,0,1,0,0,0,0,0,0
11,6,6200317.0,2018,11,18,2,2,5,7,2,0,1,0,0,0,0,0,0
11,1,1200623.0,2018,11,19,6,3,6,2,2,0,1,1,0,0,0,1,0
11,9,9301126.0,2018,11,19,6,3,0,2,2,1,0,0,0,1,0,1,0
11,1,1100309.0,2018,11,18,2,3,1,5,2,0,1,0,1,0,0,0,0
11,12,12200515.0,2018,11,19,6,3,2,7,2,0,1,0,0,0,0,1,0
11,6,6400841.0,2018,11,18,6,3,5,3,2,1,1,0,0,0,0,1,0
11,6,6300524.0,2018,11,18,2,3,5,2,2,0,1,0,0,0,1,0,0
11,8,8100311.0,2018,11,18,6,3,6,7,2,0,1,1,0,0,0,1,0
11,12,12500824.0,2018,11,18,2,3,3,2,2,0,1,0,0,0,1,1,0
11,1,1200520.0,2018,11,18,6,2,6,2,2,0,1,1,0,0,0,1,0
11,5,5200632.0,2018,11,17,2,3,2,7,2,0,1,0,0,0,0,0,0
11,9,9502043.0,2018,11,14,6,3,2,6,0,0,1,0,0,0,1,1,0
11,10,10400939.0,2018,11,14,6,3,5,3,0,1,1,0,0,0,0,1,0
11,3,3400829.0,2018,11,17,2,2,6,6,2,0,1,1,0,0,0,0,0
11,11,11100307.0,2018,11,14,6,3,0,2,0,1,1,0,0,0,0,1,0
11,6,6400841.0,2018,11,14,6,3,5,3,1,1,1,0,0,0,0,1,0
11,1,1200627.0,2018,11,13,6,2,1,5,0,0,1,0,0,1,0,1,0
11,1,1100102.0,2018,11,18,6,3,5,3,2,1,1,0,0,0,0,1,0
11,10,10200421.0,2018,11,16,2,3,5,3,2,0,1,0,0,0,0,0,0
11,2,2300417.0,2018,11,11,6,3,5,3,0,0,1,0,0,1,0,1,0
11,4,4300624.0,2018,11,18,6,3,6,2,2,0,1,1,0,0,0,1,0
11,11,11300620.0,2018,11,16,2,3,0,1,2,1,0,0,0,0,0,0,0
11,3,3601450.0,2018,11,9,6,3,5,2,0,0,1,0,0,0,0,0,0
11,11,11501238.0,2018,11,16,2,3,3,6,2,0,1,0,0,0,0,0,0
11,1,1400942.0,2018,11,10,6,2,5,2,0,1,1,0,0,0,0,1,0
11,7,7501030.0,2018,11,15,2,3,6,6,1,0,0,1,0,1,0,0,0
11,12,12400720.0,2018,11,9,6,3,5,3,0,0,1,0,0,0,0,0,0
11,11,11300618.0,2018,11,15,2,3,1,5,1,0,1,0,0,0,0,0,0
11,3,3500933.0,2018,11,8,6,3,6,4,0,0,1,1,0,0,0,0,0
11,2,2200209.0,2018,11,18,4,3,0,7,2,1,0,0,0,0,0,1,0
11,7,7400822.0,2018,12,16,2,3,6,2,2,0,1,1,0,0,0,1,0
11,8,8100102.0,2018,11,17,2,3,2,6,1,0,1,0,0,0,0,0,0
11,5,5100315.0,2018,11,8,6,3,5,7,0,0,1,0,0,0,1,0,0
11,1,1100310.0,2018,11,14,2,3,0,7,0,0,0,0,0,0,1,0,0
11,2,2400521.0,2018,11,9,2,3,1,7,0,0,1,0,0,0,0,0,0
11,9,9100408.0,2018,12,11,2,3,6,7,0,1,0,1,0,0,0,0,0
11,4,4200308.0,2018,11,8,2,3,2,2,0,0,1,0,0,0,1,0,0
11,6,6100209.0,2018,11,7,6,3,5,2,1,0,1,0,0,0,0,0,0
11,2,2100106.0,2018,11,12,2,3,3,6,0,1,0,0,0,0,1,0,0
11,12,12601235.0,2018,11,15,2,3,0,5,2,0,1,0,0,0,1,0,0
11,1,1200517.0,2018,11,0,6,3,9,1,2,0,1,0,0,0,0,0,0
11,11,11200410.0,2018,11,15,2,3,5,7,0,0,0,0,0,1,1,0,0
11,9,9200613.0,2018,11,17,6,3,6,2,2,0,1,1,0,0,0,1,0
11,1,1200623.0,2018,12,15,2,3,0,7,0,1,1,0,0,0,0,1,0
11,1,1401045.0,2018,11,13,2,3,1,5,0,0,1,0,0,1,0,0,0
11,2,2400623.0,2018,11,17,6,3,6,7,2,1,0,1,0,0,0,1,0
11,3,3200205.0,2018,11,14,4,3,5,3,0,0,1,0,0,0,1,0,0
11,6,6400844.0,2018,12,15,2,3,5,3,0,1,1,0,0,0,0,1,0
11,3,3601449.0,2018,11,16,6,3,5,2,2,1,1,0,0,0,0,1,0
11,4,4501042.0,2018,11,12,2,3,1,5,0,1,1,0,0,0,1,0,0
11,4,4501045.0,2018,11,12,2,3,5,3,0,0,1,0,0,0,1,0,0
11,1,1100102.0,2018,11,16,6,3,4,7,2,1,1,0,0,0,0,1,0
11,4,4300412.0,2018,11,12,2,3,5,2,0,1,0,0,0,0,1,0,0
11,1,1100103.0,2018,11,16,6,3,3,2,2,0,1,0,1,0,0,1,0
11,12,12200307.0,2018,12,13,2,3,0,1,0,0,0,0,1,0,0,1,0
11,7,7100103.0,2018,11,17,6,3,6,4,2,0,1,1,0,0,0,1,0
11,3,3200308.0,2018,11,11,2,3,5,3,0,1,0,0,0,0,1,0,0
11,6,6300525.0,2018,11,15,6,3,2,2,2,0,1,0,0,0,0,1,0
11,8,8300934.0,2018,12,21,2,3,6,2,2,0,1,1,0,0,0,1,0
11,12,12200412.0,2018,11,11,2,3,2,6,0,0,1,0,0,0,0,0,0
11,8,8100418.0,2018,11,16,6,3,2,6,2,0,1,0,0,0,0,1,0
11,9,9501737.0,2018,12,20,2,3,6,3,2,0,1,1,0,0,0,1,0
11,12,12500930.0,2018,11,16,6,3,2,6,2,0,1,0,0,0,0,1,0
11,10,10100316.0,2018,11,10,2,3,5,3,0,1,1,0,0,0,0,0,0
11,4,4501045.0,2018,11,10,2,3,2,2,0,0,1,0,0,0,0,0,0
11,4,4500937.0,2018,11,16,6,3,6,4,2,0,1,1,0,0,0,1,0
11,11,11100309.0,2018,11,17,6,2,6,4,2,0,0,1,0,0,1,1,0
11,11,11300618.0,2018,11,10,2,3,5,2,0,1,1,0,0,0,0,0,0
11,4,4500939.0,2018,11,19,6,3,2,6,2,0,1,0,0,0,0,1,0
11,7,7200410.0,2018,11,16,6,3,6,4,2,0,1,1,0,0,0,1,0
11,7,7100101.0,2018,12,19,2,3,0,2,2,1,1,0,0,0,0,0,0
11,7,7400824.0,2018,11,17,1,3,5,3,1,0,1,0,0,0,0,0,0
11,12,12200515.0,2018,11,17,6,3,1,5,2,1,1,0,0,0,0,1,0
11,12,12200414.0,2018,11,17,1,3,2,7,2,0,1,0,0,0,0,0,0
11,4,4300622.0,2018,12,18,2,3,5,2,2,0,1,0,1,0,0,1,0
11,3,3500932.0,2018,11,16,6,3,5,3,2,1,1,0,0,0,0,1,0
11,1,1200520.0,2018,11,19,1,3,2,6,2,0,1,0,0,0,0,0,0
11,1,1400938.0,2018,11,15,6,3,6,4,1,0,1,1,0,0,0,1,0
11,12,12500926.0,2018,11,16,1,3,0,2,2,1,1,0,0,0,0,0,0
11,9,9200717.0,2018,12,13,2,3,6,7,0,1,0,1,0,0,0,1,0
11,12,12400723.0,2018,11,15,6,3,1,5,0,0,1,0,0,0,0,1,0
11,1,1100416.0,2018,11,16,1,3,1,5,1,1,1,0,0,0,0,0,0
11,8,8100419.0,2018,11,17,6,3,5,3,2,0,1,0,0,0,0,1,0
11,1,1100310.0,2018,11,5,6,1,1,5,2,0,1,0,0,0,1,0,0
11,5,5200528.0,2018,11,14,1,3,2,2,0,0,1,0,0,0,0,0,0
11,2,2400625.0,2018,11,19,5,3,5,2,2,1,1,0,0,0,0,0,0
11,1,1100308.0,2018,11,11,5,3,1,5,0,1,1,0,0,0,0,0,0
11,12,12200309.0,2018,12,17,2,2,6,4,2,0,1,1,0,0,0,1,0
11,1,1100205.0,2018,11,12,1,3,5,3,0,1,1,0,0,0,0,0,0
11,1,1401047.0,2018,11,11,5,2,5,2,0,0,1,0,0,0,0,0,0
11,3,3601243.0,2018,11,11,1,3,5,3,0,0,1,0,0,0,0,0,0
11,11,11400927.0,2018,11,6,1,3,2,6,2,0,1,0,0,0,0,1,0
11,7,7601442.0,2018,11,11,5,3,6,2,0,0,1,1,0,0,0,0,0
11,2,2300316.0,2018,11,3,1,3,2,6,2,0,1,0,0,0,0,0,0
11,4,4300621.0,2018,11,9,5,3,2,6,0,0,1,0,1,0,0,0,0
11,4,4300619.0,2018,11,1,1,3,1,5,2,1,1,0,0,0,0,0,0
11,1,1401045.0,2018,11,8,5,3,3,6,0,1,0,0,0,0,0,0,0
11,6,6400839.0,2018,11,12,7,3,6,7,0,1,0,1,0,0,0,1,0
11,4,4400832.0,2018,11,7,5,3,1,5,0,1,1,0,0,0,0,0,0
11,12,12500824.0,2018,11,7,5,3,4,7,1,1,1,0,0,0,0,0,0
11,12,12200412.0,2018,11,18,4,3,6,2,2,0,1,1,0,0,0,0,0
11,11,2500835.0,2018,12,17,2,3,2,2,2,0,1,0,0,0,0,1,0
11,9,9200510.0,2018,11,20,7,3,5,2,2,0,1,0,0,0,1,0,0
11,10,10400837.0,2018,11,7,5,3,5,2,0,1,1,0,0,0,0,0,0
11,2,2500727.0,2018,11,19,7,3,5,3,2,1,0,0,0,0,0,0,0
11,1,1200522.0,2018,11,16,7,3,3,6,2,0,1,0,0,0,0,0,0
11,6,6300633.0,2018,11,20,5,3,5,3,2,1,1,0,0,0,0,0,0
11,3,3400831.0,2018,11,16,7,3,2,6,2,0,1,0,0,0,0,0,0
11,12,12500926.0,2018,11,17,5,3,5,3,2,1,1,0,0,0,0,0,0
11,1,1200522.0,2018,12,17,2,3,3,6,2,0,1,0,0,0,1,1,0
11,8,8100521.0,2018,11,15,7,3,5,3,1,1,0,0,0,0,1,0,0
11,10,10200629.0,2018,11,11,5,3,2,7,0,0,1,0,0,0,0,0,0
11,4,4200308.0,2018,11,14,4,3,1,5,0,1,1,0,0,0,0,0,0
11,10,10200417.0,2018,12,17,2,3,2,6,2,0,1,0,0,0,0,0,0
11,1,1200626.0,2018,11,10,5,3,0,6,0,0,1,0,0,0,1,0,0
11,12,12500825.0,2018,11,15,7,3,3,6,1,1,1,0,0,0,0,0,0
11,4,4501041.0,2018,11,14,7,3,1,5,0,0,1,0,0,0,0,0,0
11,10,10100316.0,2018,11,9,5,2,3,6,0,0,1,0,0,0,1,0,0
11,6,6100103.0,2018,11,18,4,3,6,4,2,1,0,1,0,0,0,0,0
11,7,7601544.0,2018,11,18,7,3,6,2,2,0,1,1,0,0,0,0,0
11,11,11100206.0,2018,11,18,5,3,6,4,2,0,1,1,0,0,0,0,0
11,7,7300515.0,2018,11,14,7,3,5,3,0,1,0,0,0,0,1,0,0
11,1,1300733.0,2018,11,23,7,2,6,4,2,0,1,1,0,0,0,0,0
11,4,4100102.0,2018,11,10,5,3,2,6,0,0,1,0,0,0,0,0,0
11,8,8200730.0,2018,11,17,7,2,6,4,1,0,1,1,0,0,0,0,0
11,2,2400521.0,2018,11,17,5,3,3,6,1,1,0,0,0,0,0,0,0
11,7,7100103.0,2018,11,17,7,2,6,4,2,0,1,1,0,0,0,0,0
11,8,8100101.0,2018,11,17,5,3,6,2,1,0,1,1,0,0,0,0,0
11,4,4501041.0,2018,11,13,7,2,5,3,0,1,1,0,0,0,0,0,0
11,10,10400939.0,2018,11,16,5,3,5,7,2,0,1,0,1,0,0,0,0
11,1,1100309.0,2018,11,13,7,2,5,3,0,0,1,0,1,0,0,0,0
11,4,4501044.0,2018,11,15,5,3,5,2,1,1,1,0,0,0,0,0,0
11,12,12200307.0,2018,11,15,5,3,5,3,1,0,1,0,0,0,0,0,0
11,9,9100203.0,2018,11,21,7,3,6,2,2,0,1,1,0,0,0,1,0
11,4,4300619.0,2018,11,15,5,3,0,3,1,0,1,0,0,0,1,0,0
11,4,4300518.0,2018,11,12,7,3,5,2,0,0,1,0,0,0,1,0,0
11,5,5100211.0,2018,11,14,5,3,2,6,0,0,1,0,0,0,0,0,0
11,4,4300620.0,2018,11,14,5,3,6,2,0,0,1,1,0,0,0,0,0
11,2,2400521.0,2018,11,11,7,3,1,5,0,1,1,0,0,0,0,0,0
11,12,12200308.0,2018,11,13,5,3,5,3,0,1,1,0,0,0,0,0,0
11,9,9100408.0,2018,11,13,5,3,5,3,0,1,1,0,0,0,0,0,0
11,4,4501146.0,2018,11,10,7,3,5,7,0,0,1,0,1,0,0,0,0
11,6,6200312.0,2018,11,13,5,2,5,2,0,0,1,0,0,0,0,0,0
11,1,1100308.0,2018,11,1,7,3,0,1,2,1,0,0,0,0,0,0,0
11,2,2400521.0,2018,11,13,5,3,5,2,0,1,0,0,0,0,0,0,0
11,1,1100313.0,2018,11,3,7,3,5,3,2,0,1,0,0,0,0,1,0
11,8,8200730.0,2018,11,12,5,2,5,3,0,0,1,0,1,0,0,0,0
11,8,8100521.0,2018,11,12,5,3,5,2,0,0,1,0,0,0,0,0,0
11,4,4300619.0,2018,11,15,7,3,5,3,1,1,0,0,1,0,0,0,0
11,4,4501041.0,2018,11,0,5,3,9,1,2,0,1,0,0,0,0,0,0
11,3,3601141.0,2018,11,13,5,2,5,3,0,0,1,0,0,0,1,0,0
11,5,5100316.0,2018,11,19,6,3,2,6,2,0,1,0,0,0,0,0,0
11,10,10400837.0,2018,11,15,4,3,6,4,1,0,1,1,0,0,0,1,0
11,9,9301126.0,2018,11,21,6,3,1,5,2,1,1,0,0,0,0,1,0
11,1,1100309.0,2018,11,9,4,3,2,7,0,1,0,0,0,0,1,1,0
11,8,8100209.0,2018,11,21,6,3,3,6,2,0,1,0,0,1,0,0,0
11,4,4300412.0,2018,11,12,4,3,6,4,0,0,1,1,0,0,0,0,0
11,5,5100210.0,2018,11,20,6,2,6,4,2,0,1,1,0,0,0,0,0
11,1,1100308.0,2018,11,20,4,3,2,6,0,0,1,0,0,0,0,0,0
11,4,4100101.0,2018,11,20,6,2,6,4,2,0,1,1,0,0,0,0,0
11,2,2300316.0,2018,11,19,4,3,1,5,2,0,1,0,0,0,1,0,0
11,1,1100309.0,2018,11,19,6,3,5,2,2,0,1,0,0,0,0,0,0
11,3,3701554.0,2018,11,19,4,3,1,5,2,1,1,0,0,0,0,0,0
11,2,2100106.0,2018,11,23,4,3,5,2,2,0,1,0,0,0,0,0,0
11,1,1100415.0,2018,11,18,6,3,2,6,1,1,1,0,0,0,0,0,0
11,8,8300934.0,2018,11,16,6,2,5,7,2,0,1,0,1,0,0,1,0
11,12,12200307.0,2018,11,16,6,3,1,5,2,1,1,0,0,0,0,0,0
11,5,5200528.0,2018,12,12,6,3,2,6,0,0,1,0,0,0,0,1,0
11,11,11300620.0,2018,12,15,4,3,5,3,0,1,1,0,0,0,0,0,0
11,5,5200629.0,2018,12,13,6,3,5,3,0,0,1,0,1,0,0,1,0
11,3,3200207.0,2018,12,14,4,3,5,2,0,0,1,0,1,0,0,0,0
11,10,10400940.0,2018,12,12,6,3,5,2,0,0,1,0,0,0,1,1,0
11,8,8200832.0,2018,12,17,4,3,2,2,2,0,1,0,0,0,0,0,0
11,4,4300619.0,2018,12,11,6,3,5,7,0,1,1,0,0,0,0,1,0
11,5,5100316.0,2018,12,10,6,2,6,4,0,0,0,1,0,1,0,1,0
11,10,10100313.0,2018,12,13,4,3,2,6,0,0,1,0,0,0,0,0,0
11,10,10200524.0,2018,12,11,6,3,5,3,0,1,1,0,0,0,0,1,0
11,3,3400724.0,2018,12,9,6,3,5,3,0,0,1,0,0,0,0,1,0
11,6,6400842.0,2018,12,12,4,3,2,6,0,0,1,0,0,0,0,1,0
11,2,2400521.0,2018,12,9,6,2,5,3,0,1,1,0,0,0,0,1,0
11,3,3601245.0,2018,12,11,4,3,2,6,0,0,1,0,0,0,0,1,0
11,11,11200410.0,2018,12,7,6,2,5,3,0,1,1,0,0,0,0,1,0
11,8,8401243.0,2018,12,6,4,3,5,2,1,0,1,0,0,0,0,1,0
11,8,8100521.0,2018,12,7,6,3,2,6,1,0,1,0,0,0,0,1,0
11,10,10400938.0,2018,12,6,4,3,5,3,2,1,1,0,0,0,0,1,0
11,6,6200315.0,2018,12,7,6,3,6,2,1,0,1,1,0,0,0,1,0
11,8,8200624.0,2018,12,10,4,3,3,6,0,0,1,0,0,0,1,0,0
11,4,4501042.0,2018,12,11,4,3,1,5,0,1,1,0,0,0,0,1,0
11,11,11100204.0,2018,12,7,6,3,6,7,1,0,1,1,0,0,0,1,0
11,4,4200311.0,2018,12,6,6,3,6,7,2,0,1,1,0,0,0,1,0
11,9,9501939.0,2018,12,10,4,3,3,2,0,0,1,0,1,0,0,0,0
11,1,1100313.0,2018,12,10,4,3,5,3,0,1,1,0,0,0,0,1,0
11,5,5300737.0,2018,12,5,6,3,6,2,2,0,0,1,0,1,0,1,0
11,1,1100312.0,2018,12,9,4,3,2,2,0,1,1,0,0,0,0,1,0
11,12,12100103.0,2018,12,9,4,3,5,7,0,0,1,0,1,0,0,1,0
11,3,3400619.0,2018,12,5,6,3,2,6,2,0,1,0,1,0,0,1,0
11,11,11501340.0,2018,12,8,4,3,5,3,0,0,1,0,1,0,0,1,0
11,2,2400522.0,2018,12,3,6,2,5,2,2,1,0,0,0,0,0,1,0
11,5,5100314.0,2018,12,7,4,3,6,4,0,0,1,1,0,0,0,1,0
11,4,4300517.0,2018,12,13,6,3,0,1,0,0,0,0,1,0,0,1,0
11,3,3501038.0,2018,12,7,4,3,6,4,0,0,0,1,0,0,1,0,0
11,1,1100308.0,2018,12,6,4,3,6,2,2,0,1,1,0,0,0,1,0
11,8,8100521.0,2018,12,15,5,3,5,3,0,1,1,0,0,0,0,1,0
11,7,7601236.0,2018,12,7,4,2,6,4,1,0,1,1,0,0,0,1,0
11,1,1100102.0,2018,12,6,3,3,2,2,2,0,1,0,0,1,0,1,0
11,2,2100102.0,2018,12,0,5,3,0,3,2,1,1,0,0,0,0,0,0
11,8,8100520.0,2018,12,6,3,3,6,2,2,0,1,1,0,0,0,1,0
11,3,3100102.0,2018,12,6,3,3,6,4,2,0,0,1,0,0,1,1,0
11,7,7601341.0,2018,12,15,5,3,3,6,1,0,1,0,0,1,0,0,0
11,8,8401139.0,2018,12,16,3,2,6,4,2,0,1,1,0,0,0,1,0
11,3,3100102.0,2018,12,16,5,3,3,6,1,0,1,0,1,0,0,1,0
11,12,12200309.0,2018,12,12,3,3,0,4,0,0,0,1,1,0,0,1,0
11,11,11300616.0,2018,12,16,5,3,6,4,2,0,1,1,0,0,0,1,0
11,4,4501042.0,2018,12,15,3,3,3,6,0,0,0,0,1,0,1,0,0
11,2,2400623.0,2018,12,17,5,2,6,2,2,0,1,1,0,0,0,1,0
11,5,5100104.0,2018,12,19,3,3,2,3,2,0,1,0,0,0,0,1,0
11,12,12200309.0,2018,12,20,5,3,6,4,2,0,1,1,0,0,0,1,0
11,2,2500833.0,2018,12,19,3,3,5,7,2,1,1,0,0,0,0,1,0
11,6,6100207.0,2018,12,19,5,3,0,6,2,0,1,0,1,0,0,1,0
11,2,2100104.0,2018,12,18,3,3,5,3,2,1,1,0,0,0,0,1,0
11,3,3400725.0,2018,12,15,3,3,1,5,1,1,1,0,0,0,0,1,0
11,10,10200524.0,2018,12,17,5,3,2,6,2,0,1,0,0,0,0,1,0
11,3,3701554.0,2018,12,19,5,3,2,3,2,0,1,0,1,0,0,1,0
11,4,4500936.0,2018,12,17,3,3,5,7,2,0,1,0,0,0,1,1,0
11,8,8401243.0,2018,12,17,5,3,1,5,2,1,1,0,0,0,0,1,0
11,4,4500937.0,2018,12,18,5,3,2,6,2,0,1,0,0,0,0,1,0
11,8,8401246.0,2018,12,16,3,3,6,2,2,0,1,1,0,0,0,1,0
11,3,3200310.0,2018,12,16,5,3,5,3,2,1,1,0,0,0,0,1,0
11,8,8100520.0,2018,12,16,3,3,6,4,2,0,1,1,0,0,0,1,0
11,3,3701556.0,2018,12,16,5,3,0,1,2,0,0,0,1,0,0,1,0
11,12,12400723.0,2018,12,16,3,3,1,5,2,0,1,0,0,0,1,1,0
11,12,12500926.0,2018,12,16,5,3,5,3,2,0,1,0,1,0,0,1,0
11,7,7501029.0,2018,12,18,4,3,5,2,2,0,1,0,1,0,0,0,0
11,3,3200206.0,2018,12,16,3,3,5,2,2,1,1,0,0,0,0,1,0
11,7,7400824.0,2018,12,17,5,3,5,2,2,1,1,0,0,0,0,0,0
11,12,12100101.0,2018,12,16,5,3,6,4,2,0,1,1,0,0,0,1,0
11,1,1400942.0,2018,12,15,3,3,5,2,2,1,1,0,0,0,0,1,0
11,1,1100310.0,2018,12,17,5,3,6,2,2,0,1,1,0,0,0,1,0
11,11,11401136.0,2018,12,15,3,3,5,7,1,0,1,0,0,0,0,1,0
11,11,11300617.0,2018,12,17,5,3,0,2,2,0,1,1,0,0,0,1,0
11,6,6200420.0,2018,12,18,5,2,6,4,2,0,1,1,0,0,0,0,0
11,2,2100105.0,2018,12,15,3,3,5,3,1,0,1,0,0,0,0,1,0
11,12,12500929.0,2018,12,18,5,2,6,2,2,0,1,1,0,0,0,1,0
11,6,6200423.0,2018,12,14,3,3,0,7,0,0,1,0,1,0,0,1,0
11,2,2400521.0,2018,12,18,5,2,6,2,2,0,1,1,0,0,0,1,0
11,1,1200628.0,2018,12,14,3,3,6,2,0,0,1,1,0,0,0,1,0
11,1,1300834.0,2018,12,16,5,3,1,5,2,0,0,0,0,0,1,1,0
11,11,11100308.0,2018,12,8,3,3,2,6,0,0,1,0,0,0,1,1,0
11,9,9200614.0,2018,12,17,5,2,6,4,2,0,1,1,0,0,0,1,0
11,1,1100102.0,2018,12,19,5,2,3,6,2,0,1,0,1,0,0,1,0