LAND,BEZ,LOR_ab_2021,UJAHR,UMONAT,USTUNDE,UWOCHENTAG,UKATEGORIE,UART,UTYP1,ULICHTVERH,IstRad,IstPKW,IstFuss,IstKrad,IstGkfz,IstSonstige,USTRZUSTAND,lockdown
11,1,1401045.0,2018,12,14,4,3,2,6,0,0,1,0,0,0,0,1,0
11,10,10300731.0,2018,12,16,6,3,6,4,2,0,1,1,0,0,0,1,0
11,9,9501737.0,2018,12,7,3,3,5,2,2,1,1,0,0,0,0,1,0
11,5,5100104.0,2018,12,6,3,3,2,2,2,0,1,0,0,0,0,1,0
11,1,1100101.0,2018,12,16,6,3,6,4,2,0,1,1,0,0,0,1,0
11,7,7601442.0,2018,12,0,5,3,5,3,2,0,1,0,0,0,0,1,0
11,8,8100521.0,2018,12,6,3,3,2,4,2,0,1,1,0,1,0,1,0
11,1,1200629.0,2018,12,16,6,3,5,2,2,1,1,0,0,0,0,1,0
11,8,8401139.0,2018,12,6,3,3,5,3,2,1,1,0,0,0,0,1,0
11,11,11300617.0,2018,12,16,6,3,5,2,1,0,1,0,0,0,1,1,0
11,3,3601142.0,2018,12,3,4,3,5,3,2,0,1,0,0,0,0,0,0
11,3,3200207.0,2018,12,15,3,3,2,6,0,0,1,0,0,0,0,1,0
11,1,1401047.0,2018,12,17,6,3,6,4,2,0,1,1,0,0,0,1,0
11,3,3601245.0,2018,12,15,3,3,0,2,0,1,1,0,0,0,0,0,0
11,3,3400723.0,2018,12,15,3,2,0,1,0,1,0,0,0,0,0,1,0
11,2,2300316.0,2018,12,17,6,3,2,6,2,1,1,0,0,0,0,1,0
11,1,1100309.0,2018,12,17,6,3,5,3,2,1,1,0,0,0,0,1,0
11,9,9200510.0,2018,12,13,3,2,5,2,0,1,1,0,0,0,0,1,0
11,2,2200210.0,2018,12,17,6,3,5,3,2,0,1,0,0,0,0,1,0
11,10,10400836.0,2018,12,17,6,3,5,2,2,1,1,0,0,0,0,1,0
11,8,8300935.0,2018,12,12,3,3,6,7,0,0,1,1,0,0,0,0,0
11,5,5100317.0,2018,12,17,6,3,6,2,2,0,1,1,0,0,0,1,0
11,2,2100102.0,2018,12,18,6,3,6,2,2,0,1,1,0,0,0,1,0
11,10,10100104.0,2018,12,12,3,3,6,4,0,0,1,1,0,0,0,0,0
11,12,12200310.0,2018,12,18,6,3,1,5,2,0,1,0,0,0,1,1,0
11,1,1100308.0,2018,12,12,3,3,6,7,0,0,0,1,1,0,0,0,0
11,9,9200715.0,2018,12,19,6,3,5,7,2,0,1,0,0,0,1,1,0
11,1,1100312.0,2018,12,11,3,3,5,2,0,1,1,0,0,0,0,0,0
11,6,6200423.0,2018,12,19,6,3,5,3,2,0,1,0,0,0,0,1,0
11,6,6400843.0,2018,12,11,3,3,5,2,0,1,1,0,0,0,0,0,0
11,3,3701660.0,2018,12,19,6,3,9,1,2,0,1,0,0,0,0,1,0
11,9,9401329.0,2018,12,20,6,3,5,7,2,0,1,0,0,0,0,1,0
11,7,7400824.0,2018,12,11,3,3,3,6,0,0,1,0,0,0,1,1,0
11,1,1100102.0,2018,12,22,6,3,5,2,2,0,1,0,1,0,0,1,0
11,4,4300621.0,2018,12,23,6,3,6,7,2,1,0,1,0,0,0,1,0
11,1,1300730.0,2018,12,22,3,2,2,6,2,0,1,0,0,0,0,0,0
11,1,1300836.0,2018,12,15,4,3,5,3,0,0,1,0,0,0,0,1,0
11,9,9100306.0,2018,12,10,3,2,2,6,0,0,1,0,0,1,0,1,0
11,11,11501238.0,2018,12,22,6,3,6,2,2,0,1,1,0,0,0,1,0
11,1,1100308.0,2018,12,12,2,3,2,6,0,1,0,0,0,0,0,1,0
11,1,1100206.0,2018,12,14,2,3,2,7,0,1,1,0,0,0,0,0,0
11,2,2500831.0,2018,12,11,6,3,5,3,0,0,1,0,0,0,0,1,0
11,4,4100101.0,2018,12,22,5,3,6,2,2,0,1,1,0,0,0,1,0
11,4,4400728.0,2018,12,17,2,2,6,2,2,0,1,1,0,0,0,0,0
11,1,1401046.0,2018,12,10,6,3,5,3,0,0,1,0,0,0,0,1,0
11,4,4500936.0,2018,12,17,2,3,2,6,2,0,1,0,0,0,0,0,0
11,1,1401046.0,2018,12,9,6,3,5,2,0,1,0,0,0,0,1,1,0
11,1,1100205.0,2018,12,17,2,3,5,2,2,1,1,0,0,0,0,0,0
11,1,1200628.0,2018,12,15,6,3,6,4,2,0,1,1,0,0,0,1,0
11,9,9200511.0,2018,12,14,6,3,5,3,0,1,1,0,0,0,0,1,0
11,3,3400725.0,2018,12,17,2,3,2,6,2,0,1,0,0,0,1,0,0
11,3,3400725.0,2018,12,22,3,3,9,1,2,0,1,0,0,0,0,0,0
11,10,10100315.0,2018,12,16,2,3,2,6,2,0,1,0,0,0,0,1,0
11,8,8200726.0,2018,12,14,6,3,6,4,0,1,0,1,0,0,0,1,0
11,8,8200833.0,2018,12,16,2,3,1,5,2,0,1,0,0,0,0,0,0
11,6,6400844.0,2018,12,16,2,3,6,2,1,0,1,1,0,0,0,0,0
11,11,11300722.0,2018,12,13,4,3,0,1,0,0,0,0,1,0,0,1,0
11,3,3400620.0,2018,12,13,6,3,5,2,0,1,0,0,0,0,1,1,0
11,6,6200423.0,2018,12,14,5,3,6,4,0,0,1,1,0,0,0,0,0
11,1,1100311.0,2018,12,16,2,3,2,6,1,0,1,0,0,0,0,1,0
11,8,8200623.0,2018,12,16,6,3,6,4,2,0,1,1,0,0,0,1,0
11,1,1100309.0,2018,12,11,3,3,0,7,0,1,0,0,0,0,0,1,0
11,8,8100418.0,2018,12,16,2,3,3,6,2,1,1,0,0,0,0,0,0
11,3,3400725.0,2018,12,14,6,2,6,4,0,0,1,1,0,0,0,1,0
11,3,3601244.0,2018,12,13,6,3,0,3,0,0,1,0,1,0,0,1,0
11,2,2400623.0,2018,12,16,2,3,2,6,2,0,1,0,0,0,1,0,0
11,2,2200213.0,2018,12,8,6,3,6,2,0,0,1,1,0,0,0,1,0
11,9,9100101.0,2018,12,15,2,3,5,3,0,1,1,0,0,0,0,0,0
11,3,3400830.0,2018,12,10,3,3,5,3,0,1,1,0,0,0,0,1,0
11,2,2500831.0,2018,12,15,2,3,2,2,0,0,1,0,0,0,0,1,0
11,4,4500939.0,2018,12,12,6,3,5,3,0,0,1,0,0,0,0,1,0
11,4,4501042.0,2018,12,14,2,3,5,2,0,0,1,0,0,0,0,0,0
11,11,11300721.0,2018,12,13,2,3,1,3,0,0,1,0,0,0,1,1,0
11,3,3500934.0,2018,12,7,6,3,5,2,0,1,1,0,0,0,0,1,0
11,9,9501838.0,2018,12,21,4,3,5,2,2,0,1,0,0,0,0,1,0
11,9,9300922.0,2018,12,13,2,2,5,3,0,0,1,0,1,0,0,1,0
11,2,2500835.0,2018,12,12,6,3,5,3,0,1,1,0,0,0,0,0,0
11,1,1300836.0,2018,12,1,3,3,2,6,2,0,1,0,0,0,0,1,0
11,1,1200625.0,2018,12,18,2,3,2,6,2,0,1,0,1,0,0,0,0
11,6,6100204.0,2018,12,11,6,3,2,6,0,0,1,0,0,0,0,1,0
11,10,10100313.0,2018,12,22,2,3,6,7,2,0,1,1,0,0,0,0,0
11,2,2100106.0,2018,12,12,2,3,5,3,0,1,0,0,0,0,0,1,0
11,12,12100102.0,2018,12,11,6,2,5,7,0,0,1,0,1,0,0,0,0
11,4,4500937.0,2018,12,23,2,2,3,6,2,0,1,0,1,0,0,0,0
11,1,1200519.0,2018,12,6,2,3,6,7,2,1,0,1,0,0,0,0,0
11,3,3701554.0,2018,12,7,6,3,6,2,2,0,1,1,0,0,0,1,0
11,1,1300835.0,2018,12,7,2,3,6,4,0,0,1,1,0,0,0,0,0
11,4,4501153.0,2018,12,9,2,3,5,2,0,1,0,0,0,0,1,0,0
11,5,5100316.0,2018,12,11,6,3,2,6,0,0,1,0,0,0,0,0,0
11,12,12400723.0,2018,12,16,4,3,1,1,2,0,1,0,0,0,0,1,0
11,6,6200422.0,2018,12,11,6,3,1,5,0,0,1,0,0,0,1,1,0
11,1,1100101.0,2018,12,10,2,3,1,5,0,1,1,0,0,0,1,0,0
11,2,2100101.0,2018,12,13,6,3,5,7,0,0,1,0,0,0,0,1,0
11,10,10400940.0,2018,12,7,6,2,6,4,2,0,1,1,0,0,0,1,0
11,2,2100102.0,2018,12,8,2,3,8,1,0,0,1,0,0,0,0,0,0
11,11,11300617.0,2018,12,14,6,2,6,4,0,0,1,1,0,0,0,1,0
11,4,4501153.0,2018,12,0,1,3,5,3,2,0,1,0,0,0,0,0,0
11,2,2100104.0,2018,12,7,6,3,5,3,2,1,1,0,0,0,0,1,0
11,2,2400623.0,2018,12,6,1,3,6,4,2,0,1,1,0,0,0,0,0
11,3,3300412.0,2018,12,13,6,3,5,3,0,0,1,0,0,0,0,1,0
11,9,9200819.0,2018,12,6,6,3,6,4,2,0,0,1,0,0,1,1,0
11,6,6200312.0,2018,12,9,1,3,0,7,0,1,0,0,0,0,0,1,0
11,3,3400721.0,2018,12,13,6,2,0,7,0,0,1,0,0,0,1,1,0
11,8,8200624.0,2018,12,15,6,3,0,7,1,0,1,1,0,0,0,1,0
11,8,8100418.0,2018,12,2,6,2,1,5,2,1,1,0,0,0,0,0,0
11,1,1100102.0,2018,12,16,5,3,2,6,2,0,1,0,0,0,0,0,0
11,4,4400833.0,2018,12,10,1,3,1,7,0,0,1,0,0,0,0,0,0
11,6,6100103.0,2018,12,7,5,3,6,4,2,0,1,1,0,0,0,0,0
11,1,1300732.0,2018,12,22,5,3,5,3,2,0,1,0,0,0,0,1,0
11,4,4100101.0,2018,12,11,1,3,5,2,0,0,1,0,1,0,0,0,0
11,9,9300920.0,2018,12,21,5,3,0,1,2,0,1,0,0,0,0,1,0
11,7,7200412.0,2018,12,13,1,3,1,5,0,1,1,0,0,0,1,0,0
11,1,1100309.0,2018,12,19,5,3,5,2,2,1,1,0,0,0,0,1,0
11,11,11200513.0,2018,12,5,6,3,5,3,2,1,1,0,0,0,0,1,0
11,3,3601244.0,2018,12,17,1,2,2,6,1,0,1,0,0,0,0,0,0
11,7,7100205.0,2018,12,19,5,3,5,3,2,1,1,0,0,0,0,1,0
11,12,12601133.0,2018,12,21,1,3,5,7,2,0,1,0,0,0,1,0,0
11,9,9501737.0,2018,12,10,5,3,6,7,0,1,0,1,0,0,0,0,0
11,3,3601245.0,2018,12,20,1,3,5,3,2,0,1,0,0,0,0,1,0
11,2,2300314.0,2018,12,21,2,3,0,3,2,0,1,0,0,0,1,1,0
11,1,1300834.0,2018,12,18,7,3,5,2,2,0,1,0,0,0,0,1,0
11,8,8300934.0,2018,12,9,5,3,5,7,0,0,1,0,0,0,0,0,0
11,2,2500833.0,2018,12,20,7,3,4,1,2,1,1,0,0,0,0,0,0
11,1,1100104.0,2018,12,20,7,3,2,6,2,0,1,0,0,0,0,0,0
11,1,1100313.0,2018,12,22,2,3,5,3,2,0,1,0,0,0,0,1,0
11,5,5100210.0,2018,12,20,7,3,2,6,2,0,1,0,0,0,0,0,0
11,8,8100208.0,2018,12,9,5,3,3,6,0,0,1,0,1,0,0,0,0
11,10,10200419.0,2018,12,22,7,3,5,1,2,0,1,0,0,0,1,0,0
11,5,5300736.0,2018,12,18,7,3,2,6,2,0,1,0,0,0,0,1,0
11,1,1100104.0,2018,12,9,5,2,0,1,0,1,0,0,0,0,0,0,0
11,11,11200411.0,2018,12,18,5,3,5,3,2,0,1,0,0,0,0,1,0
11,4,4500939.0,2018,12,16,7,3,2,2,1,0,1,0,0,0,0,0,0
11,1,1100207.0,2018,12,9,5,3,5,3,0,0,1,0,0,0,0,0,0
11,3,3400827.0,2018,12,17,2,3,1,5,2,1,1,0,0,0,0,0,0
11,10,10100208.0,2018,12,13,7,2,6,7,0,0,1,1,0,0,0,0,0
11,5,5100316.0,2018,12,9,5,3,2,6,0,0,1,0,0,0,0,0,0
11,1,1100206.0,2018,12,9,7,2,0,1,0,1,0,0,0,0,0,0,0
11,7,7100102.0,2018,12,14,2,3,1,5,0,0,1,0,0,0,0,0,0
11,3,3200205.0,2018,12,14,4,3,5,3,0,0,1,0,0,0,0,1,0
11,1,1100207.0,2018,12,8,5,3,0,3,0,1,0,0,1,0,0,0,0
11,2,2500835.0,2018,12,1,7,3,8,1,2,1,0,0,0,0,0,0,0
11,7,7400823.0,2018,12,14,7,3,0,1,0,0,0,0,1,0,0,1,0
11,7,7400720.0,2018,12,7,5,3,2,6,0,0,1,0,0,0,0,1,0
11,12,12500927.0,2018,12,19,4,3,8,1,2,0,1,0,0,0,0,1,0
11,7,7300517.0,2018,12,15,6,3,6,7,0,0,1,1,0,0,0,0,0
11,2,2200213.0,2018,12,7,5,2,3,6,0,0,1,0,0,0,0,0,0
11,6,6100102.0,2018,12,13,2,3,1,5,0,0,1,0,0,0,0,0,0
11,6,6400844.0,2018,12,7,5,3,2,7,1,0,1,0,0,0,0,0,0
11,8,8100415.0,2018,12,11,5,3,2,6,0,0,1,0,0,0,1,0,0
11,10,10200421.0,2018,12,17,6,3,0,4,2,0,0,1,0,0,1,0,0
11,5,5100104.0,2018,12,6,5,2,5,3,2,1,0,0,0,1,0,0,0
11,10,10100315.0,2018,12,12,2,3,2,6,0,0,1,0,0,0,0,0,0
11,4,4300413.0,2018,12,18,6,3,6,6,2,0,1,1,0,0,0,0,0
11,11,11300826.0,2018,12,6,5,3,2,6,2,0,1,0,0,0,0,0,0
11,9,9401431.0,2018,12,10,2,3,6,2,0,0,1,1,0,0,0,1,0
11,8,8100207.0,2018,12,5,5,3,5,3,2,0,1,0,0,0,0,1,0
11,7,7100102.0,2018,12,16,6,3,6,2,2,0,1,1,0,0,0,0,0
11,1,1200626.0,2018,12,17,6,3,2,6,2,0,1,0,1,0,0,0,0
11,4,4300412.0,2018,12,15,4,3,2,6,1,0,1,0,0,0,0,1,0
11,7,7200410.0,2018,12,1,5,3,2,2,2,1,0,0,0,0,0,1,0
11,10,10100312.0,2018,12,16,5,3,0,1,1,0,0,0,1,0,0,1,0
11,2,2500831.0,2018,12,17,6,2,6,4,1,0,1,1,0,0,0,0,0
11,4,4500936.0,2018,12,12,5,3,5,2,0,1,1,0,0,0,0,0,0
11,4,4501151.0,2018,12,16,5,3,0,2,1,1,1,0,0,0,0,0,0
11,12,12100103.0,2018,12,9,1,3,5,3,0,1,1,0,0,0,0,0,0
11,4,4501042.0,2018,12,16,6,3,2,2,2,0,1,0,0,0,0,0,0
11,11,11100307.0,2018,12,16,5,2,6,4,1,0,0,1,0,0,1,0,0
11,9,9100409.0,2018,12,16,6,3,2,6,2,0,1,0,0,0,0,0,0
11,7,7400720.0,2018,12,22,1,3,5,2,2,0,1,0,0,0,0,1,0
11,12,12400723.0,2018,12,17,5,3,2,6,2,0,1,0,0,0,0,1,0
11,4,4501148.0,2018,12,14,6,3,6,6,0,1,0,1,0,0,0,0,0
11,1,1200519.0,2018,12,15,5,3,5,2,0,0,1,1,0,0,0,0,0
11,11,11300619.0,2018,12,13,6,2,6,7,0,0,0,1,0,0,1,0,0
11,2,2100102.0,2018,12,21,1,3,5,2,2,0,1,0,0,0,0,1,0
11,3,3300411.0,2018,12,15,5,3,6,4,1,0,1,1,0,0,0,0,0
11,5,5300840.0,2018,12,12,6,3,8,1,0,0,1,0,0,0,0,0,0
11,4,4200311.0,2018,12,15,5,3,2,7,0,0,1,0,0,0,0,0,0
11,12,12400618.0,2018,12,14,5,3,5,2,0,0,1,0,1,0,0,1,0
11,1,1401046.0,2018,12,11,6,3,5,2,0,1,0,0,0,0,1,0,0
11,1,1100205.0,2018,12,13,5,3,5,3,0,1,1,0,0,0,0,1,0
11,4,4300624.0,2018,12,13,5,3,5,3,0,1,1,0,0,0,0,0,0
11,5,5100316.0,2018,12,21,1,3,6,2,2,0,1,1,0,0,0,1,0
11,8,8200623.0,2018,12,11,6,2,5,2,0,1,1,0,0,0,0,0,0
11,3,3400725.0,2018,12,13,5,3,2,6,0,0,1,0,0,0,1,0,0
11,10,10400837.0,2018,12,11,6,2,5,3,0,1,1,0,0,0,0,0,0
11,3,3701660.0,2018,12,8,6,3,6,7,0,1,0,1,0,0,0,0,0
11,6,6100103.0,2018,12,13,5,3,5,3,0,0,1,0,0,0,0,0,0
11,5,5200629.0,2018,12,7,6,3,6,2,2,0,1,1,0,0,0,1,0
11,4,4400728.0,2018,12,9,6,3,2,6,0,0,1,0,0,0,0,0,0
11,10,10200524.0,2018,12,10,5,3,5,3,0,1,1,0,0,0,0,0,0
11,3,3300412.0,2018,12,9,6,3,5,3,0,1,1,0,0,0,0,0,0
11,9,9200715.0,2018,12,15,5,3,6,2,2,0,1,1,0,0,0,0,0
11,1,1200628.0,2018,12,9,6,3,5,2,0,1,1,0,0,0,0,0,0
11,3,3701554.0,2018,12,18,5,3,1,5,2,1,1,0,0,0,0,1,0
11,1,1100310.0,2018,12,18,5,3,5,2,2,1,1,0,0,0,0,0,0
11,2,2400623.0,2018,12,7,6,3,5,2,2,1,1,0,0,0,0,0,0
11,4,4501045.0,2018,12,20,1,2,6,4,2,0,1,1,0,0,0,1,0
11,5,5300841.0,2018,12,15,5,3,5,3,0,0,1,0,0,0,0,0,0
11,11,11501339.0,2018,12,17,5,3,5,3,2,1,1,0,0,0,0,0,0
11,3,3501038.0,2018,12,7,5,3,0,3,2,1,1,0,0,0,0,0,0
11,2,2500834.0,2018,12,21,5,3,6,2,2,0,0,1,0,0,1,0,0
11,7,7400721.0,2018,12,17,4,3,2,2,1,0,1,0,0,0,0,1,0
11,10,10100311.0,2018,12,17,5,2,6,4,2,0,0,1,0,0,1,1,0
11,4,4200308.0,2018,12,15,5,3,1,6,2,0,1,0,0,1,0,1,0
11,3,3601449.0,2018,12,20,5,2,6,7,2,0,1,1,0,0,0,1,0
11,3,3200310.0,2018,12,17,5,3,5,3,2,0,1,0,0,0,0,1,0
11,8,8300934.0,2018,12,19,1,3,5,3,2,0,1,0,0,0,0,1,0
11,9,9200511.0,2018,12,20,5,3,6,7,2,0,1,1,0,0,0,1,0
11,9,9200512.0,2018,12,17,5,2,8,1,2,0,0,0,1,0,0,0,0
11,3,3701555.0,2018,12,19,5,3,6,7,2,0,1,1,0,0,0,1,0
11,9,9200715.0,2018,12,18,1,3,5,3,2,0,1,0,0,0,0,1,0
11,1,1400938.0,2018,12,17,5,3,6,2,2,0,1,1,0,0,0,0,0
11,5,5100316.0,2018,12,19,5,2,6,2,2,0,1,1,0,0,0,1,0
11,1,1100312.0,2018,12,19,5,3,2,6,2,0,1,0,0,0,0,1,0
11,1,1401043.0,2018,12,16,5,3,6,2,2,0,0,1,0,0,1,1,0
11,11,11300721.0,2018,12,18,5,3,2,6,2,0,1,0,0,0,1,1,0
11,11,11300620.0,2018,12,18,5,3,2,6,2,0,1,0,0,0,0,1,0
11,2,2100102.0,2018,12,7,4,3,5,2,1,1,1,0,0,0,0,0,0
11,2,2400521.0,2018,12,18,5,3,5,3,2,1,1,0,0,0,0,0,0
11,1,1300834.0,2018,12,5,5,3,5,2,2,1,1,0,0,0,0,0,0
11,9,9401329.0,2018,12,9,4,3,5,3,0,0,1,0,0,0,0,1,0
11,10,10400835.0,2018,12,22,4,3,0,1,2,0,0,0,1,0,0,1,0
11,9,9200715.0,2018,12,6,5,3,5,3,1,1,1,0,0,0,0,0,0
11,4,4500936.0,2018,12,20,4,2,6,4,2,1,0,1,0,0,0,0,0
11,9,9502043.0,2018,12,6,5,3,5,2,1,1,1,0,0,0,0,0,0
11,6,6100103.0,2018,12,16,4,3,6,2,1,0,1,1,0,0,0,1,0
11,8,8401243.0,2018,12,8,5,3,2,6,0,0,1,0,0,0,0,0,0
11,8,8100208.0,2018,12,15,4,3,5,3,0,0,1,0,0,0,0,1,0
11,1,1200628.0,2018,12,8,5,3,0,2,1,0,1,0,0,0,1,0,0
11,4,4200311.0,2018,12,9,4,3,2,6,0,1,1,0,0,0,0,1,0
11,6,6400841.0,2018,12,11,4,3,5,3,0,1,1,0,0,0,0,0,0
11,5,5100211.0,2018,12,9,5,3,5,3,0,1,1,0,0,0,0,1,0
11,4,4501042.0,2018,12,11,4,3,6,4,0,0,1,1,0,0,0,0,0
11,5,5400944.0,2018,12,11,5,3,2,6,0,0,1,0,0,0,0,0,0
11,1,1401049.0,2018,12,12,4,3,5,2,0,1,0,0,0,0,1,0,0
11,7,7100205.0,2018,12,16,4,3,6,2,2,0,1,1,0,0,0,1,0
11,4,4400726.0,2018,12,12,4,3,6,4,0,0,1,1,0,0,0,0,0
11,1,1100205.0,2018,12,13,5,2,6,4,0,0,1,1,0,0,0,0,0
11,1,1100207.0,2018,12,13,4,3,6,4,0,0,1,1,0,0,0,0,0
11,4,4200308.0,2018,12,0,4,3,2,6,2,0,1,0,0,0,0,0,0
11,2,2100103.0,2018,12,13,5,3,3,6,0,0,1,0,0,0,0,0,0
11,2,2200209.0,2018,12,9,4,3,5,2,0,1,1,0,0,0,0,0,0
11,12,12500930.0,2018,12,14,5,3,6,4,0,0,0,1,1,0,0,1,0
11,4,4200310.0,2018,12,13,4,2,2,6,0,0,1,0,0,0,0,0,0
11,2,2200209.0,2018,12,12,5,3,0,7,0,1,1,0,0,0,0,0,0
11,12,12601031.0,2018,12,14,4,3,5,3,0,1,1,0,0,0,0,1,0
11,11,11100204.0,2018,12,6,4,3,0,1,2,0,0,0,1,0,0,2,0
11,5,5400943.0,2018,12,15,5,3,6,2,0,0,1,1,0,0,0,1,0
11,10,10200629.0,2018,12,9,4,2,0,1,0,1,0,0,0,0,0,2,0
11,6,6200313.0,2018,12,15,4,3,1,5,0,0,1,0,1,0,0,1,0
11,8,8100313.0,2018,12,15,4,3,5,2,1,0,1,0,0,0,0,1,0
11,5,5100314.0,2018,12,15,5,3,6,4,1,0,1,1,0,0,0,0,0
11,6,6100210.0,2018,12,8,4,2,0,1,0,1,0,0,0,0,0,2,0
11,4,4300518.0,2018,12,15,5,3,1,5,0,1,1,0,0,0,0,1,0
11,7,7200412.0,2018,12,6,4,2,0,1,2,0,0,0,1,0,0,2,0
11,6,6100210.0,2018,12,16,5,2,3,6,1,0,1,0,1,0,0,1,0
11,8,8100102.0,2018,12,5,4,3,9,1,2,0,1,0,0,0,0,2,0
11,4,4300622.0,2018,12,17,5,2,2,1,1,0,1,0,0,0,0,1,0
11,3,3400830.0,2018,12,13,4,2,6,4,0,0,1,1,0,0,0,1,0
11,7,7400825.0,2018,12,2,6,3,1,1,2,0,1,0,0,0,0,1,0
11,8,8100417.0,2018,12,17,5,3,5,3,1,0,1,0,0,0,1,0,0
11,5,5100105.0,2018,12,16,4,3,5,2,1,1,1,0,0,0,0,1,0
11,1,1100309.0,2018,12,21,4,3,1,5,2,0,1,0,0,0,0,0,0
11,3,3300412.0,2018,12,9,4,3,5,3,0,0,1,0,0,0,0,0,0
11,5,5100105.0,2018,12,20,4,3,0,1,2,0,0,0,1,0,0,1,0
11,1,1100102.0,2018,12,18,4,3,5,3,2,1,1,0,0,0,0,1,0
11,9,9200613.0,2018,12,18,4,3,5,3,2,1,1,0,0,0,0,0,0
11,6,6400841.0,2018,12,12,5,3,5,2,0,1,1,0,0,0,0,1,0
11,9,9200715.0,2018,12,18,2,3,2,2,2,0,1,0,0,0,0,1,0
11,8,8100102.0,2018,12,18,2,2,5,3,2,1,1,0,0,0,0,1,0
11,8,8100521.0,2018,12,23,2,3,5,3,2,0,1,0,0,0,0,1,0
11,1,1300733.0,2018,12,22,2,3,2,6,2,0,1,0,0,0,0,0,0
11,2,2100101.0,2018,12,20,2,3,2,3,2,0,1,0,0,0,0,1,0
11,3,3601347.0,2018,12,19,2,3,5,3,2,0,1,0,0,0,0,1,0
11,1,1401049.0,2018,12,18,2,3,0,6,2,0,1,0,1,0,0,1,0
11,1,1300733.0,2018,12,14,2,3,6,4,0,1,1,1,0,0,0,0,0
11,5,5200630.0,2018,12,14,2,3,2,6,0,0,1,0,0,0,0,0,0
11,6,6100101.0,2018,12,14,2,2,0,1,0,1,0,0,0,0,0,0,0
11,6,6400844.0,2018,12,13,2,3,5,3,0,1,1,0,0,0,0,0,0
11,3,3300516.0,2018,12,13,2,3,5,2,0,1,1,0,0,0,0,0,0
11,7,7400927.0,2018,12,12,2,2,5,3,0,0,1,0,0,0,0,0,0
11,5,5100211.0,2018,12,12,2,3,6,2,0,0,1,1,0,0,0,0,0
11,1,1401047.0,2018,12,11,2,3,3,6,0,1,1,0,0,0,0,0,0
11,4,1200522.0,2018,12,11,2,3,2,6,0,0,1,0,0,0,0,0,0
11,9,9501736.0,2018,12,16,1,3,5,3,1,0,1,0,0,0,1,0,0
11,12,12601031.0,2018,12,23,1,2,6,2,2,0,1,1,0,0,0,0,0
11,1,1300730.0,2018,12,22,1,3,5,3,2,0,1,0,0,0,0,0,0
11,2,2500833.0,2018,12,1,1,3,0,1,2,1,0,0,0,0,0,1,0
11,2,2100105.0,2018,12,1,7,3,5,2,2,1,1,0,0,0,0,0,0
11,12,12400618.0,2018,12,0,7,3,2,6,2,0,1,0,0,0,0,0,0
11,9,9200512.0,2018,12,15,7,3,5,7,0,0,1,0,0,0,0,1,0
11,6,6100101.0,2018,12,11,7,3,8,1,0,0,1,0,0,0,0,1,0
11,9,9501838.0,2018,12,10,7,3,8,7,0,0,1,0,0,0,0,1,0
11,10,10100311.0,2018,12,23,7,2,6,6,2,0,1,1,0,0,0,1,0
11,7,7100102.0,2018,12,23,7,3,6,2,2,0,1,1,0,0,0,1,0
11,8,8200832.0,2018,12,21,7,3,6,4,2,0,1,1,0,0,0,1,0
11,11,11200411.0,2018,12,21,7,3,6,4,2,0,1,1,0,0,0,1,0
11,11,11501238.0,2018,12,20,7,2,1,7,2,1,0,0,0,0,0,1,0
11,1,1300836.0,2018,12,20,7,3,2,6,2,0,1,0,0,0,0,1,0
11,1,1300836.0,2018,12,20,7,2,6,4,2,0,1,1,0,0,0,1,0
11,8,8100207.0,2018,12,19,7,2,5,3,2,1,1,0,0,0,0,0,0
11,11,11400930.0,2018,12,10,7,2,0,1,0,1,0,0,0,0,0,1,0
11,4,4300620.0,2018,12,10,7,3,5,7,0,1,1,0,0,0,0,1,0
11,1,1300733.0,2018,12,2,7,1,8,1,2,0,1,1,0,0,0,1,0
11,10,10200421.0,2018,12,17,6,3,6,2,2,0,1,1,0,0,0,1,0
11,11,11200512.0,2018,12,14,6,2,5,2,1,0,1,0,0,0,0,0,0
11,1,1401046.0,2018,12,14,6,3,2,4,0,0,1,1,0,0,0,1,0
11,6,6300525.0,2018,12,13,6,3,5,3,0,0,1,0,0,0,0,0,0
11,1,1100206.0,2018,12,12,6,3,3,6,0,0,1,0,0,0,0,1,0
11,8,8100102.0,2018,12,12,6,3,5,3,0,0,1,0,0,0,0,1,0
11,2,2100102.0,2018,12,10,6,3,5,3,0,0,1,0,0,0,0,1,0
11,11,11100308.0,2018,12,10,6,3,9,7,0,0,1,0,0,0,0,1,0
11,4,4200310.0,2018,12,10,6,3,5,3,0,0,1,0,0,0,0,0,0
11,3,3501037.0,2018,12,10,6,3,5,7,0,1,1,0,0,0,0,1,0
11,2,2500726.0,2018,12,9,6,3,2,6,0,0,1,0,0,0,0,1,0
11,11,11300618.0,2018,12,9,6,2,0,7,1,1,0,0,0,0,0,1,0
11,7,7400927.0,2018,12,7,6,3,5,3,1,0,1,0,0,0,0,1,0